{
  "asset_key": "1-DKK",
  "date_range": {
    "start": "2015-10-20T13:27:35.222660",
    "end": "2025-10-17T13:27:35.222660",
    "days": 429
  },
  "archive": [
    {
      "update_date": 1723582800,
      "open": 0,
      "highest": 0,
      "lowest": 0,
      "close": 5.12845,
      "close_try": 5.12845,
      "close_usd": 0,
      "volume": 0
    },
    {
      "update_date": 1723669200,
      "open": 0,
      "highest": 0,
      "lowest": 0,
      "close": 5.11219,
      "close_try": 5.11219,
      "close_usd": 0,
      "volume": 0
    },
    {
      "update_date": 1723755600,
      "open": 0,
      "highest": 0,
      "lowest": 0,
      "close": 5.14624,
      "close_try": 5.14624,
      "close_usd": 0,
      "volume": 0
    },
    {
      "update_date": 1723842000,
      "open": 0,
      "highest": 0,
      "lowest": 0,
      "close": 5.15169,
      "close_try": 5.15169,
      "close_usd": 0,
      "volume": 0
    },
    {
      "update_date": 1723928400,
      "open": 0,
      "highest": 0,
      "lowest": 0,
      "close": 5.15169,
      "close_try": 5.15169,
      "close_usd": 0,
      "volume": 0
    },
    {
      "update_date": 1724014800,
      "open": 0,
      "highest": 0,
      "lowest": 0,
      "close": 5.1842,
      "close_try": 5.1842,
      "close_usd": 0,
      "volume": 0
    },
    {
      "update_date": 1724101200,
      "open": 0,
      "highest": 0,
      "lowest": 0,
      "close": 5.2263,
      "close_try": 5.2263,
      "close_usd": 0,
      "volume": 0
    },
    {
      "update_date": 1724187600,
      "open": 0,
      "highest": 0,
      "lowest": 0,
      "close": 5.23677,
      "close_try": 5.23677,
      "close_usd": 0,
      "volume": 0
    },
    {
      "update_date": 1724274000,
      "open": 0,
      "highest": 0,
      "lowest": 0,
      "close": 5.21999,
      "close_try": 5.21999,
      "close_usd": 0,
      "volume": 0
    },
    {
      "update_date": 1724360400,
      "open": 0,
      "highest": 0,
      "lowest": 0,
      "close": 5.2716,
      "close_try": 5.2716,
      "close_usd": 0,
      "volume": 0
    },
    {
      "update_date": 1724446800,
      "open": 0,
      "highest": 0,
      "lowest": 0,
      "close": 5.27164,
      "close_try": 5.27164,
      "close_usd": 0,
      "volume": 0
    },
    {
      "update_date": 1724533200,
      "open": 0,
      "highest": 0,
      "lowest": 0,
      "close": 5.27164,
      "close_try": 5.27164,
      "close_usd": 0,
      "volume": 0
    },
    {
      "update_date": 1724619600,
      "open": 0,
      "highest": 0,
      "lowest": 0,
      "close": 5.25591,
      "close_try": 5.25591,
      "close_usd": 0,
      "volume": 0
    },
    {
      "update_date": 1724706000,
      "open": 0,
      "highest": 0,
      "lowest": 0,
      "close": 5.27448,
      "close_try": 5.27448,
      "close_usd": 0,
      "volume": 0
    },
    {
      "update_date": 1724792400,
      "open": 0,
      "highest": 0,
      "lowest": 0,
      "close": 5.20339,
      "close_try": 5.20339,
      "close_usd": 0,
      "volume": 0
    },
    {
      "update_date": 1724878800,
      "open": 0,
      "highest": 0,
      "lowest": 0,
      "close": 5.23236,
      "close_try": 5.23236,
      "close_usd": 0,
      "volume": 0
    },
    {
      "update_date": 1724965200,
      "open": 0,
      "highest": 0,
      "lowest": 0,
      "close": 5.21849,
      "close_try": 5.21849,
      "close_usd": 0,
      "volume": 0
    },
    {
      "update_date": 1725051600,
      "open": 0,
      "highest": 0,
      "lowest": 0,
      "close": 5.21927,
      "close_try": 5.21927,
      "close_usd": 0,
      "volume": 0
    },
    {
      "update_date": 1725138000,
      "open": 0,
      "highest": 0,
      "lowest": 0,
      "close": 5.21927,
      "close_try": 5.21927,
      "close_usd": 0,
      "volume": 0
    },
    {
      "update_date": 1725224400,
      "open": 0,
      "highest": 0,
      "lowest": 0,
      "close": 5.20082,
      "close_try": 5.20082,
      "close_usd": 0,
      "volume": 0
    },
    {
      "update_date": 1725310800,
      "open": 0,
      "highest": 0,
      "lowest": 0,
      "close": 5.20432,
      "close_try": 5.20432,
      "close_usd": 0,
      "volume": 0
    },
    {
      "update_date": 1725397200,
      "open": 0,
      "highest": 0,
      "lowest": 0,
      "close": 5.22372,
      "close_try": 5.22372,
      "close_usd": 0,
      "volume": 0
    },
    {
      "update_date": 1725483600,
      "open": 0,
      "highest": 0,
      "lowest": 0,
      "close": 5.22686,
      "close_try": 5.22686,
      "close_usd": 0,
      "volume": 0
    },
    {
      "update_date": 1725570000,
      "open": 0,
      "highest": 0,
      "lowest": 0,
      "close": 5.22002,
      "close_try": 5.22002,
      "close_usd": 0,
      "volume": 0
    },
    {
      "update_date": 1725656400,
      "open": 0,
      "highest": 0,
      "lowest": 0,
      "close": 5.21989,
      "close_try": 5.21989,
      "close_usd": 0,
      "volume": 0
    },
    {
      "update_date": 1725742800,
      "open": 0,
      "highest": 0,
      "lowest": 0,
      "close": 5.21989,
      "close_try": 5.21989,
      "close_usd": 0,
      "volume": 0
    },
    {
      "update_date": 1725829200,
      "open": 0,
      "highest": 0,
      "lowest": 0,
      "close": 5.20905,
      "close_try": 5.20905,
      "close_usd": 0,
      "volume": 0
    },
    {
      "update_date": 1725915600,
      "open": 0,
      "highest": 0,
      "lowest": 0,
      "close": 5.19474,
      "close_try": 5.19474,
      "close_usd": 0,
      "volume": 0
    },
    {
      "update_date": 1726002000,
      "open": 0,
      "highest": 0,
      "lowest": 0,
      "close": 5.18695,
      "close_try": 5.18695,
      "close_usd": 0,
      "volume": 0
    },
    {
      "update_date": 1726088400,
      "open": 0,
      "highest": 0,
      "lowest": 0,
      "close": 5.20185,
      "close_try": 5.20185,
      "close_usd": 0,
      "volume": 0
    },
    {
      "update_date": 1726174800,
      "open": 0,
      "highest": 0,
      "lowest": 0,
      "close": 5.20554,
      "close_try": 5.20554,
      "close_usd": 0,
      "volume": 0
    },
    {
      "update_date": 1726261200,
      "open": 0,
      "highest": 0,
      "lowest": 0,
      "close": 5.20598,
      "close_try": 5.20598,
      "close_usd": 0,
      "volume": 0
    },
    {
      "update_date": 1726347600,
      "open": 0,
      "highest": 0,
      "lowest": 0,
      "close": 5.20598,
      "close_try": 5.20598,
      "close_usd": 0,
      "volume": 0
    },
    {
      "update_date": 1726434000,
      "open": 0,
      "highest": 0,
      "lowest": 0,
      "close": 5.24439,
      "close_try": 5.24439,
      "close_usd": 0,
      "volume": 0
    },
    {
      "update_date": 1726520400,
      "open": 0,
      "highest": 0,
      "lowest": 0,
      "close": 5.2453,
      "close_try": 5.2453,
      "close_usd": 0,
      "volume": 0
    },
    {
      "update_date": 1726606800,
      "open": 0,
      "highest": 0,
      "lowest": 0,
      "close": 5.25361,
      "close_try": 5.25361,
      "close_usd": 0,
      "volume": 0
    },
    {
      "update_date": 1726693200,
      "open": 0,
      "highest": 0,
      "lowest": 0,
      "close": 5.26547,
      "close_try": 5.26547,
      "close_usd": 0,
      "volume": 0
    },
    {
      "update_date": 1726779600,
      "open": 0,
      "highest": 0,
      "lowest": 0,
      "close": 5.28055,
      "close_try": 5.28055,
      "close_usd": 0,
      "volume": 0
    },
    {
      "update_date": 1726866000,
      "open": 0,
      "highest": 0,
      "lowest": 0,
      "close": 5.2805,
      "close_try": 5.2805,
      "close_usd": 0,
      "volume": 0
    },
    {
      "update_date": 1726952400,
      "open": 0,
      "highest": 0,
      "lowest": 0,
      "close": 5.2805,
      "close_try": 5.2805,
      "close_usd": 0,
      "volume": 0
    },
    {
      "update_date": 1727038800,
      "open": 0,
      "highest": 0,
      "lowest": 0,
      "close": 5.25845,
      "close_try": 5.25845,
      "close_usd": 0,
      "volume": 0
    },
    {
      "update_date": 1727125200,
      "open": 0,
      "highest": 0,
      "lowest": 0,
      "close": 5.2888,
      "close_try": 5.2888,
      "close_usd": 0,
      "volume": 0
    },
    {
      "update_date": 1727211600,
      "open": 0,
      "highest": 0,
      "lowest": 0,
      "close": 5.26721,
      "close_try": 5.26721,
      "close_usd": 0,
      "volume": 0
    },
    {
      "update_date": 1727298000,
      "open": 0,
      "highest": 0,
      "lowest": 0,
      "close": 5.29159,
      "close_try": 5.29159,
      "close_usd": 0,
      "volume": 0
    },
    {
      "update_date": 1727384400,
      "open": 0,
      "highest": 0,
      "lowest": 0,
      "close": 5.29191,
      "close_try": 5.29191,
      "close_usd": 0,
      "volume": 0
    },
    {
      "update_date": 1727470800,
      "open": 0,
      "highest": 0,
      "lowest": 0,
      "close": 5.29048,
      "close_try": 5.29048,
      "close_usd": 0,
      "volume": 0
    },
    {
      "update_date": 1727557200,
      "open": 0,
      "highest": 0,
      "lowest": 0,
      "close": 5.29048,
      "close_try": 5.29048,
      "close_usd": 0,
      "volume": 0
    },
    {
      "update_date": 1727643600,
      "open": 0,
      "highest": 0,
      "lowest": 0,
      "close": 5.28091,
      "close_try": 5.28091,
      "close_usd": 0,
      "volume": 0
    },
    {
      "update_date": 1727730000,
      "open": 0,
      "highest": 0,
      "lowest": 0,
      "close": 5.24575,
      "close_try": 5.24575,
      "close_usd": 0,
      "volume": 0
    },
    {
      "update_date": 1727816400,
      "open": 0,
      "highest": 0,
      "lowest": 0,
      "close": 5.23955,
      "close_try": 5.23955,
      "close_usd": 0,
      "volume": 0
    },
    {
      "update_date": 1727902800,
      "open": 0,
      "highest": 0,
      "lowest": 0,
      "close": 5.2228,
      "close_try": 5.2228,
      "close_usd": 0,
      "volume": 0
    },
    {
      "update_date": 1727989200,
      "open": 0,
      "highest": 0,
      "lowest": 0,
      "close": 5.21427,
      "close_try": 5.21427,
      "close_usd": 0,
      "volume": 0
    },
    {
      "update_date": 1728075600,
      "open": 0,
      "highest": 0,
      "lowest": 0,
      "close": 5.21446,
      "close_try": 5.21446,
      "close_usd": 0,
      "volume": 0
    },
    {
      "update_date": 1728162000,
      "open": 0,
      "highest": 0,
      "lowest": 0,
      "close": 5.21446,
      "close_try": 5.21446,
      "close_usd": 0,
      "volume": 0
    },
    {
      "update_date": 1728248400,
      "open": 0,
      "highest": 0,
      "lowest": 0,
      "close": 5.21395,
      "close_try": 5.21395,
      "close_usd": 0,
      "volume": 0
    },
    {
      "update_date": 1728334800,
      "open": 0,
      "highest": 0,
      "lowest": 0,
      "close": 5.21457,
      "close_try": 5.21457,
      "close_usd": 0,
      "volume": 0
    },
    {
      "update_date": 1728421200,
      "open": 0,
      "highest": 0,
      "lowest": 0,
      "close": 5.19019,
      "close_try": 5.19019,
      "close_usd": 0,
      "volume": 0
    },
    {
      "update_date": 1728507600,
      "open": 0,
      "highest": 0,
      "lowest": 0,
      "close": 5.17814,
      "close_try": 5.17814,
      "close_usd": 0,
      "volume": 0
    },
    {
      "update_date": 1728594000,
      "open": 0,
      "highest": 0,
      "lowest": 0,
      "close": 5.19729,
      "close_try": 5.19729,
      "close_usd": 0,
      "volume": 0
    },
    {
      "update_date": 1728680400,
      "open": 0,
      "highest": 0,
      "lowest": 0,
      "close": 5.19658,
      "close_try": 5.19658,
      "close_usd": 0,
      "volume": 0
    },
    {
      "update_date": 1728766800,
      "open": 0,
      "highest": 0,
      "lowest": 0,
      "close": 5.19658,
      "close_try": 5.19658,
      "close_usd": 0,
      "volume": 0
    },
    {
      "update_date": 1728853200,
      "open": 0,
      "highest": 0,
      "lowest": 0,
      "close": 5.17877,
      "close_try": 5.17877,
      "close_usd": 0,
      "volume": 0
    },
    {
      "update_date": 1728939600,
      "open": 0,
      "highest": 0,
      "lowest": 0,
      "close": 5.16409,
      "close_try": 5.16409,
      "close_usd": 0,
      "volume": 0
    },
    {
      "update_date": 1729026000,
      "open": 0,
      "highest": 0,
      "lowest": 0,
      "close": 5.1425,
      "close_try": 5.1425,
      "close_usd": 0,
      "volume": 0
    },
    {
      "update_date": 1729112400,
      "open": 0,
      "highest": 0,
      "lowest": 0,
      "close": 5.1243,
      "close_try": 5.1243,
      "close_usd": 0,
      "volume": 0
    },
    {
      "update_date": 1729198800,
      "open": 0,
      "highest": 0,
      "lowest": 0,
      "close": 5.15654,
      "close_try": 5.15654,
      "close_usd": 0,
      "volume": 0
    },
    {
      "update_date": 1729285200,
      "open": 0,
      "highest": 0,
      "lowest": 0,
      "close": 5.15766,
      "close_try": 5.15766,
      "close_usd": 0,
      "volume": 0
    },
    {
      "update_date": 1729371600,
      "open": 0,
      "highest": 0,
      "lowest": 0,
      "close": 5.15766,
      "close_try": 5.15766,
      "close_usd": 0,
      "volume": 0
    },
    {
      "update_date": 1729458000,
      "open": 0,
      "highest": 0,
      "lowest": 0,
      "close": 5.13242,
      "close_try": 5.13242,
      "close_usd": 0,
      "volume": 0
    },
    {
      "update_date": 1729544400,
      "open": 0,
      "highest": 0,
      "lowest": 0,
      "close": 5.126,
      "close_try": 5.126,
      "close_usd": 0,
      "volume": 0
    },
    {
      "update_date": 1729630800,
      "open": 0,
      "highest": 0,
      "lowest": 0,
      "close": 5.12269,
      "close_try": 5.12269,
      "close_usd": 0,
      "volume": 0
    },
    {
      "update_date": 1729717200,
      "open": 0,
      "highest": 0,
      "lowest": 0,
      "close": 5.13855,
      "close_try": 5.13855,
      "close_usd": 0,
      "volume": 0
    },
    {
      "update_date": 1729803600,
      "open": 0,
      "highest": 0,
      "lowest": 0,
      "close": 5.12929,
      "close_try": 5.12929,
      "close_usd": 0,
      "volume": 0
    },
    {
      "update_date": 1729890000,
      "open": 0,
      "highest": 0,
      "lowest": 0,
      "close": 5.12862,
      "close_try": 5.12862,
      "close_usd": 0,
      "volume": 0
    },
    {
      "update_date": 1729976400,
      "open": 0,
      "highest": 0,
      "lowest": 0,
      "close": 5.12862,
      "close_try": 5.12862,
      "close_usd": 0,
      "volume": 0
    },
    {
      "update_date": 1730062800,
      "open": 0,
      "highest": 0,
      "lowest": 0,
      "close": 5.13983,
      "close_try": 5.13983,
      "close_usd": 0,
      "volume": 0
    },
    {
      "update_date": 1730149200,
      "open": 0,
      "highest": 0,
      "lowest": 0,
      "close": 5.13797,
      "close_try": 5.13797,
      "close_usd": 0,
      "volume": 0
    },
    {
      "update_date": 1730235600,
      "open": 0,
      "highest": 0,
      "lowest": 0,
      "close": 5.15574,
      "close_try": 5.15574,
      "close_usd": 0,
      "volume": 0
    },
    {
      "update_date": 1730322000,
      "open": 0,
      "highest": 0,
      "lowest": 0,
      "close": 5.16689,
      "close_try": 5.16689,
      "close_usd": 0,
      "volume": 0
    },
    {
      "update_date": 1730408400,
      "open": 0,
      "highest": 0,
      "lowest": 0,
      "close": 5.15527,
      "close_try": 5.15527,
      "close_usd": 0,
      "volume": 0
    },
    {
      "update_date": 1730494800,
      "open": 0,
      "highest": 0,
      "lowest": 0,
      "close": 5.15426,
      "close_try": 5.15426,
      "close_usd": 0,
      "volume": 0
    },
    {
      "update_date": 1730581200,
      "open": 0,
      "highest": 0,
      "lowest": 0,
      "close": 5.15426,
      "close_try": 5.15426,
      "close_usd": 0,
      "volume": 0
    },
    {
      "update_date": 1730667600,
      "open": 0,
      "highest": 0,
      "lowest": 0,
      "close": 5.17646,
      "close_try": 5.17646,
      "close_usd": 0,
      "volume": 0
    },
    {
      "update_date": 1730754000,
      "open": 0,
      "highest": 0,
      "lowest": 0,
      "close": 5.19425,
      "close_try": 5.19425,
      "close_usd": 0,
      "volume": 0
    },
    {
      "update_date": 1730840400,
      "open": 0,
      "highest": 0,
      "lowest": 0,
      "close": 5.08898,
      "close_try": 5.08898,
      "close_usd": 0,
      "volume": 0
    },
    {
      "update_date": 1730926800,
      "open": 0,
      "highest": 0,
      "lowest": 0,
      "close": 5.1224,
      "close_try": 5.1224,
      "close_usd": 0,
      "volume": 0
    },
    {
      "update_date": 1731013200,
      "open": 0,
      "highest": 0,
      "lowest": 0,
      "close": 5.10603,
      "close_try": 5.10603,
      "close_usd": 0,
      "volume": 0
    },
    {
      "update_date": 1731099600,
      "open": 0,
      "highest": 0,
      "lowest": 0,
      "close": 5.107,
      "close_try": 5.107,
      "close_usd": 0,
      "volume": 0
    },
    {
      "update_date": 1731186000,
      "open": 0,
      "highest": 0,
      "lowest": 0,
      "close": 5.107,
      "close_try": 5.107,
      "close_usd": 0,
      "volume": 0
    },
    {
      "update_date": 1731272400,
      "open": 0,
      "highest": 0,
      "lowest": 0,
      "close": 5.07096,
      "close_try": 5.07096,
      "close_usd": 0,
      "volume": 0
    },
    {
      "update_date": 1731358800,
      "open": 0,
      "highest": 0,
      "lowest": 0,
      "close": 5.05764,
      "close_try": 5.05764,
      "close_usd": 0,
      "volume": 0
    },
    {
      "update_date": 1731445200,
      "open": 0,
      "highest": 0,
      "lowest": 0,
      "close": 5.02717,
      "close_try": 5.02717,
      "close_usd": 0,
      "volume": 0
    },
    {
      "update_date": 1731531600,
      "open": 0,
      "highest": 0,
      "lowest": 0,
      "close": 5.00606,
      "close_try": 5.00606,
      "close_usd": 0,
      "volume": 0
    },
    {
      "update_date": 1731618000,
      "open": 0,
      "highest": 0,
      "lowest": 0,
      "close": 5.02275,
      "close_try": 5.02275,
      "close_usd": 0,
      "volume": 0
    },
    {
      "update_date": 1731704400,
      "open": 0,
      "highest": 0,
      "lowest": 0,
      "close": 5.02275,
      "close_try": 5.02275,
      "close_usd": 0,
      "volume": 0
    },
    {
      "update_date": 1731790800,
      "open": 0,
      "highest": 0,
      "lowest": 0,
      "close": 5.02275,
      "close_try": 5.02275,
      "close_usd": 0,
      "volume": 0
    },
    {
      "update_date": 1731877200,
      "open": 0,
      "highest": 0,
      "lowest": 0,
      "close": 5.07005,
      "close_try": 5.07005,
      "close_usd": 0,
      "volume": 0
    },
    {
      "update_date": 1731963600,
      "open": 0,
      "highest": 0,
      "lowest": 0,
      "close": 5.06157,
      "close_try": 5.06157,
      "close_usd": 0,
      "volume": 0
    },
    {
      "update_date": 1732050000,
      "open": 0,
      "highest": 0,
      "lowest": 0,
      "close": 5.03217,
      "close_try": 5.03217,
      "close_usd": 0,
      "volume": 0
    },
    {
      "update_date": 1732136400,
      "open": 0,
      "highest": 0,
      "lowest": 0,
      "close": 5.00821,
      "close_try": 5.00821,
      "close_usd": 0,
      "volume": 0
    },
    {
      "update_date": 1732222800,
      "open": 0,
      "highest": 0,
      "lowest": 0,
      "close": 4.98459,
      "close_try": 4.98459,
      "close_usd": 0,
      "volume": 0
    },
    {
      "update_date": 1732309200,
      "open": 0,
      "highest": 0,
      "lowest": 0,
      "close": 4.98522,
      "close_try": 4.98522,
      "close_usd": 0,
      "volume": 0
    },
    {
      "update_date": 1732395600,
      "open": 0,
      "highest": 0,
      "lowest": 0,
      "close": 4.98522,
      "close_try": 4.98522,
      "close_usd": 0,
      "volume": 0
    },
    {
      "update_date": 1732482000,
      "open": 0,
      "highest": 0,
      "lowest": 0,
      "close": 5.026,
      "close_try": 5.026,
      "close_usd": 0,
      "volume": 0
    },
    {
      "update_date": 1732568400,
      "open": 0,
      "highest": 0,
      "lowest": 0,
      "close": 5.0301,
      "close_try": 5.0301,
      "close_usd": 0,
      "volume": 0
    },
    {
      "update_date": 1732654800,
      "open": 0,
      "highest": 0,
      "lowest": 0,
      "close": 5.0699,
      "close_try": 5.0699,
      "close_usd": 0,
      "volume": 0
    },
    {
      "update_date": 1732741200,
      "open": 0,
      "highest": 0,
      "lowest": 0,
      "close": 5.05974,
      "close_try": 5.05974,
      "close_usd": 0,
      "volume": 0
    },
    {
      "update_date": 1732827600,
      "open": 0,
      "highest": 0,
      "lowest": 0,
      "close": 5.08559,
      "close_try": 5.08559,
      "close_usd": 0,
      "volume": 0
    },
    {
      "update_date": 1732914000,
      "open": 0,
      "highest": 0,
      "lowest": 0,
      "close": 5.08565,
      "close_try": 5.08565,
      "close_usd": 0,
      "volume": 0
    },
    {
      "update_date": 1733000400,
      "open": 0,
      "highest": 0,
      "lowest": 0,
      "close": 5.08565,
      "close_try": 5.08565,
      "close_usd": 0,
      "volume": 0
    },
    {
      "update_date": 1733086800,
      "open": 0,
      "highest": 0,
      "lowest": 0,
      "close": 5.04907,
      "close_try": 5.04907,
      "close_usd": 0,
      "volume": 0
    },
    {
      "update_date": 1733173200,
      "open": 0,
      "highest": 0,
      "lowest": 0,
      "close": 5.0572,
      "close_try": 5.0572,
      "close_usd": 0,
      "volume": 0
    },
    {
      "update_date": 1733259600,
      "open": 0,
      "highest": 0,
      "lowest": 0,
      "close": 5.05864,
      "close_try": 5.05864,
      "close_usd": 0,
      "volume": 0
    },
    {
      "update_date": 1733346000,
      "open": 0,
      "highest": 0,
      "lowest": 0,
      "close": 5.0847,
      "close_try": 5.0847,
      "close_usd": 0,
      "volume": 0
    },
    {
      "update_date": 1733432400,
      "open": 0,
      "highest": 0,
      "lowest": 0,
      "close": 5.08819,
      "close_try": 5.08819,
      "close_usd": 0,
      "volume": 0
    },
    {
      "update_date": 1733518800,
      "open": 0,
      "highest": 0,
      "lowest": 0,
      "close": 5.08943,
      "close_try": 5.08943,
      "close_usd": 0,
      "volume": 0
    },
    {
      "update_date": 1733605200,
      "open": 0,
      "highest": 0,
      "lowest": 0,
      "close": 5.08943,
      "close_try": 5.08943,
      "close_usd": 0,
      "volume": 0
    },
    {
      "update_date": 1733691600,
      "open": 0,
      "highest": 0,
      "lowest": 0,
      "close": 5.08871,
      "close_try": 5.08871,
      "close_usd": 0,
      "volume": 0
    },
    {
      "update_date": 1733778000,
      "open": 0,
      "highest": 0,
      "lowest": 0,
      "close": 5.08047,
      "close_try": 5.08047,
      "close_usd": 0,
      "volume": 0
    },
    {
      "update_date": 1733864400,
      "open": 0,
      "highest": 0,
      "lowest": 0,
      "close": 5.06626,
      "close_try": 5.06626,
      "close_usd": 0,
      "volume": 0
    },
    {
      "update_date": 1733950800,
      "open": 0,
      "highest": 0,
      "lowest": 0,
      "close": 5.05853,
      "close_try": 5.05853,
      "close_usd": 0,
      "volume": 0
    },
    {
      "update_date": 1734037200,
      "open": 0,
      "highest": 0,
      "lowest": 0,
      "close": 5.08125,
      "close_try": 5.08125,
      "close_usd": 0,
      "volume": 0
    },
    {
      "update_date": 1734123600,
      "open": 0,
      "highest": 0,
      "lowest": 0,
      "close": 5.0813,
      "close_try": 5.0813,
      "close_usd": 0,
      "volume": 0
    },
    {
      "update_date": 1734210000,
      "open": 0,
      "highest": 0,
      "lowest": 0,
      "close": 5.0813,
      "close_try": 5.0813,
      "close_usd": 0,
      "volume": 0
    },
    {
      "update_date": 1734296400,
      "open": 0,
      "highest": 0,
      "lowest": 0,
      "close": 5.08393,
      "close_try": 5.08393,
      "close_usd": 0,
      "volume": 0
    },
    {
      "update_date": 1734382800,
      "open": 0,
      "highest": 0,
      "lowest": 0,
      "close": 5.08076,
      "close_try": 5.08076,
      "close_usd": 0,
      "volume": 0
    },
    {
      "update_date": 1734469200,
      "open": 0,
      "highest": 0,
      "lowest": 0,
      "close": 5.0277,
      "close_try": 5.0277,
      "close_usd": 0,
      "volume": 0
    },
    {
      "update_date": 1734555600,
      "open": 0,
      "highest": 0,
      "lowest": 0,
      "close": 5.03734,
      "close_try": 5.03734,
      "close_usd": 0,
      "volume": 0
    },
    {
      "update_date": 1734642000,
      "open": 0,
      "highest": 0,
      "lowest": 0,
      "close": 5.084,
      "close_try": 5.084,
      "close_usd": 0,
      "volume": 0
    },
    {
      "update_date": 1734728400,
      "open": 0,
      "highest": 0,
      "lowest": 0,
      "close": 5.08275,
      "close_try": 5.08275,
      "close_usd": 0,
      "volume": 0
    },
    {
      "update_date": 1734814800,
      "open": 0,
      "highest": 0,
      "lowest": 0,
      "close": 5.08275,
      "close_try": 5.08275,
      "close_usd": 0,
      "volume": 0
    },
    {
      "update_date": 1734901200,
      "open": 0,
      "highest": 0,
      "lowest": 0,
      "close": 5.0626,
      "close_try": 5.0626,
      "close_usd": 0,
      "volume": 0
    },
    {
      "update_date": 1734987600,
      "open": 0,
      "highest": 0,
      "lowest": 0,
      "close": 5.0662,
      "close_try": 5.0662,
      "close_usd": 0,
      "volume": 0
    },
    {
      "update_date": 1735074000,
      "open": 0,
      "highest": 0,
      "lowest": 0,
      "close": 5.07692,
      "close_try": 5.07692,
      "close_usd": 0,
      "volume": 0
    },
    {
      "update_date": 1735160400,
      "open": 0,
      "highest": 0,
      "lowest": 0,
      "close": 5.07205,
      "close_try": 5.07205,
      "close_usd": 0,
      "volume": 0
    },
    {
      "update_date": 1735246800,
      "open": 0,
      "highest": 0,
      "lowest": 0,
      "close": 5.07884,
      "close_try": 5.07884,
      "close_usd": 0,
      "volume": 0
    },
    {
      "update_date": 1735333200,
      "open": 0,
      "highest": 0,
      "lowest": 0,
      "close": 5.07797,
      "close_try": 5.07797,
      "close_usd": 0,
      "volume": 0
    },
    {
      "update_date": 1735419600,
      "open": 0,
      "highest": 0,
      "lowest": 0,
      "close": 5.07797,
      "close_try": 5.07797,
      "close_usd": 0,
      "volume": 0
    },
    {
      "update_date": 1735506000,
      "open": 0,
      "highest": 0,
      "lowest": 0,
      "close": 5.08764,
      "close_try": 5.08764,
      "close_usd": 0,
      "volume": 0
    },
    {
      "update_date": 1735592400,
      "open": 0,
      "highest": 0,
      "lowest": 0,
      "close": 5.0805,
      "close_try": 5.0805,
      "close_usd": 0,
      "volume": 0
    },
    {
      "update_date": 1735678800,
      "open": 0,
      "highest": 0,
      "lowest": 0,
      "close": 5.0805,
      "close_try": 5.0805,
      "close_usd": 0,
      "volume": 0
    },
    {
      "update_date": 1735765200,
      "open": 0,
      "highest": 0,
      "lowest": 0,
      "close": 5.01955,
      "close_try": 5.01955,
      "close_usd": 0,
      "volume": 0
    },
    {
      "update_date": 1735851600,
      "open": 0,
      "highest": 0,
      "lowest": 0,
      "close": 5.04527,
      "close_try": 5.04527,
      "close_usd": 0,
      "volume": 0
    },
    {
      "update_date": 1735938000,
      "open": 0,
      "highest": 0,
      "lowest": 0,
      "close": 5.04764,
      "close_try": 5.04764,
      "close_usd": 0,
      "volume": 0
    },
    {
      "update_date": 1736024400,
      "open": 0,
      "highest": 0,
      "lowest": 0,
      "close": 5.04764,
      "close_try": 5.04764,
      "close_usd": 0,
      "volume": 0
    },
    {
      "update_date": 1736110800,
      "open": 0,
      "highest": 0,
      "lowest": 0,
      "close": 5.07716,
      "close_try": 5.07716,
      "close_usd": 0,
      "volume": 0
    },
    {
      "update_date": 1736197200,
      "open": 0,
      "highest": 0,
      "lowest": 0,
      "close": 5.06061,
      "close_try": 5.06061,
      "close_usd": 0,
      "volume": 0
    },
    {
      "update_date": 1736283600,
      "open": 0,
      "highest": 0,
      "lowest": 0,
      "close": 5.04525,
      "close_try": 5.04525,
      "close_usd": 0,
      "volume": 0
    },
    {
      "update_date": 1736370000,
      "open": 0,
      "highest": 0,
      "lowest": 0,
      "close": 5.03722,
      "close_try": 5.03722,
      "close_usd": 0,
      "volume": 0
    },
    {
      "update_date": 1736456400,
      "open": 0,
      "highest": 0,
      "lowest": 0,
      "close": 5.02242,
      "close_try": 5.02242,
      "close_usd": 0,
      "volume": 0
    },
    {
      "update_date": 1736542800,
      "open": 0,
      "highest": 0,
      "lowest": 0,
      "close": 5.02242,
      "close_try": 5.02242,
      "close_usd": 0,
      "volume": 0
    },
    {
      "update_date": 1736629200,
      "open": 0,
      "highest": 0,
      "lowest": 0,
      "close": 5.02242,
      "close_try": 5.02242,
      "close_usd": 0,
      "volume": 0
    },
    {
      "update_date": 1736715600,
      "open": 0,
      "highest": 0,
      "lowest": 0,
      "close": 5.01768,
      "close_try": 5.01768,
      "close_usd": 0,
      "volume": 0
    },
    {
      "update_date": 1736802000,
      "open": 0,
      "highest": 0,
      "lowest": 0,
      "close": 5.0576,
      "close_try": 5.0576,
      "close_usd": 0,
      "volume": 0
    },
    {
      "update_date": 1736888400,
      "open": 0,
      "highest": 0,
      "lowest": 0,
      "close": 5.05232,
      "close_try": 5.05232,
      "close_usd": 0,
      "volume": 0
    },
    {
      "update_date": 1736974800,
      "open": 0,
      "highest": 0,
      "lowest": 0,
      "close": 5.05002,
      "close_try": 5.05002,
      "close_usd": 0,
      "volume": 0
    },
    {
      "update_date": 1737061200,
      "open": 0,
      "highest": 0,
      "lowest": 0,
      "close": 5.04813,
      "close_try": 5.04813,
      "close_usd": 0,
      "volume": 0
    },
    {
      "update_date": 1737147600,
      "open": 0,
      "highest": 0,
      "lowest": 0,
      "close": 5.04681,
      "close_try": 5.04681,
      "close_usd": 0,
      "volume": 0
    },
    {
      "update_date": 1737234000,
      "open": 0,
      "highest": 0,
      "lowest": 0,
      "close": 5.04681,
      "close_try": 5.04681,
      "close_usd": 0,
      "volume": 0
    },
    {
      "update_date": 1737320400,
      "open": 0,
      "highest": 0,
      "lowest": 0,
      "close": 5.12644,
      "close_try": 5.12644,
      "close_usd": 0,
      "volume": 0
    },
    {
      "update_date": 1737406800,
      "open": 0,
      "highest": 0,
      "lowest": 0,
      "close": 5.13379,
      "close_try": 5.13379,
      "close_usd": 0,
      "volume": 0
    },
    {
      "update_date": 1737493200,
      "open": 0,
      "highest": 0,
      "lowest": 0,
      "close": 5.13574,
      "close_try": 5.13574,
      "close_usd": 0,
      "volume": 0
    },
    {
      "update_date": 1737579600,
      "open": 0,
      "highest": 0,
      "lowest": 0,
      "close": 5.13612,
      "close_try": 5.13612,
      "close_usd": 0,
      "volume": 0
    },
    {
      "update_date": 1737666000,
      "open": 0,
      "highest": 0,
      "lowest": 0,
      "close": 5.1777,
      "close_try": 5.1777,
      "close_usd": 0,
      "volume": 0
    },
    {
      "update_date": 1737752400,
      "open": 0,
      "highest": 0,
      "lowest": 0,
      "close": 5.17945,
      "close_try": 5.17945,
      "close_usd": 0,
      "volume": 0
    },
    {
      "update_date": 1737838800,
      "open": 0,
      "highest": 0,
      "lowest": 0,
      "close": 5.17945,
      "close_try": 5.17945,
      "close_usd": 0,
      "volume": 0
    },
    {
      "update_date": 1737925200,
      "open": 0,
      "highest": 0,
      "lowest": 0,
      "close": 5.18633,
      "close_try": 5.18633,
      "close_usd": 0,
      "volume": 0
    },
    {
      "update_date": 1738011600,
      "open": 0,
      "highest": 0,
      "lowest": 0,
      "close": 5.15571,
      "close_try": 5.15571,
      "close_usd": 0,
      "volume": 0
    },
    {
      "update_date": 1738098000,
      "open": 0,
      "highest": 0,
      "lowest": 0,
      "close": 5.15444,
      "close_try": 5.15444,
      "close_usd": 0,
      "volume": 0
    },
    {
      "update_date": 1738184400,
      "open": 0,
      "highest": 0,
      "lowest": 0,
      "close": 5.14712,
      "close_try": 5.14712,
      "close_usd": 0,
      "volume": 0
    },
    {
      "update_date": 1738270800,
      "open": 0,
      "highest": 0,
      "lowest": 0,
      "close": 5.14232,
      "close_try": 5.14232,
      "close_usd": 0,
      "volume": 0
    },
    {
      "update_date": 1738357200,
      "open": 0,
      "highest": 0,
      "lowest": 0,
      "close": 5.14377,
      "close_try": 5.14377,
      "close_usd": 0,
      "volume": 0
    },
    {
      "update_date": 1738443600,
      "open": 0,
      "highest": 0,
      "lowest": 0,
      "close": 5.14377,
      "close_try": 5.14377,
      "close_usd": 0,
      "volume": 0
    },
    {
      "update_date": 1738530000,
      "open": 0,
      "highest": 0,
      "lowest": 0,
      "close": 5.11958,
      "close_try": 5.11958,
      "close_usd": 0,
      "volume": 0
    },
    {
      "update_date": 1738616400,
      "open": 0,
      "highest": 0,
      "lowest": 0,
      "close": 5.16297,
      "close_try": 5.16297,
      "close_usd": 0,
      "volume": 0
    },
    {
      "update_date": 1738702800,
      "open": 0,
      "highest": 0,
      "lowest": 0,
      "close": 5.16827,
      "close_try": 5.16827,
      "close_usd": 0,
      "volume": 0
    },
    {
      "update_date": 1738789200,
      "open": 0,
      "highest": 0,
      "lowest": 0,
      "close": 5.15561,
      "close_try": 5.15561,
      "close_usd": 0,
      "volume": 0
    },
    {
      "update_date": 1738875600,
      "open": 0,
      "highest": 0,
      "lowest": 0,
      "close": 5.13943,
      "close_try": 5.13943,
      "close_usd": 0,
      "volume": 0
    },
    {
      "update_date": 1738962000,
      "open": 0,
      "highest": 0,
      "lowest": 0,
      "close": 5.13898,
      "close_try": 5.13898,
      "close_usd": 0,
      "volume": 0
    },
    {
      "update_date": 1739048400,
      "open": 0,
      "highest": 0,
      "lowest": 0,
      "close": 5.13898,
      "close_try": 5.13898,
      "close_usd": 0,
      "volume": 0
    },
    {
      "update_date": 1739134800,
      "open": 0,
      "highest": 0,
      "lowest": 0,
      "close": 5.13323,
      "close_try": 5.13323,
      "close_usd": 0,
      "volume": 0
    },
    {
      "update_date": 1739221200,
      "open": 0,
      "highest": 0,
      "lowest": 0,
      "close": 5.16956,
      "close_try": 5.16956,
      "close_usd": 0,
      "volume": 0
    },
    {
      "update_date": 1739307600,
      "open": 0,
      "highest": 0,
      "lowest": 0,
      "close": 5.18978,
      "close_try": 5.18978,
      "close_usd": 0,
      "volume": 0
    },
    {
      "update_date": 1739480400,
      "open": 0,
      "highest": 0,
      "lowest": 0,
      "close": 5.25717,
      "close_try": 5.25717,
      "close_usd": 0,
      "volume": 0
    },
    {
      "update_date": 1739566800,
      "open": 0,
      "highest": 0,
      "lowest": 0,
      "close": 5.25592,
      "close_try": 5.25592,
      "close_usd": 0,
      "volume": 0
    },
    {
      "update_date": 1739653200,
      "open": 0,
      "highest": 0,
      "lowest": 0,
      "close": 5.25592,
      "close_try": 5.25592,
      "close_usd": 0,
      "volume": 0
    },
    {
      "update_date": 1739739600,
      "open": 0,
      "highest": 0,
      "lowest": 0,
      "close": 5.25457,
      "close_try": 5.25457,
      "close_usd": 0,
      "volume": 0
    },
    {
      "update_date": 1739826000,
      "open": 0,
      "highest": 0,
      "lowest": 0,
      "close": 5.24138,
      "close_try": 5.24138,
      "close_usd": 0,
      "volume": 0
    },
    {
      "update_date": 1739912400,
      "open": 0,
      "highest": 0,
      "lowest": 0,
      "close": 5.23363,
      "close_try": 5.23363,
      "close_usd": 0,
      "volume": 0
    },
    {
      "update_date": 1739998800,
      "open": 0,
      "highest": 0,
      "lowest": 0,
      "close": 5.27199,
      "close_try": 5.27199,
      "close_usd": 0,
      "volume": 0
    },
    {
      "update_date": 1740085200,
      "open": 0,
      "highest": 0,
      "lowest": 0,
      "close": 5.27254,
      "close_try": 5.27254,
      "close_usd": 0,
      "volume": 0
    },
    {
      "update_date": 1740171600,
      "open": 0,
      "highest": 0,
      "lowest": 0,
      "close": 5.27148,
      "close_try": 5.27148,
      "close_usd": 0,
      "volume": 0
    },
    {
      "update_date": 1740258000,
      "open": 0,
      "highest": 0,
      "lowest": 0,
      "close": 5.27148,
      "close_try": 5.27148,
      "close_usd": 0,
      "volume": 0
    },
    {
      "update_date": 1740344400,
      "open": 0,
      "highest": 0,
      "lowest": 0,
      "close": 5.27309,
      "close_try": 5.27309,
      "close_usd": 0,
      "volume": 0
    },
    {
      "update_date": 1740430800,
      "open": 0,
      "highest": 0,
      "lowest": 0,
      "close": 5.30061,
      "close_try": 5.30061,
      "close_usd": 0,
      "volume": 0
    },
    {
      "update_date": 1740517200,
      "open": 0,
      "highest": 0,
      "lowest": 0,
      "close": 5.28851,
      "close_try": 5.28851,
      "close_usd": 0,
      "volume": 0
    },
    {
      "update_date": 1740603600,
      "open": 0,
      "highest": 0,
      "lowest": 0,
      "close": 5.24129,
      "close_try": 5.24129,
      "close_usd": 0,
      "volume": 0
    },
    {
      "update_date": 1740690000,
      "open": 0,
      "highest": 0,
      "lowest": 0,
      "close": 5.23887,
      "close_try": 5.23887,
      "close_usd": 0,
      "volume": 0
    },
    {
      "update_date": 1740776400,
      "open": 0,
      "highest": 0,
      "lowest": 0,
      "close": 5.23794,
      "close_try": 5.23794,
      "close_usd": 0,
      "volume": 0
    },
    {
      "update_date": 1740862800,
      "open": 0,
      "highest": 0,
      "lowest": 0,
      "close": 5.23794,
      "close_try": 5.23794,
      "close_usd": 0,
      "volume": 0
    },
    {
      "update_date": 1740949200,
      "open": 0,
      "highest": 0,
      "lowest": 0,
      "close": 5.27611,
      "close_try": 5.27611,
      "close_usd": 0,
      "volume": 0
    },
    {
      "update_date": 1741035600,
      "open": 0,
      "highest": 0,
      "lowest": 0,
      "close": 5.34622,
      "close_try": 5.34622,
      "close_usd": 0,
      "volume": 0
    },
    {
      "update_date": 1741122000,
      "open": 0,
      "highest": 0,
      "lowest": 0,
      "close": 5.43593,
      "close_try": 5.43593,
      "close_usd": 0,
      "volume": 0
    },
    {
      "update_date": 1741208400,
      "open": 0,
      "highest": 0,
      "lowest": 0,
      "close": 5.43372,
      "close_try": 5.43372,
      "close_usd": 0,
      "volume": 0
    },
    {
      "update_date": 1741294800,
      "open": 0,
      "highest": 0,
      "lowest": 0,
      "close": 5.47318,
      "close_try": 5.47318,
      "close_usd": 0,
      "volume": 0
    },
    {
      "update_date": 1741381200,
      "open": 0,
      "highest": 0,
      "lowest": 0,
      "close": 5.47306,
      "close_try": 5.47306,
      "close_usd": 0,
      "volume": 0
    },
    {
      "update_date": 1741467600,
      "open": 0,
      "highest": 0,
      "lowest": 0,
      "close": 5.47306,
      "close_try": 5.47306,
      "close_usd": 0,
      "volume": 0
    },
    {
      "update_date": 1741554000,
      "open": 0,
      "highest": 0,
      "lowest": 0,
      "close": 5.47661,
      "close_try": 5.47661,
      "close_usd": 0,
      "volume": 0
    },
    {
      "update_date": 1741640400,
      "open": 0,
      "highest": 0,
      "lowest": 0,
      "close": 5.52477,
      "close_try": 5.52477,
      "close_usd": 0,
      "volume": 0
    },
    {
      "update_date": 1741726800,
      "open": 0,
      "highest": 0,
      "lowest": 0,
      "close": 5.51415,
      "close_try": 5.51415,
      "close_usd": 0,
      "volume": 0
    },
    {
      "update_date": 1741813200,
      "open": 0,
      "highest": 0,
      "lowest": 0,
      "close": 5.49294,
      "close_try": 5.49294,
      "close_usd": 0,
      "volume": 0
    },
    {
      "update_date": 1741899600,
      "open": 0,
      "highest": 0,
      "lowest": 0,
      "close": 5.51201,
      "close_try": 5.51201,
      "close_usd": 0,
      "volume": 0
    },
    {
      "update_date": 1741986000,
      "open": 0,
      "highest": 0,
      "lowest": 0,
      "close": 5.50478,
      "close_try": 5.50478,
      "close_usd": 0,
      "volume": 0
    },
    {
      "update_date": 1742072400,
      "open": 0,
      "highest": 0,
      "lowest": 0,
      "close": 5.50478,
      "close_try": 5.50478,
      "close_usd": 0,
      "volume": 0
    },
    {
      "update_date": 1742158800,
      "open": 0,
      "highest": 0,
      "lowest": 0,
      "close": 5.53339,
      "close_try": 5.53339,
      "close_usd": 0,
      "volume": 0
    },
    {
      "update_date": 1742245200,
      "open": 0,
      "highest": 0,
      "lowest": 0,
      "close": 5.55325,
      "close_try": 5.55325,
      "close_usd": 0,
      "volume": 0
    },
    {
      "update_date": 1742331600,
      "open": 0,
      "highest": 0,
      "lowest": 0,
      "close": 5.70631,
      "close_try": 5.70631,
      "close_usd": 0,
      "volume": 0
    },
    {
      "update_date": 1742418000,
      "open": 0,
      "highest": 0,
      "lowest": 0,
      "close": 5.66851,
      "close_try": 5.66851,
      "close_usd": 0,
      "volume": 0
    },
    {
      "update_date": 1742504400,
      "open": 0,
      "highest": 0,
      "lowest": 0,
      "close": 5.63732,
      "close_try": 5.63732,
      "close_usd": 0,
      "volume": 0
    },
    {
      "update_date": 1742590800,
      "open": 0,
      "highest": 0,
      "lowest": 0,
      "close": 5.64069,
      "close_try": 5.64069,
      "close_usd": 0,
      "volume": 0
    },
    {
      "update_date": 1742677200,
      "open": 0,
      "highest": 0,
      "lowest": 0,
      "close": 5.64069,
      "close_try": 5.64069,
      "close_usd": 0,
      "volume": 0
    },
    {
      "update_date": 1742763600,
      "open": 0,
      "highest": 0,
      "lowest": 0,
      "close": 5.66263,
      "close_try": 5.66263,
      "close_usd": 0,
      "volume": 0
    },
    {
      "update_date": 1742850000,
      "open": 0,
      "highest": 0,
      "lowest": 0,
      "close": 5.65832,
      "close_try": 5.65832,
      "close_usd": 0,
      "volume": 0
    },
    {
      "update_date": 1742936400,
      "open": 0,
      "highest": 0,
      "lowest": 0,
      "close": 5.64247,
      "close_try": 5.64247,
      "close_usd": 0,
      "volume": 0
    },
    {
      "update_date": 1743022800,
      "open": 0,
      "highest": 0,
      "lowest": 0,
      "close": 5.66232,
      "close_try": 5.66232,
      "close_usd": 0,
      "volume": 0
    },
    {
      "update_date": 1743109200,
      "open": 0,
      "highest": 0,
      "lowest": 0,
      "close": 5.68219,
      "close_try": 5.68219,
      "close_usd": 0,
      "volume": 0
    },
    {
      "update_date": 1743195600,
      "open": 0,
      "highest": 0,
      "lowest": 0,
      "close": 5.68496,
      "close_try": 5.68496,
      "close_usd": 0,
      "volume": 0
    },
    {
      "update_date": 1743282000,
      "open": 0,
      "highest": 0,
      "lowest": 0,
      "close": 5.68496,
      "close_try": 5.68496,
      "close_usd": 0,
      "volume": 0
    },
    {
      "update_date": 1743368400,
      "open": 0,
      "highest": 0,
      "lowest": 0,
      "close": 5.66932,
      "close_try": 5.66932,
      "close_usd": 0,
      "volume": 0
    },
    {
      "update_date": 1743454800,
      "open": 0,
      "highest": 0,
      "lowest": 0,
      "close": 5.65053,
      "close_try": 5.65053,
      "close_usd": 0,
      "volume": 0
    },
    {
      "update_date": 1743541200,
      "open": 0,
      "highest": 0,
      "lowest": 0,
      "close": 5.68706,
      "close_try": 5.68706,
      "close_usd": 0,
      "volume": 0
    },
    {
      "update_date": 1743627600,
      "open": 0,
      "highest": 0,
      "lowest": 0,
      "close": 5.79097,
      "close_try": 5.79097,
      "close_usd": 0,
      "volume": 0
    },
    {
      "update_date": 1743714000,
      "open": 0,
      "highest": 0,
      "lowest": 0,
      "close": 5.75449,
      "close_try": 5.75449,
      "close_usd": 0,
      "volume": 0
    },
    {
      "update_date": 1743800400,
      "open": 0,
      "highest": 0,
      "lowest": 0,
      "close": 5.7562,
      "close_try": 5.7562,
      "close_usd": 0,
      "volume": 0
    },
    {
      "update_date": 1743886800,
      "open": 0,
      "highest": 0,
      "lowest": 0,
      "close": 5.7562,
      "close_try": 5.7562,
      "close_usd": 0,
      "volume": 0
    },
    {
      "update_date": 1743973200,
      "open": 0,
      "highest": 0,
      "lowest": 0,
      "close": 5.71574,
      "close_try": 5.71574,
      "close_usd": 0,
      "volume": 0
    },
    {
      "update_date": 1744059600,
      "open": 0,
      "highest": 0,
      "lowest": 0,
      "close": 5.73679,
      "close_try": 5.73679,
      "close_usd": 0,
      "volume": 0
    },
    {
      "update_date": 1744146000,
      "open": 0,
      "highest": 0,
      "lowest": 0,
      "close": 5.73863,
      "close_try": 5.73863,
      "close_usd": 0,
      "volume": 0
    },
    {
      "update_date": 1744232400,
      "open": 0,
      "highest": 0,
      "lowest": 0,
      "close": 5.86258,
      "close_try": 5.86258,
      "close_usd": 0,
      "volume": 0
    },
    {
      "update_date": 1744318800,
      "open": 0,
      "highest": 0,
      "lowest": 0,
      "close": 5.95498,
      "close_try": 5.95498,
      "close_usd": 0,
      "volume": 0
    },
    {
      "update_date": 1744405200,
      "open": 0,
      "highest": 0,
      "lowest": 0,
      "close": 5.95054,
      "close_try": 5.95054,
      "close_usd": 0,
      "volume": 0
    },
    {
      "update_date": 1744491600,
      "open": 0,
      "highest": 0,
      "lowest": 0,
      "close": 5.95054,
      "close_try": 5.95054,
      "close_usd": 0,
      "volume": 0
    },
    {
      "update_date": 1744578000,
      "open": 0,
      "highest": 0,
      "lowest": 0,
      "close": 5.95575,
      "close_try": 5.95575,
      "close_usd": 0,
      "volume": 0
    },
    {
      "update_date": 1744664400,
      "open": 0,
      "highest": 0,
      "lowest": 0,
      "close": 5.95544,
      "close_try": 5.95544,
      "close_usd": 0,
      "volume": 0
    },
    {
      "update_date": 1744750800,
      "open": 0,
      "highest": 0,
      "lowest": 0,
      "close": 5.99882,
      "close_try": 5.99882,
      "close_usd": 0,
      "volume": 0
    },
    {
      "update_date": 1744837200,
      "open": 0,
      "highest": 0,
      "lowest": 0,
      "close": 5.95599,
      "close_try": 5.95599,
      "close_usd": 0,
      "volume": 0
    },
    {
      "update_date": 1744923600,
      "open": 0,
      "highest": 0,
      "lowest": 0,
      "close": 5.99568,
      "close_try": 5.99568,
      "close_usd": 0,
      "volume": 0
    },
    {
      "update_date": 1745010000,
      "open": 0,
      "highest": 0,
      "lowest": 0,
      "close": 5.98409,
      "close_try": 5.98409,
      "close_usd": 0,
      "volume": 0
    },
    {
      "update_date": 1745096400,
      "open": 0,
      "highest": 0,
      "lowest": 0,
      "close": 5.98409,
      "close_try": 5.98409,
      "close_usd": 0,
      "volume": 0
    },
    {
      "update_date": 1745182800,
      "open": 0,
      "highest": 0,
      "lowest": 0,
      "close": 6.06871,
      "close_try": 6.06871,
      "close_usd": 0,
      "volume": 0
    },
    {
      "update_date": 1745269200,
      "open": 0,
      "highest": 0,
      "lowest": 0,
      "close": 6.02878,
      "close_try": 6.02878,
      "close_usd": 0,
      "volume": 0
    },
    {
      "update_date": 1745355600,
      "open": 0,
      "highest": 0,
      "lowest": 0,
      "close": 5.9788,
      "close_try": 5.9788,
      "close_usd": 0,
      "volume": 0
    },
    {
      "update_date": 1745442000,
      "open": 0,
      "highest": 0,
      "lowest": 0,
      "close": 6.0236,
      "close_try": 6.0236,
      "close_usd": 0,
      "volume": 0
    },
    {
      "update_date": 1745528400,
      "open": 0,
      "highest": 0,
      "lowest": 0,
      "close": 6.02435,
      "close_try": 6.02435,
      "close_usd": 0,
      "volume": 0
    },
    {
      "update_date": 1745614800,
      "open": 0,
      "highest": 0,
      "lowest": 0,
      "close": 6.02644,
      "close_try": 6.02644,
      "close_usd": 0,
      "volume": 0
    },
    {
      "update_date": 1745701200,
      "open": 0,
      "highest": 0,
      "lowest": 0,
      "close": 6.02644,
      "close_try": 6.02644,
      "close_usd": 0,
      "volume": 0
    },
    {
      "update_date": 1745787600,
      "open": 0,
      "highest": 0,
      "lowest": 0,
      "close": 6.05851,
      "close_try": 6.05851,
      "close_usd": 0,
      "volume": 0
    },
    {
      "update_date": 1745874000,
      "open": 0,
      "highest": 0,
      "lowest": 0,
      "close": 6.04747,
      "close_try": 6.04747,
      "close_usd": 0,
      "volume": 0
    },
    {
      "update_date": 1745960400,
      "open": 0,
      "highest": 0,
      "lowest": 0,
      "close": 6.01406,
      "close_try": 6.01406,
      "close_usd": 0,
      "volume": 0
    },
    {
      "update_date": 1746046800,
      "open": 0,
      "highest": 0,
      "lowest": 0,
      "close": 5.99352,
      "close_try": 5.99352,
      "close_usd": 0,
      "volume": 0
    },
    {
      "update_date": 1746133200,
      "open": 0,
      "highest": 0,
      "lowest": 0,
      "close": 6.01588,
      "close_try": 6.01588,
      "close_usd": 0,
      "volume": 0
    },
    {
      "update_date": 1746219600,
      "open": 0,
      "highest": 0,
      "lowest": 0,
      "close": 6.01687,
      "close_try": 6.01687,
      "close_usd": 0,
      "volume": 0
    },
    {
      "update_date": 1746306000,
      "open": 0,
      "highest": 0,
      "lowest": 0,
      "close": 6.01687,
      "close_try": 6.01687,
      "close_usd": 0,
      "volume": 0
    },
    {
      "update_date": 1746392400,
      "open": 0,
      "highest": 0,
      "lowest": 0,
      "close": 6.02164,
      "close_try": 6.02164,
      "close_usd": 0,
      "volume": 0
    },
    {
      "update_date": 1746478800,
      "open": 0,
      "highest": 0,
      "lowest": 0,
      "close": 6.06432,
      "close_try": 6.06432,
      "close_usd": 0,
      "volume": 0
    },
    {
      "update_date": 1746565200,
      "open": 0,
      "highest": 0,
      "lowest": 0,
      "close": 6.03159,
      "close_try": 6.03159,
      "close_usd": 0,
      "volume": 0
    },
    {
      "update_date": 1746651600,
      "open": 0,
      "highest": 0,
      "lowest": 0,
      "close": 5.98856,
      "close_try": 5.98856,
      "close_usd": 0,
      "volume": 0
    },
    {
      "update_date": 1746738000,
      "open": 0,
      "highest": 0,
      "lowest": 0,
      "close": 6.02182,
      "close_try": 6.02182,
      "close_usd": 0,
      "volume": 0
    },
    {
      "update_date": 1746824400,
      "open": 0,
      "highest": 0,
      "lowest": 0,
      "close": 6.02232,
      "close_try": 6.02232,
      "close_usd": 0,
      "volume": 0
    },
    {
      "update_date": 1746910800,
      "open": 0,
      "highest": 0,
      "lowest": 0,
      "close": 6.02232,
      "close_try": 6.02232,
      "close_usd": 0,
      "volume": 0
    },
    {
      "update_date": 1746997200,
      "open": 0,
      "highest": 0,
      "lowest": 0,
      "close": 6.03741,
      "close_try": 6.03741,
      "close_usd": 0,
      "volume": 0
    },
    {
      "update_date": 1747083600,
      "open": 0,
      "highest": 0,
      "lowest": 0,
      "close": 6.00509,
      "close_try": 6.00509,
      "close_usd": 0,
      "volume": 0
    },
    {
      "update_date": 1747170000,
      "open": 0,
      "highest": 0,
      "lowest": 0,
      "close": 5.99364,
      "close_try": 5.99364,
      "close_usd": 0,
      "volume": 0
    },
    {
      "update_date": 1747256400,
      "open": 0,
      "highest": 0,
      "lowest": 0,
      "close": 5.99207,
      "close_try": 5.99207,
      "close_usd": 0,
      "volume": 0
    },
    {
      "update_date": 1747342800,
      "open": 0,
      "highest": 0,
      "lowest": 0,
      "close": 6.00475,
      "close_try": 6.00475,
      "close_usd": 0,
      "volume": 0
    },
    {
      "update_date": 1747429200,
      "open": 0,
      "highest": 0,
      "lowest": 0,
      "close": 6.00562,
      "close_try": 6.00562,
      "close_usd": 0,
      "volume": 0
    },
    {
      "update_date": 1747515600,
      "open": 0,
      "highest": 0,
      "lowest": 0,
      "close": 6.00562,
      "close_try": 6.00562,
      "close_usd": 0,
      "volume": 0
    },
    {
      "update_date": 1747602000,
      "open": 0,
      "highest": 0,
      "lowest": 0,
      "close": 6.03173,
      "close_try": 6.03173,
      "close_usd": 0,
      "volume": 0
    },
    {
      "update_date": 1747688400,
      "open": 0,
      "highest": 0,
      "lowest": 0,
      "close": 6.0655,
      "close_try": 6.0655,
      "close_usd": 0,
      "volume": 0
    },
    {
      "update_date": 1747774800,
      "open": 0,
      "highest": 0,
      "lowest": 0,
      "close": 6.09469,
      "close_try": 6.09469,
      "close_usd": 0,
      "volume": 0
    },
    {
      "update_date": 1747861200,
      "open": 0,
      "highest": 0,
      "lowest": 0,
      "close": 6.07619,
      "close_try": 6.07619,
      "close_usd": 0,
      "volume": 0
    },
    {
      "update_date": 1747947600,
      "open": 0,
      "highest": 0,
      "lowest": 0,
      "close": 6.12852,
      "close_try": 6.12852,
      "close_usd": 0,
      "volume": 0
    },
    {
      "update_date": 1748034000,
      "open": 0,
      "highest": 0,
      "lowest": 0,
      "close": 6.13588,
      "close_try": 6.13588,
      "close_usd": 0,
      "volume": 0
    },
    {
      "update_date": 1748120400,
      "open": 0,
      "highest": 0,
      "lowest": 0,
      "close": 6.13588,
      "close_try": 6.13588,
      "close_usd": 0,
      "volume": 0
    },
    {
      "update_date": 1748206800,
      "open": 0,
      "highest": 0,
      "lowest": 0,
      "close": 6.13959,
      "close_try": 6.13959,
      "close_usd": 0,
      "volume": 0
    },
    {
      "update_date": 1748293200,
      "open": 0,
      "highest": 0,
      "lowest": 0,
      "close": 6.11418,
      "close_try": 6.11418,
      "close_usd": 0,
      "volume": 0
    },
    {
      "update_date": 1748379600,
      "open": 0,
      "highest": 0,
      "lowest": 0,
      "close": 6.11171,
      "close_try": 6.11171,
      "close_usd": 0,
      "volume": 0
    },
    {
      "update_date": 1748466000,
      "open": 0,
      "highest": 0,
      "lowest": 0,
      "close": 6.15019,
      "close_try": 6.15019,
      "close_usd": 0,
      "volume": 0
    },
    {
      "update_date": 1748552400,
      "open": 0,
      "highest": 0,
      "lowest": 0,
      "close": 6.1594,
      "close_try": 6.1594,
      "close_usd": 0,
      "volume": 0
    },
    {
      "update_date": 1748638800,
      "open": 0,
      "highest": 0,
      "lowest": 0,
      "close": 6.15762,
      "close_try": 6.15762,
      "close_usd": 0,
      "volume": 0
    },
    {
      "update_date": 1748725200,
      "open": 0,
      "highest": 0,
      "lowest": 0,
      "close": 6.15762,
      "close_try": 6.15762,
      "close_usd": 0,
      "volume": 0
    },
    {
      "update_date": 1748811600,
      "open": 0,
      "highest": 0,
      "lowest": 0,
      "close": 6.20319,
      "close_try": 6.20319,
      "close_usd": 0,
      "volume": 0
    },
    {
      "update_date": 1748898000,
      "open": 0,
      "highest": 0,
      "lowest": 0,
      "close": 6.15775,
      "close_try": 6.15775,
      "close_usd": 0,
      "volume": 0
    },
    {
      "update_date": 1748984400,
      "open": 0,
      "highest": 0,
      "lowest": 0,
      "close": 6.18874,
      "close_try": 6.18874,
      "close_usd": 0,
      "volume": 0
    },
    {
      "update_date": 1749070800,
      "open": 0,
      "highest": 0,
      "lowest": 0,
      "close": 6.21884,
      "close_try": 6.21884,
      "close_usd": 0,
      "volume": 0
    },
    {
      "update_date": 1749157200,
      "open": 0,
      "highest": 0,
      "lowest": 0,
      "close": 6.18152,
      "close_try": 6.18152,
      "close_usd": 0,
      "volume": 0
    },
    {
      "update_date": 1749243600,
      "open": 0,
      "highest": 0,
      "lowest": 0,
      "close": 6.18519,
      "close_try": 6.18519,
      "close_usd": 0,
      "volume": 0
    },
    {
      "update_date": 1749330000,
      "open": 0,
      "highest": 0,
      "lowest": 0,
      "close": 6.18519,
      "close_try": 6.18519,
      "close_usd": 0,
      "volume": 0
    },
    {
      "update_date": 1749416400,
      "open": 0,
      "highest": 0,
      "lowest": 0,
      "close": 6.19703,
      "close_try": 6.19703,
      "close_usd": 0,
      "volume": 0
    },
    {
      "update_date": 1749502800,
      "open": 0,
      "highest": 0,
      "lowest": 0,
      "close": 6.19592,
      "close_try": 6.19592,
      "close_usd": 0,
      "volume": 0
    },
    {
      "update_date": 1749589200,
      "open": 0,
      "highest": 0,
      "lowest": 0,
      "close": 6.22447,
      "close_try": 6.22447,
      "close_usd": 0,
      "volume": 0
    },
    {
      "update_date": 1749675600,
      "open": 0,
      "highest": 0,
      "lowest": 0,
      "close": 6.30697,
      "close_try": 6.30697,
      "close_usd": 0,
      "volume": 0
    },
    {
      "update_date": 1749762000,
      "open": 0,
      "highest": 0,
      "lowest": 0,
      "close": 6.28484,
      "close_try": 6.28484,
      "close_usd": 0,
      "volume": 0
    },
    {
      "update_date": 1749848400,
      "open": 0,
      "highest": 0,
      "lowest": 0,
      "close": 6.30189,
      "close_try": 6.30189,
      "close_usd": 0,
      "volume": 0
    },
    {
      "update_date": 1749934800,
      "open": 0,
      "highest": 0,
      "lowest": 0,
      "close": 6.30189,
      "close_try": 6.30189,
      "close_usd": 0,
      "volume": 0
    },
    {
      "update_date": 1750021200,
      "open": 0,
      "highest": 0,
      "lowest": 0,
      "close": 6.29237,
      "close_try": 6.29237,
      "close_usd": 0,
      "volume": 0
    },
    {
      "update_date": 1750107600,
      "open": 0,
      "highest": 0,
      "lowest": 0,
      "close": 6.2721,
      "close_try": 6.2721,
      "close_usd": 0,
      "volume": 0
    },
    {
      "update_date": 1750194000,
      "open": 0,
      "highest": 0,
      "lowest": 0,
      "close": 6.27713,
      "close_try": 6.27713,
      "close_usd": 0,
      "volume": 0
    },
    {
      "update_date": 1750280400,
      "open": 0,
      "highest": 0,
      "lowest": 0,
      "close": 6.30081,
      "close_try": 6.30081,
      "close_usd": 0,
      "volume": 0
    },
    {
      "update_date": 1750366800,
      "open": 0,
      "highest": 0,
      "lowest": 0,
      "close": 6.32336,
      "close_try": 6.32336,
      "close_usd": 0,
      "volume": 0
    },
    {
      "update_date": 1750453200,
      "open": 0,
      "highest": 0,
      "lowest": 0,
      "close": 6.32248,
      "close_try": 6.32248,
      "close_usd": 0,
      "volume": 0
    },
    {
      "update_date": 1750539600,
      "open": 0,
      "highest": 0,
      "lowest": 0,
      "close": 6.32248,
      "close_try": 6.32248,
      "close_usd": 0,
      "volume": 0
    },
    {
      "update_date": 1750626000,
      "open": 0,
      "highest": 0,
      "lowest": 0,
      "close": 6.34328,
      "close_try": 6.34328,
      "close_usd": 0,
      "volume": 0
    },
    {
      "update_date": 1750712400,
      "open": 0,
      "highest": 0,
      "lowest": 0,
      "close": 6.35772,
      "close_try": 6.35772,
      "close_usd": 0,
      "volume": 0
    },
    {
      "update_date": 1750798800,
      "open": 0,
      "highest": 0,
      "lowest": 0,
      "close": 6.40989,
      "close_try": 6.40989,
      "close_usd": 0,
      "volume": 0
    },
    {
      "update_date": 1750885200,
      "open": 0,
      "highest": 0,
      "lowest": 0,
      "close": 6.43527,
      "close_try": 6.43527,
      "close_usd": 0,
      "volume": 0
    },
    {
      "update_date": 1750971600,
      "open": 0,
      "highest": 0,
      "lowest": 0,
      "close": 6.4653,
      "close_try": 6.4653,
      "close_usd": 0,
      "volume": 0
    },
    {
      "update_date": 1751058000,
      "open": 0,
      "highest": 0,
      "lowest": 0,
      "close": 6.46911,
      "close_try": 6.46911,
      "close_usd": 0,
      "volume": 0
    },
    {
      "update_date": 1751144400,
      "open": 0,
      "highest": 0,
      "lowest": 0,
      "close": 6.46911,
      "close_try": 6.46911,
      "close_usd": 0,
      "volume": 0
    },
    {
      "update_date": 1751230800,
      "open": 0,
      "highest": 0,
      "lowest": 0,
      "close": 6.48725,
      "close_try": 6.48725,
      "close_usd": 0,
      "volume": 0
    },
    {
      "update_date": 1751317200,
      "open": 0,
      "highest": 0,
      "lowest": 0,
      "close": 6.49957,
      "close_try": 6.49957,
      "close_usd": 0,
      "volume": 0
    },
    {
      "update_date": 1751403600,
      "open": 0,
      "highest": 0,
      "lowest": 0,
      "close": 6.48748,
      "close_try": 6.48748,
      "close_usd": 0,
      "volume": 0
    },
    {
      "update_date": 1751490000,
      "open": 0,
      "highest": 0,
      "lowest": 0,
      "close": 6.47363,
      "close_try": 6.47363,
      "close_usd": 0,
      "volume": 0
    },
    {
      "update_date": 1751576400,
      "open": 0,
      "highest": 0,
      "lowest": 0,
      "close": 6.49061,
      "close_try": 6.49061,
      "close_usd": 0,
      "volume": 0
    },
    {
      "update_date": 1751662800,
      "open": 0,
      "highest": 0,
      "lowest": 0,
      "close": 6.4978,
      "close_try": 6.4978,
      "close_usd": 0,
      "volume": 0
    },
    {
      "update_date": 1751749200,
      "open": 0,
      "highest": 0,
      "lowest": 0,
      "close": 6.4978,
      "close_try": 6.4978,
      "close_usd": 0,
      "volume": 0
    },
    {
      "update_date": 1751835600,
      "open": 0,
      "highest": 0,
      "lowest": 0,
      "close": 6.47277,
      "close_try": 6.47277,
      "close_usd": 0,
      "volume": 0
    },
    {
      "update_date": 1751922000,
      "open": 0,
      "highest": 0,
      "lowest": 0,
      "close": 6.49012,
      "close_try": 6.49012,
      "close_usd": 0,
      "volume": 0
    },
    {
      "update_date": 1752008400,
      "open": 0,
      "highest": 0,
      "lowest": 0,
      "close": 6.4902,
      "close_try": 6.4902,
      "close_usd": 0,
      "volume": 0
    },
    {
      "update_date": 1752094800,
      "open": 0,
      "highest": 0,
      "lowest": 0,
      "close": 6.48154,
      "close_try": 6.48154,
      "close_usd": 0,
      "volume": 0
    },
    {
      "update_date": 1752181200,
      "open": 0,
      "highest": 0,
      "lowest": 0,
      "close": 6.49284,
      "close_try": 6.49284,
      "close_usd": 0,
      "volume": 0
    },
    {
      "update_date": 1752267600,
      "open": 0,
      "highest": 0,
      "lowest": 0,
      "close": 6.49274,
      "close_try": 6.49274,
      "close_usd": 0,
      "volume": 0
    },
    {
      "update_date": 1752354000,
      "open": 0,
      "highest": 0,
      "lowest": 0,
      "close": 6.49274,
      "close_try": 6.49274,
      "close_usd": 0,
      "volume": 0
    },
    {
      "update_date": 1752440400,
      "open": 0,
      "highest": 0,
      "lowest": 0,
      "close": 6.47494,
      "close_try": 6.47494,
      "close_usd": 0,
      "volume": 0
    },
    {
      "update_date": 1752526800,
      "open": 0,
      "highest": 0,
      "lowest": 0,
      "close": 6.44613,
      "close_try": 6.44613,
      "close_usd": 0,
      "volume": 0
    },
    {
      "update_date": 1752613200,
      "open": 0,
      "highest": 0,
      "lowest": 0,
      "close": 6.47793,
      "close_try": 6.47793,
      "close_usd": 0,
      "volume": 0
    },
    {
      "update_date": 1752699600,
      "open": 0,
      "highest": 0,
      "lowest": 0,
      "close": 6.45643,
      "close_try": 6.45643,
      "close_usd": 0,
      "volume": 0
    },
    {
      "update_date": 1752786000,
      "open": 0,
      "highest": 0,
      "lowest": 0,
      "close": 6.48808,
      "close_try": 6.48808,
      "close_usd": 0,
      "volume": 0
    },
    {
      "update_date": 1752872400,
      "open": 0,
      "highest": 0,
      "lowest": 0,
      "close": 6.4908,
      "close_try": 6.4908,
      "close_usd": 0,
      "volume": 0
    },
    {
      "update_date": 1752958800,
      "open": 0,
      "highest": 0,
      "lowest": 0,
      "close": 6.4908,
      "close_try": 6.4908,
      "close_usd": 0,
      "volume": 0
    },
    {
      "update_date": 1753045200,
      "open": 0,
      "highest": 0,
      "lowest": 0,
      "close": 6.52291,
      "close_try": 6.52291,
      "close_usd": 0,
      "volume": 0
    },
    {
      "update_date": 1753131600,
      "open": 0,
      "highest": 0,
      "lowest": 0,
      "close": 6.56128,
      "close_try": 6.56128,
      "close_usd": 0,
      "volume": 0
    },
    {
      "update_date": 1753218000,
      "open": 0,
      "highest": 0,
      "lowest": 0,
      "close": 6.58093,
      "close_try": 6.58093,
      "close_usd": 0,
      "volume": 0
    },
    {
      "update_date": 1753304400,
      "open": 0,
      "highest": 0,
      "lowest": 0,
      "close": 6.68183,
      "close_try": 6.68183,
      "close_usd": 0,
      "volume": 0
    },
    {
      "update_date": 1753390800,
      "open": 0,
      "highest": 0,
      "lowest": 0,
      "close": 6.57931,
      "close_try": 6.57931,
      "close_usd": 0,
      "volume": 0
    },
    {
      "update_date": 1753477200,
      "open": 0,
      "highest": 0,
      "lowest": 0,
      "close": 6.58229,
      "close_try": 6.58229,
      "close_usd": 0,
      "volume": 0
    },
    {
      "update_date": 1753563600,
      "open": 0,
      "highest": 0,
      "lowest": 0,
      "close": 6.58229,
      "close_try": 6.58229,
      "close_usd": 0,
      "volume": 0
    },
    {
      "update_date": 1753650000,
      "open": 0,
      "highest": 0,
      "lowest": 0,
      "close": 6.48964,
      "close_try": 6.48964,
      "close_usd": 0,
      "volume": 0
    },
    {
      "update_date": 1753736400,
      "open": 0,
      "highest": 0,
      "lowest": 0,
      "close": 6.4699,
      "close_try": 6.4699,
      "close_usd": 0,
      "volume": 0
    },
    {
      "update_date": 1753822800,
      "open": 0,
      "highest": 0,
      "lowest": 0,
      "close": 6.39368,
      "close_try": 6.39368,
      "close_usd": 0,
      "volume": 0
    },
    {
      "update_date": 1753909200,
      "open": 0,
      "highest": 0,
      "lowest": 0,
      "close": 6.40542,
      "close_try": 6.40542,
      "close_usd": 0,
      "volume": 0
    },
    {
      "update_date": 1753995600,
      "open": 0,
      "highest": 0,
      "lowest": 0,
      "close": 6.50905,
      "close_try": 6.50905,
      "close_usd": 0,
      "volume": 0
    },
    {
      "update_date": 1754082000,
      "open": 0,
      "highest": 0,
      "lowest": 0,
      "close": 6.50865,
      "close_try": 6.50865,
      "close_usd": 0,
      "volume": 0
    },
    {
      "update_date": 1754168400,
      "open": 0,
      "highest": 0,
      "lowest": 0,
      "close": 6.50865,
      "close_try": 6.50865,
      "close_usd": 0,
      "volume": 0
    },
    {
      "update_date": 1754254800,
      "open": 0,
      "highest": 0,
      "lowest": 0,
      "close": 6.50086,
      "close_try": 6.50086,
      "close_usd": 0,
      "volume": 0
    },
    {
      "update_date": 1754341200,
      "open": 0,
      "highest": 0,
      "lowest": 0,
      "close": 6.50414,
      "close_try": 6.50414,
      "close_usd": 0,
      "volume": 0
    },
    {
      "update_date": 1754427600,
      "open": 0,
      "highest": 0,
      "lowest": 0,
      "close": 6.54414,
      "close_try": 6.54414,
      "close_usd": 0,
      "volume": 0
    },
    {
      "update_date": 1754514000,
      "open": 0,
      "highest": 0,
      "lowest": 0,
      "close": 6.54051,
      "close_try": 6.54051,
      "close_usd": 0,
      "volume": 0
    },
    {
      "update_date": 1754600400,
      "open": 0,
      "highest": 0,
      "lowest": 0,
      "close": 6.5412,
      "close_try": 6.5412,
      "close_usd": 0,
      "volume": 0
    },
    {
      "update_date": 1754686800,
      "open": 0,
      "highest": 0,
      "lowest": 0,
      "close": 6.54178,
      "close_try": 6.54178,
      "close_usd": 0,
      "volume": 0
    },
    {
      "update_date": 1754773200,
      "open": 0,
      "highest": 0,
      "lowest": 0,
      "close": 6.54178,
      "close_try": 6.54178,
      "close_usd": 0,
      "volume": 0
    },
    {
      "update_date": 1754859600,
      "open": 0,
      "highest": 0,
      "lowest": 0,
      "close": 6.50785,
      "close_try": 6.50785,
      "close_usd": 0,
      "volume": 0
    },
    {
      "update_date": 1754946000,
      "open": 0,
      "highest": 0,
      "lowest": 0,
      "close": 6.56707,
      "close_try": 6.56707,
      "close_usd": 0,
      "volume": 0
    },
    {
      "update_date": 1755032400,
      "open": 0,
      "highest": 0,
      "lowest": 0,
      "close": 6.59101,
      "close_try": 6.59101,
      "close_usd": 0,
      "volume": 0
    },
    {
      "update_date": 1755118800,
      "open": 0,
      "highest": 0,
      "lowest": 0,
      "close": 6.56172,
      "close_try": 6.56172,
      "close_usd": 0,
      "volume": 0
    },
    {
      "update_date": 1755205200,
      "open": 0,
      "highest": 0,
      "lowest": 0,
      "close": 6.60573,
      "close_try": 6.60573,
      "close_usd": 0,
      "volume": 0
    },
    {
      "update_date": 1755291600,
      "open": 0,
      "highest": 0,
      "lowest": 0,
      "close": 6.60657,
      "close_try": 6.60657,
      "close_usd": 0,
      "volume": 0
    },
    {
      "update_date": 1755378000,
      "open": 0,
      "highest": 0,
      "lowest": 0,
      "close": 6.60657,
      "close_try": 6.60657,
      "close_usd": 0,
      "volume": 0
    },
    {
      "update_date": 1755464400,
      "open": 0,
      "highest": 0,
      "lowest": 0,
      "close": 6.58346,
      "close_try": 6.58346,
      "close_usd": 0,
      "volume": 0
    },
    {
      "update_date": 1755550800,
      "open": 0,
      "highest": 0,
      "lowest": 0,
      "close": 6.57639,
      "close_try": 6.57639,
      "close_usd": 0,
      "volume": 0
    },
    {
      "update_date": 1755637200,
      "open": 0,
      "highest": 0,
      "lowest": 0,
      "close": 6.58351,
      "close_try": 6.58351,
      "close_usd": 0,
      "volume": 0
    },
    {
      "update_date": 1755723600,
      "open": 0,
      "highest": 0,
      "lowest": 0,
      "close": 6.56106,
      "close_try": 6.56106,
      "close_usd": 0,
      "volume": 0
    },
    {
      "update_date": 1755810000,
      "open": 0,
      "highest": 0,
      "lowest": 0,
      "close": 6.63315,
      "close_try": 6.63315,
      "close_usd": 0,
      "volume": 0
    },
    {
      "update_date": 1755896400,
      "open": 0,
      "highest": 0,
      "lowest": 0,
      "close": 6.63089,
      "close_try": 6.63089,
      "close_usd": 0,
      "volume": 0
    },
    {
      "update_date": 1755982800,
      "open": 0,
      "highest": 0,
      "lowest": 0,
      "close": 6.63089,
      "close_try": 6.63089,
      "close_usd": 0,
      "volume": 0
    },
    {
      "update_date": 1756069200,
      "open": 0,
      "highest": 0,
      "lowest": 0,
      "close": 6.57662,
      "close_try": 6.57662,
      "close_usd": 0,
      "volume": 0
    },
    {
      "update_date": 1756155600,
      "open": 0,
      "highest": 0,
      "lowest": 0,
      "close": 6.59508,
      "close_try": 6.59508,
      "close_usd": 0,
      "volume": 0
    },
    {
      "update_date": 1756242000,
      "open": 0,
      "highest": 0,
      "lowest": 0,
      "close": 6.59331,
      "close_try": 6.59331,
      "close_usd": 0,
      "volume": 0
    },
    {
      "update_date": 1756328400,
      "open": 0,
      "highest": 0,
      "lowest": 0,
      "close": 6.61855,
      "close_try": 6.61855,
      "close_usd": 0,
      "volume": 0
    },
    {
      "update_date": 1756414800,
      "open": 0,
      "highest": 0,
      "lowest": 0,
      "close": 6.6398,
      "close_try": 6.6398,
      "close_usd": 0,
      "volume": 0
    },
    {
      "update_date": 1756501200,
      "open": 0,
      "highest": 0,
      "lowest": 0,
      "close": 6.64054,
      "close_try": 6.64054,
      "close_usd": 0,
      "volume": 0
    },
    {
      "update_date": 1756587600,
      "open": 0,
      "highest": 0,
      "lowest": 0,
      "close": 6.64054,
      "close_try": 6.64054,
      "close_usd": 0,
      "volume": 0
    },
    {
      "update_date": 1756674000,
      "open": 0,
      "highest": 0,
      "lowest": 0,
      "close": 6.65128,
      "close_try": 6.65128,
      "close_usd": 0,
      "volume": 0
    },
    {
      "update_date": 1756760400,
      "open": 0,
      "highest": 0,
      "lowest": 0,
      "close": 6.61404,
      "close_try": 6.61404,
      "close_usd": 0,
      "volume": 0
    },
    {
      "update_date": 1756846800,
      "open": 0,
      "highest": 0,
      "lowest": 0,
      "close": 6.62466,
      "close_try": 6.62466,
      "close_usd": 0,
      "volume": 0
    },
    {
      "update_date": 1756933200,
      "open": 0,
      "highest": 0,
      "lowest": 0,
      "close": 6.62001,
      "close_try": 6.62001,
      "close_usd": 0,
      "volume": 0
    },
    {
      "update_date": 1757019600,
      "open": 0,
      "highest": 0,
      "lowest": 0,
      "close": 6.67024,
      "close_try": 6.67024,
      "close_usd": 0,
      "volume": 0
    },
    {
      "update_date": 1757106000,
      "open": 0,
      "highest": 0,
      "lowest": 0,
      "close": 6.67057,
      "close_try": 6.67057,
      "close_usd": 0,
      "volume": 0
    },
    {
      "update_date": 1757192400,
      "open": 0,
      "highest": 0,
      "lowest": 0,
      "close": 6.67057,
      "close_try": 6.67057,
      "close_usd": 0,
      "volume": 0
    },
    {
      "update_date": 1757278800,
      "open": 0,
      "highest": 0,
      "lowest": 0,
      "close": 6.65352,
      "close_try": 6.65352,
      "close_usd": 0,
      "volume": 0
    },
    {
      "update_date": 1757365200,
      "open": 0,
      "highest": 0,
      "lowest": 0,
      "close": 6.66764,
      "close_try": 6.66764,
      "close_usd": 0,
      "volume": 0
    },
    {
      "update_date": 1757451600,
      "open": 0,
      "highest": 0,
      "lowest": 0,
      "close": 6.66175,
      "close_try": 6.66175,
      "close_usd": 0,
      "volume": 0
    },
    {
      "update_date": 1757538000,
      "open": 0,
      "highest": 0,
      "lowest": 0,
      "close": 6.69524,
      "close_try": 6.69524,
      "close_usd": 0,
      "volume": 0
    },
    {
      "update_date": 1757624400,
      "open": 0,
      "highest": 0,
      "lowest": 0,
      "close": 6.70001,
      "close_try": 6.70001,
      "close_usd": 0,
      "volume": 0
    },
    {
      "update_date": 1757710800,
      "open": 0,
      "highest": 0,
      "lowest": 0,
      "close": 6.7028,
      "close_try": 6.7028,
      "close_usd": 0,
      "volume": 0
    },
    {
      "update_date": 1757797200,
      "open": 0,
      "highest": 0,
      "lowest": 0,
      "close": 6.7028,
      "close_try": 6.7028,
      "close_usd": 0,
      "volume": 0
    },
    {
      "update_date": 1757883600,
      "open": 0,
      "highest": 0,
      "lowest": 0,
      "close": 6.70334,
      "close_try": 6.70334,
      "close_usd": 0,
      "volume": 0
    },
    {
      "update_date": 1757970000,
      "open": 0,
      "highest": 0,
      "lowest": 0,
      "close": 6.75533,
      "close_try": 6.75533,
      "close_usd": 0,
      "volume": 0
    },
    {
      "update_date": 1758056400,
      "open": 0,
      "highest": 0,
      "lowest": 0,
      "close": 6.73012,
      "close_try": 6.73012,
      "close_usd": 0,
      "volume": 0
    },
    {
      "update_date": 1758142800,
      "open": 0,
      "highest": 0,
      "lowest": 0,
      "close": 6.71636,
      "close_try": 6.71636,
      "close_usd": 0,
      "volume": 0
    },
    {
      "update_date": 1758229200,
      "open": 0,
      "highest": 0,
      "lowest": 0,
      "close": 6.71394,
      "close_try": 6.71394,
      "close_usd": 0,
      "volume": 0
    },
    {
      "update_date": 1758315600,
      "open": 0,
      "highest": 0,
      "lowest": 0,
      "close": 6.71331,
      "close_try": 6.71331,
      "close_usd": 0,
      "volume": 0
    },
    {
      "update_date": 1758402000,
      "open": 0,
      "highest": 0,
      "lowest": 0,
      "close": 6.71331,
      "close_try": 6.71331,
      "close_usd": 0,
      "volume": 0
    },
    {
      "update_date": 1758488400,
      "open": 0,
      "highest": 0,
      "lowest": 0,
      "close": 6.73878,
      "close_try": 6.73878,
      "close_usd": 0,
      "volume": 0
    },
    {
      "update_date": 1758574800,
      "open": 0,
      "highest": 0,
      "lowest": 0,
      "close": 6.7535,
      "close_try": 6.7535,
      "close_usd": 0,
      "volume": 0
    },
    {
      "update_date": 1758661200,
      "open": 0,
      "highest": 0,
      "lowest": 0,
      "close": 6.71691,
      "close_try": 6.71691,
      "close_usd": 0,
      "volume": 0
    },
    {
      "update_date": 1758747600,
      "open": 0,
      "highest": 0,
      "lowest": 0,
      "close": 6.68044,
      "close_try": 6.68044,
      "close_usd": 0,
      "volume": 0
    },
    {
      "update_date": 1758834000,
      "open": 0,
      "highest": 0,
      "lowest": 0,
      "close": 6.71317,
      "close_try": 6.71317,
      "close_usd": 0,
      "volume": 0
    },
    {
      "update_date": 1758920400,
      "open": 0,
      "highest": 0,
      "lowest": 0,
      "close": 6.70547,
      "close_try": 6.70547,
      "close_usd": 0,
      "volume": 0
    },
    {
      "update_date": 1759006800,
      "open": 0,
      "highest": 0,
      "lowest": 0,
      "close": 6.70547,
      "close_try": 6.70547,
      "close_usd": 0,
      "volume": 0
    },
    {
      "update_date": 1759093200,
      "open": 0,
      "highest": 0,
      "lowest": 0,
      "close": 6.73051,
      "close_try": 6.73051,
      "close_usd": 0,
      "volume": 0
    },
    {
      "update_date": 1759179600,
      "open": 0,
      "highest": 0,
      "lowest": 0,
      "close": 6.73275,
      "close_try": 6.73275,
      "close_usd": 0,
      "volume": 0
    },
    {
      "update_date": 1759266000,
      "open": 0,
      "highest": 0,
      "lowest": 0,
      "close": 6.72829,
      "close_try": 6.72829,
      "close_usd": 0,
      "volume": 0
    },
    {
      "update_date": 1759352400,
      "open": 0,
      "highest": 0,
      "lowest": 0,
      "close": 6.72472,
      "close_try": 6.72472,
      "close_usd": 0,
      "volume": 0
    },
    {
      "update_date": 1759438800,
      "open": 0,
      "highest": 0,
      "lowest": 0,
      "close": 6.75189,
      "close_try": 6.75189,
      "close_usd": 0,
      "volume": 0
    },
    {
      "update_date": 1759525200,
      "open": 0,
      "highest": 0,
      "lowest": 0,
      "close": 6.75509,
      "close_try": 6.75509,
      "close_usd": 0,
      "volume": 0
    },
    {
      "update_date": 1759611600,
      "open": 0,
      "highest": 0,
      "lowest": 0,
      "close": 6.75509,
      "close_try": 6.75509,
      "close_usd": 0,
      "volume": 0
    },
    {
      "update_date": 1759698000,
      "open": 0,
      "highest": 0,
      "lowest": 0,
      "close": 6.73873,
      "close_try": 6.73873,
      "close_usd": 0,
      "volume": 0
    },
    {
      "update_date": 1759784400,
      "open": 0,
      "highest": 0,
      "lowest": 0,
      "close": 6.69758,
      "close_try": 6.69758,
      "close_usd": 0,
      "volume": 0
    },
    {
      "update_date": 1759870800,
      "open": 0,
      "highest": 0,
      "lowest": 0,
      "close": 6.69234,
      "close_try": 6.69234,
      "close_usd": 0,
      "volume": 0
    },
    {
      "update_date": 1759957200,
      "open": 0,
      "highest": 0,
      "lowest": 0,
      "close": 6.66023,
      "close_try": 6.66023,
      "close_usd": 0,
      "volume": 0
    },
    {
      "update_date": 1760043600,
      "open": 0,
      "highest": 0,
      "lowest": 0,
      "close": 6.70823,
      "close_try": 6.70823,
      "close_usd": 0,
      "volume": 0
    },
    {
      "update_date": 1760130000,
      "open": 0,
      "highest": 0,
      "lowest": 0,
      "close": 6.70614,
      "close_try": 6.70614,
      "close_usd": 0,
      "volume": 0
    },
    {
      "update_date": 1760216400,
      "open": 0,
      "highest": 0,
      "lowest": 0,
      "close": 6.70614,
      "close_try": 6.70614,
      "close_usd": 0,
      "volume": 0
    },
    {
      "update_date": 1760302800,
      "open": 0,
      "highest": 0,
      "lowest": 0,
      "close": 6.67045,
      "close_try": 6.67045,
      "close_usd": 0,
      "volume": 0
    },
    {
      "update_date": 1760389200,
      "open": 0,
      "highest": 0,
      "lowest": 0,
      "close": 6.69336,
      "close_try": 6.69336,
      "close_usd": 0,
      "volume": 0
    },
    {
      "update_date": 1760475600,
      "open": 0,
      "highest": 0,
      "lowest": 0,
      "close": 6.72168,
      "close_try": 6.72168,
      "close_usd": 0,
      "volume": 0
    },
    {
      "update_date": 1760562000,
      "open": 0,
      "highest": 0,
      "lowest": 0,
      "close": 6.74423,
      "close_try": 6.74423,
      "close_usd": 0,
      "volume": 0
    },
    {
      "update_date": 1760648400,
      "open": 0,
      "highest": 0,
      "lowest": 0,
      "close": 6.74686,
      "close_try": 6.74686,
      "close_usd": 0,
      "volume": 0
    }
  ]
}