{
  "asset_key": "1-gram-platin",
  "date_range": {
    "start": "2015-10-20T13:27:35.222660",
    "end": "2025-10-17T13:27:35.222660",
    "days": 435
  },
  "archive": [
    {
      "update_date": 1722805200,
      "open": 0,
      "highest": 0,
      "lowest": 0,
      "close": 1014.037,
      "close_try": 1014.037,
      "close_usd": 0,
      "volume": 0
    },
    {
      "update_date": 1722891600,
      "open": 0,
      "highest": 0,
      "lowest": 0,
      "close": 1025.737,
      "close_try": 1025.737,
      "close_usd": 0,
      "volume": 0
    },
    {
      "update_date": 1722978000,
      "open": 0,
      "highest": 0,
      "lowest": 0,
      "close": 1024.232,
      "close_try": 1024.232,
      "close_usd": 0,
      "volume": 0
    },
    {
      "update_date": 1723064400,
      "open": 0,
      "highest": 0,
      "lowest": 0,
      "close": 1044.895,
      "close_try": 1044.895,
      "close_usd": 0,
      "volume": 0
    },
    {
      "update_date": 1723150800,
      "open": 0,
      "highest": 0,
      "lowest": 0,
      "close": 1033.564,
      "close_try": 1033.564,
      "close_usd": 0,
      "volume": 0
    },
    {
      "update_date": 1723237200,
      "open": 0,
      "highest": 0,
      "lowest": 0,
      "close": 1033.219,
      "close_try": 1033.219,
      "close_usd": 0,
      "volume": 0
    },
    {
      "update_date": 1723323600,
      "open": 0,
      "highest": 0,
      "lowest": 0,
      "close": 1033.219,
      "close_try": 1033.219,
      "close_usd": 0,
      "volume": 0
    },
    {
      "update_date": 1723410000,
      "open": 0,
      "highest": 0,
      "lowest": 0,
      "close": 1056.167,
      "close_try": 1056.167,
      "close_usd": 0,
      "volume": 0
    },
    {
      "update_date": 1723496400,
      "open": 0,
      "highest": 0,
      "lowest": 0,
      "close": 1052.144,
      "close_try": 1052.144,
      "close_usd": 0,
      "volume": 0
    },
    {
      "update_date": 1723582800,
      "open": 0,
      "highest": 0,
      "lowest": 0,
      "close": 1038.493,
      "close_try": 1038.493,
      "close_usd": 0,
      "volume": 0
    },
    {
      "update_date": 1723669200,
      "open": 0,
      "highest": 0,
      "lowest": 0,
      "close": 1071.139,
      "close_try": 1071.139,
      "close_usd": 0,
      "volume": 0
    },
    {
      "update_date": 1723755600,
      "open": 0,
      "highest": 0,
      "lowest": 0,
      "close": 1073.276,
      "close_try": 1073.276,
      "close_usd": 0,
      "volume": 0
    },
    {
      "update_date": 1723842000,
      "open": 0,
      "highest": 0,
      "lowest": 0,
      "close": 1074.009,
      "close_try": 1074.009,
      "close_usd": 0,
      "volume": 0
    },
    {
      "update_date": 1723928400,
      "open": 0,
      "highest": 0,
      "lowest": 0,
      "close": 1074.009,
      "close_try": 1074.009,
      "close_usd": 0,
      "volume": 0
    },
    {
      "update_date": 1724014800,
      "open": 0,
      "highest": 0,
      "lowest": 0,
      "close": 1080.404,
      "close_try": 1080.404,
      "close_usd": 0,
      "volume": 0
    },
    {
      "update_date": 1724101200,
      "open": 0,
      "highest": 0,
      "lowest": 0,
      "close": 1075.957,
      "close_try": 1075.957,
      "close_usd": 0,
      "volume": 0
    },
    {
      "update_date": 1724187600,
      "open": 0,
      "highest": 0,
      "lowest": 0,
      "close": 1095.126,
      "close_try": 1095.126,
      "close_usd": 0,
      "volume": 0
    },
    {
      "update_date": 1724274000,
      "open": 0,
      "highest": 0,
      "lowest": 0,
      "close": 1071.539,
      "close_try": 1071.539,
      "close_usd": 0,
      "volume": 0
    },
    {
      "update_date": 1724360400,
      "open": 0,
      "highest": 0,
      "lowest": 0,
      "close": 1093.062,
      "close_try": 1093.062,
      "close_usd": 0,
      "volume": 0
    },
    {
      "update_date": 1724446800,
      "open": 0,
      "highest": 0,
      "lowest": 0,
      "close": 1093.314,
      "close_try": 1093.314,
      "close_usd": 0,
      "volume": 0
    },
    {
      "update_date": 1724533200,
      "open": 0,
      "highest": 0,
      "lowest": 0,
      "close": 1093.314,
      "close_try": 1093.314,
      "close_usd": 0,
      "volume": 0
    },
    {
      "update_date": 1724619600,
      "open": 0,
      "highest": 0,
      "lowest": 0,
      "close": 1091.166,
      "close_try": 1091.166,
      "close_usd": 0,
      "volume": 0
    },
    {
      "update_date": 1724706000,
      "open": 0,
      "highest": 0,
      "lowest": 0,
      "close": 1091.456,
      "close_try": 1091.456,
      "close_usd": 0,
      "volume": 0
    },
    {
      "update_date": 1724792400,
      "open": 0,
      "highest": 0,
      "lowest": 0,
      "close": 1051.555,
      "close_try": 1051.555,
      "close_usd": 0,
      "volume": 0
    },
    {
      "update_date": 1724878800,
      "open": 0,
      "highest": 0,
      "lowest": 0,
      "close": 1068.944,
      "close_try": 1068.944,
      "close_usd": 0,
      "volume": 0
    },
    {
      "update_date": 1724965200,
      "open": 0,
      "highest": 0,
      "lowest": 0,
      "close": 1056.384,
      "close_try": 1056.384,
      "close_usd": 0,
      "volume": 0
    },
    {
      "update_date": 1725051600,
      "open": 0,
      "highest": 0,
      "lowest": 0,
      "close": 1055.656,
      "close_try": 1055.656,
      "close_usd": 0,
      "volume": 0
    },
    {
      "update_date": 1725138000,
      "open": 0,
      "highest": 0,
      "lowest": 0,
      "close": 1055.656,
      "close_try": 1055.656,
      "close_usd": 0,
      "volume": 0
    },
    {
      "update_date": 1725224400,
      "open": 0,
      "highest": 0,
      "lowest": 0,
      "close": 1050.512,
      "close_try": 1050.512,
      "close_usd": 0,
      "volume": 0
    },
    {
      "update_date": 1725310800,
      "open": 0,
      "highest": 0,
      "lowest": 0,
      "close": 1029.381,
      "close_try": 1029.381,
      "close_usd": 0,
      "volume": 0
    },
    {
      "update_date": 1725397200,
      "open": 0,
      "highest": 0,
      "lowest": 0,
      "close": 1031.669,
      "close_try": 1031.669,
      "close_usd": 0,
      "volume": 0
    },
    {
      "update_date": 1725483600,
      "open": 0,
      "highest": 0,
      "lowest": 0,
      "close": 1051.061,
      "close_try": 1051.061,
      "close_usd": 0,
      "volume": 0
    },
    {
      "update_date": 1725570000,
      "open": 0,
      "highest": 0,
      "lowest": 0,
      "close": 1046.222,
      "close_try": 1046.222,
      "close_usd": 0,
      "volume": 0
    },
    {
      "update_date": 1725656400,
      "open": 0,
      "highest": 0,
      "lowest": 0,
      "close": 1045.989,
      "close_try": 1045.989,
      "close_usd": 0,
      "volume": 0
    },
    {
      "update_date": 1725742800,
      "open": 0,
      "highest": 0,
      "lowest": 0,
      "close": 1045.989,
      "close_try": 1045.989,
      "close_usd": 0,
      "volume": 0
    },
    {
      "update_date": 1725829200,
      "open": 0,
      "highest": 0,
      "lowest": 0,
      "close": 1070.727,
      "close_try": 1070.727,
      "close_usd": 0,
      "volume": 0
    },
    {
      "update_date": 1725915600,
      "open": 0,
      "highest": 0,
      "lowest": 0,
      "close": 1069.705,
      "close_try": 1069.705,
      "close_usd": 0,
      "volume": 0
    },
    {
      "update_date": 1726002000,
      "open": 0,
      "highest": 0,
      "lowest": 0,
      "close": 1083.287,
      "close_try": 1083.287,
      "close_usd": 0,
      "volume": 0
    },
    {
      "update_date": 1726088400,
      "open": 0,
      "highest": 0,
      "lowest": 0,
      "close": 1109.825,
      "close_try": 1109.825,
      "close_usd": 0,
      "volume": 0
    },
    {
      "update_date": 1726174800,
      "open": 0,
      "highest": 0,
      "lowest": 0,
      "close": 1128.782,
      "close_try": 1128.782,
      "close_usd": 0,
      "volume": 0
    },
    {
      "update_date": 1726261200,
      "open": 0,
      "highest": 0,
      "lowest": 0,
      "close": 1128.592,
      "close_try": 1128.592,
      "close_usd": 0,
      "volume": 0
    },
    {
      "update_date": 1726347600,
      "open": 0,
      "highest": 0,
      "lowest": 0,
      "close": 1128.592,
      "close_try": 1128.592,
      "close_usd": 0,
      "volume": 0
    },
    {
      "update_date": 1726434000,
      "open": 0,
      "highest": 0,
      "lowest": 0,
      "close": 1118.189,
      "close_try": 1118.189,
      "close_usd": 0,
      "volume": 0
    },
    {
      "update_date": 1726520400,
      "open": 0,
      "highest": 0,
      "lowest": 0,
      "close": 1118.416,
      "close_try": 1118.416,
      "close_usd": 0,
      "volume": 0
    },
    {
      "update_date": 1726606800,
      "open": 0,
      "highest": 0,
      "lowest": 0,
      "close": 1108.316,
      "close_try": 1108.316,
      "close_usd": 0,
      "volume": 0
    },
    {
      "update_date": 1726693200,
      "open": 0,
      "highest": 0,
      "lowest": 0,
      "close": 1122.171,
      "close_try": 1122.171,
      "close_usd": 0,
      "volume": 0
    },
    {
      "update_date": 1726779600,
      "open": 0,
      "highest": 0,
      "lowest": 0,
      "close": 1116.063,
      "close_try": 1116.063,
      "close_usd": 0,
      "volume": 0
    },
    {
      "update_date": 1726866000,
      "open": 0,
      "highest": 0,
      "lowest": 0,
      "close": 1116.118,
      "close_try": 1116.118,
      "close_usd": 0,
      "volume": 0
    },
    {
      "update_date": 1726952400,
      "open": 0,
      "highest": 0,
      "lowest": 0,
      "close": 1116.118,
      "close_try": 1116.118,
      "close_usd": 0,
      "volume": 0
    },
    {
      "update_date": 1727038800,
      "open": 0,
      "highest": 0,
      "lowest": 0,
      "close": 1094.616,
      "close_try": 1094.616,
      "close_usd": 0,
      "volume": 0
    },
    {
      "update_date": 1727125200,
      "open": 0,
      "highest": 0,
      "lowest": 0,
      "close": 1127.349,
      "close_try": 1127.349,
      "close_usd": 0,
      "volume": 0
    },
    {
      "update_date": 1727211600,
      "open": 0,
      "highest": 0,
      "lowest": 0,
      "close": 1129.58,
      "close_try": 1129.58,
      "close_usd": 0,
      "volume": 0
    },
    {
      "update_date": 1727298000,
      "open": 0,
      "highest": 0,
      "lowest": 0,
      "close": 1153.346,
      "close_try": 1153.346,
      "close_usd": 0,
      "volume": 0
    },
    {
      "update_date": 1727384400,
      "open": 0,
      "highest": 0,
      "lowest": 0,
      "close": 1143.98,
      "close_try": 1143.98,
      "close_usd": 0,
      "volume": 0
    },
    {
      "update_date": 1727470800,
      "open": 0,
      "highest": 0,
      "lowest": 0,
      "close": 1144.951,
      "close_try": 1144.951,
      "close_usd": 0,
      "volume": 0
    },
    {
      "update_date": 1727557200,
      "open": 0,
      "highest": 0,
      "lowest": 0,
      "close": 1144.951,
      "close_try": 1144.951,
      "close_usd": 0,
      "volume": 0
    },
    {
      "update_date": 1727643600,
      "open": 0,
      "highest": 0,
      "lowest": 0,
      "close": 1120.591,
      "close_try": 1120.591,
      "close_usd": 0,
      "volume": 0
    },
    {
      "update_date": 1727730000,
      "open": 0,
      "highest": 0,
      "lowest": 0,
      "close": 1135.33,
      "close_try": 1135.33,
      "close_usd": 0,
      "volume": 0
    },
    {
      "update_date": 1727816400,
      "open": 0,
      "highest": 0,
      "lowest": 0,
      "close": 1153.13,
      "close_try": 1153.13,
      "close_usd": 0,
      "volume": 0
    },
    {
      "update_date": 1727902800,
      "open": 0,
      "highest": 0,
      "lowest": 0,
      "close": 1135.293,
      "close_try": 1135.293,
      "close_usd": 0,
      "volume": 0
    },
    {
      "update_date": 1727989200,
      "open": 0,
      "highest": 0,
      "lowest": 0,
      "close": 1134.898,
      "close_try": 1134.898,
      "close_usd": 0,
      "volume": 0
    },
    {
      "update_date": 1728075600,
      "open": 0,
      "highest": 0,
      "lowest": 0,
      "close": 1136.3,
      "close_try": 1136.3,
      "close_usd": 0,
      "volume": 0
    },
    {
      "update_date": 1728162000,
      "open": 0,
      "highest": 0,
      "lowest": 0,
      "close": 1136.3,
      "close_try": 1136.3,
      "close_usd": 0,
      "volume": 0
    },
    {
      "update_date": 1728248400,
      "open": 0,
      "highest": 0,
      "lowest": 0,
      "close": 1116.876,
      "close_try": 1116.876,
      "close_usd": 0,
      "volume": 0
    },
    {
      "update_date": 1728334800,
      "open": 0,
      "highest": 0,
      "lowest": 0,
      "close": 1094.933,
      "close_try": 1094.933,
      "close_usd": 0,
      "volume": 0
    },
    {
      "update_date": 1728421200,
      "open": 0,
      "highest": 0,
      "lowest": 0,
      "close": 1088.365,
      "close_try": 1088.365,
      "close_usd": 0,
      "volume": 0
    },
    {
      "update_date": 1728507600,
      "open": 0,
      "highest": 0,
      "lowest": 0,
      "close": 1108.346,
      "close_try": 1108.346,
      "close_usd": 0,
      "volume": 0
    },
    {
      "update_date": 1728594000,
      "open": 0,
      "highest": 0,
      "lowest": 0,
      "close": 1130.851,
      "close_try": 1130.851,
      "close_usd": 0,
      "volume": 0
    },
    {
      "update_date": 1728680400,
      "open": 0,
      "highest": 0,
      "lowest": 0,
      "close": 1130.795,
      "close_try": 1130.795,
      "close_usd": 0,
      "volume": 0
    },
    {
      "update_date": 1728766800,
      "open": 0,
      "highest": 0,
      "lowest": 0,
      "close": 1130.795,
      "close_try": 1130.795,
      "close_usd": 0,
      "volume": 0
    },
    {
      "update_date": 1728853200,
      "open": 0,
      "highest": 0,
      "lowest": 0,
      "close": 1138.914,
      "close_try": 1138.914,
      "close_usd": 0,
      "volume": 0
    },
    {
      "update_date": 1728939600,
      "open": 0,
      "highest": 0,
      "lowest": 0,
      "close": 1128.774,
      "close_try": 1128.774,
      "close_usd": 0,
      "volume": 0
    },
    {
      "update_date": 1729026000,
      "open": 0,
      "highest": 0,
      "lowest": 0,
      "close": 1138.579,
      "close_try": 1138.579,
      "close_usd": 0,
      "volume": 0
    },
    {
      "update_date": 1729112400,
      "open": 0,
      "highest": 0,
      "lowest": 0,
      "close": 1134.844,
      "close_try": 1134.844,
      "close_usd": 0,
      "volume": 0
    },
    {
      "update_date": 1729198800,
      "open": 0,
      "highest": 0,
      "lowest": 0,
      "close": 1160.455,
      "close_try": 1160.455,
      "close_usd": 0,
      "volume": 0
    },
    {
      "update_date": 1729285200,
      "open": 0,
      "highest": 0,
      "lowest": 0,
      "close": 1160.33,
      "close_try": 1160.33,
      "close_usd": 0,
      "volume": 0
    },
    {
      "update_date": 1729371600,
      "open": 0,
      "highest": 0,
      "lowest": 0,
      "close": 1160.33,
      "close_try": 1160.33,
      "close_usd": 0,
      "volume": 0
    },
    {
      "update_date": 1729458000,
      "open": 0,
      "highest": 0,
      "lowest": 0,
      "close": 1152.24,
      "close_try": 1152.24,
      "close_usd": 0,
      "volume": 0
    },
    {
      "update_date": 1729544400,
      "open": 0,
      "highest": 0,
      "lowest": 0,
      "close": 1178.669,
      "close_try": 1178.669,
      "close_usd": 0,
      "volume": 0
    },
    {
      "update_date": 1729630800,
      "open": 0,
      "highest": 0,
      "lowest": 0,
      "close": 1168.964,
      "close_try": 1168.964,
      "close_usd": 0,
      "volume": 0
    },
    {
      "update_date": 1729717200,
      "open": 0,
      "highest": 0,
      "lowest": 0,
      "close": 1176.201,
      "close_try": 1176.201,
      "close_usd": 0,
      "volume": 0
    },
    {
      "update_date": 1729803600,
      "open": 0,
      "highest": 0,
      "lowest": 0,
      "close": 1173.689,
      "close_try": 1173.689,
      "close_usd": 0,
      "volume": 0
    },
    {
      "update_date": 1729890000,
      "open": 0,
      "highest": 0,
      "lowest": 0,
      "close": 1174.376,
      "close_try": 1174.376,
      "close_usd": 0,
      "volume": 0
    },
    {
      "update_date": 1729976400,
      "open": 0,
      "highest": 0,
      "lowest": 0,
      "close": 1174.376,
      "close_try": 1174.376,
      "close_usd": 0,
      "volume": 0
    },
    {
      "update_date": 1730062800,
      "open": 0,
      "highest": 0,
      "lowest": 0,
      "close": 1182.588,
      "close_try": 1182.588,
      "close_usd": 0,
      "volume": 0
    },
    {
      "update_date": 1730149200,
      "open": 0,
      "highest": 0,
      "lowest": 0,
      "close": 1202.293,
      "close_try": 1202.293,
      "close_usd": 0,
      "volume": 0
    },
    {
      "update_date": 1730235600,
      "open": 0,
      "highest": 0,
      "lowest": 0,
      "close": 1158.612,
      "close_try": 1158.612,
      "close_usd": 0,
      "volume": 0
    },
    {
      "update_date": 1730322000,
      "open": 0,
      "highest": 0,
      "lowest": 0,
      "close": 1136.629,
      "close_try": 1136.629,
      "close_usd": 0,
      "volume": 0
    },
    {
      "update_date": 1730408400,
      "open": 0,
      "highest": 0,
      "lowest": 0,
      "close": 1140.651,
      "close_try": 1140.651,
      "close_usd": 0,
      "volume": 0
    },
    {
      "update_date": 1730494800,
      "open": 0,
      "highest": 0,
      "lowest": 0,
      "close": 1142.318,
      "close_try": 1142.318,
      "close_usd": 0,
      "volume": 0
    },
    {
      "update_date": 1730581200,
      "open": 0,
      "highest": 0,
      "lowest": 0,
      "close": 1142.318,
      "close_try": 1142.318,
      "close_usd": 0,
      "volume": 0
    },
    {
      "update_date": 1730667600,
      "open": 0,
      "highest": 0,
      "lowest": 0,
      "close": 1127.11,
      "close_try": 1127.11,
      "close_usd": 0,
      "volume": 0
    },
    {
      "update_date": 1730754000,
      "open": 0,
      "highest": 0,
      "lowest": 0,
      "close": 1145.021,
      "close_try": 1145.021,
      "close_usd": 0,
      "volume": 0
    },
    {
      "update_date": 1730840400,
      "open": 0,
      "highest": 0,
      "lowest": 0,
      "close": 1127.836,
      "close_try": 1127.836,
      "close_usd": 0,
      "volume": 0
    },
    {
      "update_date": 1730926800,
      "open": 0,
      "highest": 0,
      "lowest": 0,
      "close": 1139.19,
      "close_try": 1139.19,
      "close_usd": 0,
      "volume": 0
    },
    {
      "update_date": 1731013200,
      "open": 0,
      "highest": 0,
      "lowest": 0,
      "close": 1112.299,
      "close_try": 1112.299,
      "close_usd": 0,
      "volume": 0
    },
    {
      "update_date": 1731099600,
      "open": 0,
      "highest": 0,
      "lowest": 0,
      "close": 1112.191,
      "close_try": 1112.191,
      "close_usd": 0,
      "volume": 0
    },
    {
      "update_date": 1731186000,
      "open": 0,
      "highest": 0,
      "lowest": 0,
      "close": 1112.191,
      "close_try": 1112.191,
      "close_usd": 0,
      "volume": 0
    },
    {
      "update_date": 1731272400,
      "open": 0,
      "highest": 0,
      "lowest": 0,
      "close": 1105.788,
      "close_try": 1105.788,
      "close_usd": 0,
      "volume": 0
    },
    {
      "update_date": 1731358800,
      "open": 0,
      "highest": 0,
      "lowest": 0,
      "close": 1088.424,
      "close_try": 1088.424,
      "close_usd": 0,
      "volume": 0
    },
    {
      "update_date": 1731445200,
      "open": 0,
      "highest": 0,
      "lowest": 0,
      "close": 1074.193,
      "close_try": 1074.193,
      "close_usd": 0,
      "volume": 0
    },
    {
      "update_date": 1731531600,
      "open": 0,
      "highest": 0,
      "lowest": 0,
      "close": 1077.237,
      "close_try": 1077.237,
      "close_usd": 0,
      "volume": 0
    },
    {
      "update_date": 1731618000,
      "open": 0,
      "highest": 0,
      "lowest": 0,
      "close": 1079.651,
      "close_try": 1079.651,
      "close_usd": 0,
      "volume": 0
    },
    {
      "update_date": 1731704400,
      "open": 0,
      "highest": 0,
      "lowest": 0,
      "close": 1079.651,
      "close_try": 1079.651,
      "close_usd": 0,
      "volume": 0
    },
    {
      "update_date": 1731790800,
      "open": 0,
      "highest": 0,
      "lowest": 0,
      "close": 1079.651,
      "close_try": 1079.651,
      "close_usd": 0,
      "volume": 0
    },
    {
      "update_date": 1731877200,
      "open": 0,
      "highest": 0,
      "lowest": 0,
      "close": 1116.327,
      "close_try": 1116.327,
      "close_usd": 0,
      "volume": 0
    },
    {
      "update_date": 1731963600,
      "open": 0,
      "highest": 0,
      "lowest": 0,
      "close": 1121.968,
      "close_try": 1121.968,
      "close_usd": 0,
      "volume": 0
    },
    {
      "update_date": 1732050000,
      "open": 0,
      "highest": 0,
      "lowest": 0,
      "close": 1103.753,
      "close_try": 1103.753,
      "close_usd": 0,
      "volume": 0
    },
    {
      "update_date": 1732136400,
      "open": 0,
      "highest": 0,
      "lowest": 0,
      "close": 1109.449,
      "close_try": 1109.449,
      "close_usd": 0,
      "volume": 0
    },
    {
      "update_date": 1732222800,
      "open": 0,
      "highest": 0,
      "lowest": 0,
      "close": 1109.262,
      "close_try": 1109.262,
      "close_usd": 0,
      "volume": 0
    },
    {
      "update_date": 1732309200,
      "open": 0,
      "highest": 0,
      "lowest": 0,
      "close": 1109.607,
      "close_try": 1109.607,
      "close_usd": 0,
      "volume": 0
    },
    {
      "update_date": 1732395600,
      "open": 0,
      "highest": 0,
      "lowest": 0,
      "close": 1109.607,
      "close_try": 1109.607,
      "close_usd": 0,
      "volume": 0
    },
    {
      "update_date": 1732482000,
      "open": 0,
      "highest": 0,
      "lowest": 0,
      "close": 1083.88,
      "close_try": 1083.88,
      "close_usd": 0,
      "volume": 0
    },
    {
      "update_date": 1732568400,
      "open": 0,
      "highest": 0,
      "lowest": 0,
      "close": 1056.348,
      "close_try": 1056.348,
      "close_usd": 0,
      "volume": 0
    },
    {
      "update_date": 1732654800,
      "open": 0,
      "highest": 0,
      "lowest": 0,
      "close": 1072.87,
      "close_try": 1072.87,
      "close_usd": 0,
      "volume": 0
    },
    {
      "update_date": 1732741200,
      "open": 0,
      "highest": 0,
      "lowest": 0,
      "close": 1079.534,
      "close_try": 1079.534,
      "close_usd": 0,
      "volume": 0
    },
    {
      "update_date": 1732827600,
      "open": 0,
      "highest": 0,
      "lowest": 0,
      "close": 1099.6,
      "close_try": 1099.6,
      "close_usd": 0,
      "volume": 0
    },
    {
      "update_date": 1732914000,
      "open": 0,
      "highest": 0,
      "lowest": 0,
      "close": 1099.613,
      "close_try": 1099.613,
      "close_usd": 0,
      "volume": 0
    },
    {
      "update_date": 1733000400,
      "open": 0,
      "highest": 0,
      "lowest": 0,
      "close": 1099.613,
      "close_try": 1099.613,
      "close_usd": 0,
      "volume": 0
    },
    {
      "update_date": 1733086800,
      "open": 0,
      "highest": 0,
      "lowest": 0,
      "close": 1096.106,
      "close_try": 1096.106,
      "close_usd": 0,
      "volume": 0
    },
    {
      "update_date": 1733173200,
      "open": 0,
      "highest": 0,
      "lowest": 0,
      "close": 1104.821,
      "close_try": 1104.821,
      "close_usd": 0,
      "volume": 0
    },
    {
      "update_date": 1733259600,
      "open": 0,
      "highest": 0,
      "lowest": 0,
      "close": 1090.253,
      "close_try": 1090.253,
      "close_usd": 0,
      "volume": 0
    },
    {
      "update_date": 1733346000,
      "open": 0,
      "highest": 0,
      "lowest": 0,
      "close": 1087.813,
      "close_try": 1087.813,
      "close_usd": 0,
      "volume": 0
    },
    {
      "update_date": 1733432400,
      "open": 0,
      "highest": 0,
      "lowest": 0,
      "close": 1079.434,
      "close_try": 1079.434,
      "close_usd": 0,
      "volume": 0
    },
    {
      "update_date": 1733518800,
      "open": 0,
      "highest": 0,
      "lowest": 0,
      "close": 1079.42,
      "close_try": 1079.42,
      "close_usd": 0,
      "volume": 0
    },
    {
      "update_date": 1733605200,
      "open": 0,
      "highest": 0,
      "lowest": 0,
      "close": 1079.42,
      "close_try": 1079.42,
      "close_usd": 0,
      "volume": 0
    },
    {
      "update_date": 1733691600,
      "open": 0,
      "highest": 0,
      "lowest": 0,
      "close": 1092.289,
      "close_try": 1092.289,
      "close_usd": 0,
      "volume": 0
    },
    {
      "update_date": 1733778000,
      "open": 0,
      "highest": 0,
      "lowest": 0,
      "close": 1095.634,
      "close_try": 1095.634,
      "close_usd": 0,
      "volume": 0
    },
    {
      "update_date": 1733864400,
      "open": 0,
      "highest": 0,
      "lowest": 0,
      "close": 1096.672,
      "close_try": 1096.672,
      "close_usd": 0,
      "volume": 0
    },
    {
      "update_date": 1733950800,
      "open": 0,
      "highest": 0,
      "lowest": 0,
      "close": 1090.316,
      "close_try": 1090.316,
      "close_usd": 0,
      "volume": 0
    },
    {
      "update_date": 1734037200,
      "open": 0,
      "highest": 0,
      "lowest": 0,
      "close": 1077.273,
      "close_try": 1077.273,
      "close_usd": 0,
      "volume": 0
    },
    {
      "update_date": 1734123600,
      "open": 0,
      "highest": 0,
      "lowest": 0,
      "close": 1077.444,
      "close_try": 1077.444,
      "close_usd": 0,
      "volume": 0
    },
    {
      "update_date": 1734210000,
      "open": 0,
      "highest": 0,
      "lowest": 0,
      "close": 1077.444,
      "close_try": 1077.444,
      "close_usd": 0,
      "volume": 0
    },
    {
      "update_date": 1734296400,
      "open": 0,
      "highest": 0,
      "lowest": 0,
      "close": 1094.579,
      "close_try": 1094.579,
      "close_usd": 0,
      "volume": 0
    },
    {
      "update_date": 1734382800,
      "open": 0,
      "highest": 0,
      "lowest": 0,
      "close": 1096.748,
      "close_try": 1096.748,
      "close_usd": 0,
      "volume": 0
    },
    {
      "update_date": 1734469200,
      "open": 0,
      "highest": 0,
      "lowest": 0,
      "close": 1076.874,
      "close_try": 1076.874,
      "close_usd": 0,
      "volume": 0
    },
    {
      "update_date": 1734555600,
      "open": 0,
      "highest": 0,
      "lowest": 0,
      "close": 1084.42,
      "close_try": 1084.42,
      "close_usd": 0,
      "volume": 0
    },
    {
      "update_date": 1734642000,
      "open": 0,
      "highest": 0,
      "lowest": 0,
      "close": 1089.183,
      "close_try": 1089.183,
      "close_usd": 0,
      "volume": 0
    },
    {
      "update_date": 1734728400,
      "open": 0,
      "highest": 0,
      "lowest": 0,
      "close": 1089.415,
      "close_try": 1089.415,
      "close_usd": 0,
      "volume": 0
    },
    {
      "update_date": 1734814800,
      "open": 0,
      "highest": 0,
      "lowest": 0,
      "close": 1089.415,
      "close_try": 1089.415,
      "close_usd": 0,
      "volume": 0
    },
    {
      "update_date": 1734901200,
      "open": 0,
      "highest": 0,
      "lowest": 0,
      "close": 1103.682,
      "close_try": 1103.682,
      "close_usd": 0,
      "volume": 0
    },
    {
      "update_date": 1734987600,
      "open": 0,
      "highest": 0,
      "lowest": 0,
      "close": 1111.462,
      "close_try": 1111.462,
      "close_usd": 0,
      "volume": 0
    },
    {
      "update_date": 1735074000,
      "open": 0,
      "highest": 0,
      "lowest": 0,
      "close": 1113.017,
      "close_try": 1113.017,
      "close_usd": 0,
      "volume": 0
    },
    {
      "update_date": 1735160400,
      "open": 0,
      "highest": 0,
      "lowest": 0,
      "close": 1102.153,
      "close_try": 1102.153,
      "close_usd": 0,
      "volume": 0
    },
    {
      "update_date": 1735246800,
      "open": 0,
      "highest": 0,
      "lowest": 0,
      "close": 1084.552,
      "close_try": 1084.552,
      "close_usd": 0,
      "volume": 0
    },
    {
      "update_date": 1735333200,
      "open": 0,
      "highest": 0,
      "lowest": 0,
      "close": 1084.074,
      "close_try": 1084.074,
      "close_usd": 0,
      "volume": 0
    },
    {
      "update_date": 1735419600,
      "open": 0,
      "highest": 0,
      "lowest": 0,
      "close": 1084.074,
      "close_try": 1084.074,
      "close_usd": 0,
      "volume": 0
    },
    {
      "update_date": 1735506000,
      "open": 0,
      "highest": 0,
      "lowest": 0,
      "close": 1070.726,
      "close_try": 1070.726,
      "close_usd": 0,
      "volume": 0
    },
    {
      "update_date": 1735592400,
      "open": 0,
      "highest": 0,
      "lowest": 0,
      "close": 1073.624,
      "close_try": 1073.624,
      "close_usd": 0,
      "volume": 0
    },
    {
      "update_date": 1735678800,
      "open": 0,
      "highest": 0,
      "lowest": 0,
      "close": 1073.624,
      "close_try": 1073.624,
      "close_usd": 0,
      "volume": 0
    },
    {
      "update_date": 1735765200,
      "open": 0,
      "highest": 0,
      "lowest": 0,
      "close": 1091.334,
      "close_try": 1091.334,
      "close_usd": 0,
      "volume": 0
    },
    {
      "update_date": 1735851600,
      "open": 0,
      "highest": 0,
      "lowest": 0,
      "close": 1110.463,
      "close_try": 1110.463,
      "close_usd": 0,
      "volume": 0
    },
    {
      "update_date": 1735938000,
      "open": 0,
      "highest": 0,
      "lowest": 0,
      "close": 1109.863,
      "close_try": 1109.863,
      "close_usd": 0,
      "volume": 0
    },
    {
      "update_date": 1736024400,
      "open": 0,
      "highest": 0,
      "lowest": 0,
      "close": 1109.863,
      "close_try": 1109.863,
      "close_usd": 0,
      "volume": 0
    },
    {
      "update_date": 1736110800,
      "open": 0,
      "highest": 0,
      "lowest": 0,
      "close": 1099.914,
      "close_try": 1099.914,
      "close_usd": 0,
      "volume": 0
    },
    {
      "update_date": 1736197200,
      "open": 0,
      "highest": 0,
      "lowest": 0,
      "close": 1121.469,
      "close_try": 1121.469,
      "close_usd": 0,
      "volume": 0
    },
    {
      "update_date": 1736283600,
      "open": 0,
      "highest": 0,
      "lowest": 0,
      "close": 1129.985,
      "close_try": 1129.985,
      "close_usd": 0,
      "volume": 0
    },
    {
      "update_date": 1736370000,
      "open": 0,
      "highest": 0,
      "lowest": 0,
      "close": 1134.149,
      "close_try": 1134.149,
      "close_usd": 0,
      "volume": 0
    },
    {
      "update_date": 1736456400,
      "open": 0,
      "highest": 0,
      "lowest": 0,
      "close": 1141.597,
      "close_try": 1141.597,
      "close_usd": 0,
      "volume": 0
    },
    {
      "update_date": 1736542800,
      "open": 0,
      "highest": 0,
      "lowest": 0,
      "close": 1141.597,
      "close_try": 1141.597,
      "close_usd": 0,
      "volume": 0
    },
    {
      "update_date": 1736629200,
      "open": 0,
      "highest": 0,
      "lowest": 0,
      "close": 1141.597,
      "close_try": 1141.597,
      "close_usd": 0,
      "volume": 0
    },
    {
      "update_date": 1736715600,
      "open": 0,
      "highest": 0,
      "lowest": 0,
      "close": 1132.805,
      "close_try": 1132.805,
      "close_usd": 0,
      "volume": 0
    },
    {
      "update_date": 1736802000,
      "open": 0,
      "highest": 0,
      "lowest": 0,
      "close": 1111.764,
      "close_try": 1111.764,
      "close_usd": 0,
      "volume": 0
    },
    {
      "update_date": 1736888400,
      "open": 0,
      "highest": 0,
      "lowest": 0,
      "close": 1112.797,
      "close_try": 1112.797,
      "close_usd": 0,
      "volume": 0
    },
    {
      "update_date": 1736974800,
      "open": 0,
      "highest": 0,
      "lowest": 0,
      "close": 1104,
      "close_try": 1104,
      "close_usd": 0,
      "volume": 0
    },
    {
      "update_date": 1737061200,
      "open": 0,
      "highest": 0,
      "lowest": 0,
      "close": 1115.145,
      "close_try": 1115.145,
      "close_usd": 0,
      "volume": 0
    },
    {
      "update_date": 1737147600,
      "open": 0,
      "highest": 0,
      "lowest": 0,
      "close": 1115.897,
      "close_try": 1115.897,
      "close_usd": 0,
      "volume": 0
    },
    {
      "update_date": 1737234000,
      "open": 0,
      "highest": 0,
      "lowest": 0,
      "close": 1115.897,
      "close_try": 1115.897,
      "close_usd": 0,
      "volume": 0
    },
    {
      "update_date": 1737320400,
      "open": 0,
      "highest": 0,
      "lowest": 0,
      "close": 1126.001,
      "close_try": 1126.001,
      "close_usd": 0,
      "volume": 0
    },
    {
      "update_date": 1737406800,
      "open": 0,
      "highest": 0,
      "lowest": 0,
      "close": 1122.991,
      "close_try": 1122.991,
      "close_usd": 0,
      "volume": 0
    },
    {
      "update_date": 1737493200,
      "open": 0,
      "highest": 0,
      "lowest": 0,
      "close": 1128.589,
      "close_try": 1128.589,
      "close_usd": 0,
      "volume": 0
    },
    {
      "update_date": 1737579600,
      "open": 0,
      "highest": 0,
      "lowest": 0,
      "close": 1126.372,
      "close_try": 1126.372,
      "close_usd": 0,
      "volume": 0
    },
    {
      "update_date": 1737666000,
      "open": 0,
      "highest": 0,
      "lowest": 0,
      "close": 1132.269,
      "close_try": 1132.269,
      "close_usd": 0,
      "volume": 0
    },
    {
      "update_date": 1737752400,
      "open": 0,
      "highest": 0,
      "lowest": 0,
      "close": 1131.902,
      "close_try": 1131.902,
      "close_usd": 0,
      "volume": 0
    },
    {
      "update_date": 1737838800,
      "open": 0,
      "highest": 0,
      "lowest": 0,
      "close": 1131.902,
      "close_try": 1131.902,
      "close_usd": 0,
      "volume": 0
    },
    {
      "update_date": 1737925200,
      "open": 0,
      "highest": 0,
      "lowest": 0,
      "close": 1130.921,
      "close_try": 1130.921,
      "close_usd": 0,
      "volume": 0
    },
    {
      "update_date": 1738011600,
      "open": 0,
      "highest": 0,
      "lowest": 0,
      "close": 1125.903,
      "close_try": 1125.903,
      "close_usd": 0,
      "volume": 0
    },
    {
      "update_date": 1738098000,
      "open": 0,
      "highest": 0,
      "lowest": 0,
      "close": 1134.508,
      "close_try": 1134.508,
      "close_usd": 0,
      "volume": 0
    },
    {
      "update_date": 1738184400,
      "open": 0,
      "highest": 0,
      "lowest": 0,
      "close": 1157.103,
      "close_try": 1157.103,
      "close_usd": 0,
      "volume": 0
    },
    {
      "update_date": 1738270800,
      "open": 0,
      "highest": 0,
      "lowest": 0,
      "close": 1175.16,
      "close_try": 1175.16,
      "close_usd": 0,
      "volume": 0
    },
    {
      "update_date": 1738357200,
      "open": 0,
      "highest": 0,
      "lowest": 0,
      "close": 1176.676,
      "close_try": 1176.676,
      "close_usd": 0,
      "volume": 0
    },
    {
      "update_date": 1738443600,
      "open": 0,
      "highest": 0,
      "lowest": 0,
      "close": 1176.676,
      "close_try": 1176.676,
      "close_usd": 0,
      "volume": 0
    },
    {
      "update_date": 1738530000,
      "open": 0,
      "highest": 0,
      "lowest": 0,
      "close": 1158.569,
      "close_try": 1158.569,
      "close_usd": 0,
      "volume": 0
    },
    {
      "update_date": 1738616400,
      "open": 0,
      "highest": 0,
      "lowest": 0,
      "close": 1162.027,
      "close_try": 1162.027,
      "close_usd": 0,
      "volume": 0
    },
    {
      "update_date": 1738702800,
      "open": 0,
      "highest": 0,
      "lowest": 0,
      "close": 1177.932,
      "close_try": 1177.932,
      "close_usd": 0,
      "volume": 0
    },
    {
      "update_date": 1738789200,
      "open": 0,
      "highest": 0,
      "lowest": 0,
      "close": 1186.293,
      "close_try": 1186.293,
      "close_usd": 0,
      "volume": 0
    },
    {
      "update_date": 1738875600,
      "open": 0,
      "highest": 0,
      "lowest": 0,
      "close": 1176.04,
      "close_try": 1176.04,
      "close_usd": 0,
      "volume": 0
    },
    {
      "update_date": 1738962000,
      "open": 0,
      "highest": 0,
      "lowest": 0,
      "close": 1174.778,
      "close_try": 1174.778,
      "close_usd": 0,
      "volume": 0
    },
    {
      "update_date": 1739048400,
      "open": 0,
      "highest": 0,
      "lowest": 0,
      "close": 1174.778,
      "close_try": 1174.778,
      "close_usd": 0,
      "volume": 0
    },
    {
      "update_date": 1739134800,
      "open": 0,
      "highest": 0,
      "lowest": 0,
      "close": 1187.994,
      "close_try": 1187.994,
      "close_usd": 0,
      "volume": 0
    },
    {
      "update_date": 1739221200,
      "open": 0,
      "highest": 0,
      "lowest": 0,
      "close": 1187.21,
      "close_try": 1187.21,
      "close_usd": 0,
      "volume": 0
    },
    {
      "update_date": 1739307600,
      "open": 0,
      "highest": 0,
      "lowest": 0,
      "close": 1197.373,
      "close_try": 1197.373,
      "close_usd": 0,
      "volume": 0
    },
    {
      "update_date": 1739739600,
      "open": 0,
      "highest": 0,
      "lowest": 0,
      "close": 1186.952,
      "close_try": 1186.952,
      "close_usd": 0,
      "volume": 0
    },
    {
      "update_date": 1739826000,
      "open": 0,
      "highest": 0,
      "lowest": 0,
      "close": 1189.415,
      "close_try": 1189.415,
      "close_usd": 0,
      "volume": 0
    },
    {
      "update_date": 1739912400,
      "open": 0,
      "highest": 0,
      "lowest": 0,
      "close": 1180.835,
      "close_try": 1180.835,
      "close_usd": 0,
      "volume": 0
    },
    {
      "update_date": 1739998800,
      "open": 0,
      "highest": 0,
      "lowest": 0,
      "close": 1186.002,
      "close_try": 1186.002,
      "close_usd": 0,
      "volume": 0
    },
    {
      "update_date": 1740085200,
      "open": 0,
      "highest": 0,
      "lowest": 0,
      "close": 1179.909,
      "close_try": 1179.909,
      "close_usd": 0,
      "volume": 0
    },
    {
      "update_date": 1740171600,
      "open": 0,
      "highest": 0,
      "lowest": 0,
      "close": 1179.381,
      "close_try": 1179.381,
      "close_usd": 0,
      "volume": 0
    },
    {
      "update_date": 1740258000,
      "open": 0,
      "highest": 0,
      "lowest": 0,
      "close": 1179.381,
      "close_try": 1179.381,
      "close_usd": 0,
      "volume": 0
    },
    {
      "update_date": 1740344400,
      "open": 0,
      "highest": 0,
      "lowest": 0,
      "close": 1176.175,
      "close_try": 1176.175,
      "close_usd": 0,
      "volume": 0
    },
    {
      "update_date": 1740430800,
      "open": 0,
      "highest": 0,
      "lowest": 0,
      "close": 1173.779,
      "close_try": 1173.779,
      "close_usd": 0,
      "volume": 0
    },
    {
      "update_date": 1740517200,
      "open": 0,
      "highest": 0,
      "lowest": 0,
      "close": 1176.52,
      "close_try": 1176.52,
      "close_usd": 0,
      "volume": 0
    },
    {
      "update_date": 1740603600,
      "open": 0,
      "highest": 0,
      "lowest": 0,
      "close": 1156.099,
      "close_try": 1156.099,
      "close_usd": 0,
      "volume": 0
    },
    {
      "update_date": 1740690000,
      "open": 0,
      "highest": 0,
      "lowest": 0,
      "close": 1153.36,
      "close_try": 1153.36,
      "close_usd": 0,
      "volume": 0
    },
    {
      "update_date": 1740776400,
      "open": 0,
      "highest": 0,
      "lowest": 0,
      "close": 1153.01,
      "close_try": 1153.01,
      "close_usd": 0,
      "volume": 0
    },
    {
      "update_date": 1740862800,
      "open": 0,
      "highest": 0,
      "lowest": 0,
      "close": 1153.01,
      "close_try": 1153.01,
      "close_usd": 0,
      "volume": 0
    },
    {
      "update_date": 1740949200,
      "open": 0,
      "highest": 0,
      "lowest": 0,
      "close": 1156.236,
      "close_try": 1156.236,
      "close_usd": 0,
      "volume": 0
    },
    {
      "update_date": 1741035600,
      "open": 0,
      "highest": 0,
      "lowest": 0,
      "close": 1168.942,
      "close_try": 1168.942,
      "close_usd": 0,
      "volume": 0
    },
    {
      "update_date": 1741122000,
      "open": 0,
      "highest": 0,
      "lowest": 0,
      "close": 1177.333,
      "close_try": 1177.333,
      "close_usd": 0,
      "volume": 0
    },
    {
      "update_date": 1741208400,
      "open": 0,
      "highest": 0,
      "lowest": 0,
      "close": 1175.226,
      "close_try": 1175.226,
      "close_usd": 0,
      "volume": 0
    },
    {
      "update_date": 1741294800,
      "open": 0,
      "highest": 0,
      "lowest": 0,
      "close": 1173.173,
      "close_try": 1173.173,
      "close_usd": 0,
      "volume": 0
    },
    {
      "update_date": 1741381200,
      "open": 0,
      "highest": 0,
      "lowest": 0,
      "close": 1174.294,
      "close_try": 1174.294,
      "close_usd": 0,
      "volume": 0
    },
    {
      "update_date": 1741467600,
      "open": 0,
      "highest": 0,
      "lowest": 0,
      "close": 1174.294,
      "close_try": 1174.294,
      "close_usd": 0,
      "volume": 0
    },
    {
      "update_date": 1741554000,
      "open": 0,
      "highest": 0,
      "lowest": 0,
      "close": 1171.321,
      "close_try": 1171.321,
      "close_usd": 0,
      "volume": 0
    },
    {
      "update_date": 1741640400,
      "open": 0,
      "highest": 0,
      "lowest": 0,
      "close": 1198.126,
      "close_try": 1198.126,
      "close_usd": 0,
      "volume": 0
    },
    {
      "update_date": 1741726800,
      "open": 0,
      "highest": 0,
      "lowest": 0,
      "close": 1206.437,
      "close_try": 1206.437,
      "close_usd": 0,
      "volume": 0
    },
    {
      "update_date": 1741813200,
      "open": 0,
      "highest": 0,
      "lowest": 0,
      "close": 1219.942,
      "close_try": 1219.942,
      "close_usd": 0,
      "volume": 0
    },
    {
      "update_date": 1741899600,
      "open": 0,
      "highest": 0,
      "lowest": 0,
      "close": 1217.843,
      "close_try": 1217.843,
      "close_usd": 0,
      "volume": 0
    },
    {
      "update_date": 1741986000,
      "open": 0,
      "highest": 0,
      "lowest": 0,
      "close": 1215.898,
      "close_try": 1215.898,
      "close_usd": 0,
      "volume": 0
    },
    {
      "update_date": 1742072400,
      "open": 0,
      "highest": 0,
      "lowest": 0,
      "close": 1215.898,
      "close_try": 1215.898,
      "close_usd": 0,
      "volume": 0
    },
    {
      "update_date": 1742158800,
      "open": 0,
      "highest": 0,
      "lowest": 0,
      "close": 1223.047,
      "close_try": 1223.047,
      "close_usd": 0,
      "volume": 0
    },
    {
      "update_date": 1742245200,
      "open": 0,
      "highest": 0,
      "lowest": 0,
      "close": 1229.179,
      "close_try": 1229.179,
      "close_usd": 0,
      "volume": 0
    },
    {
      "update_date": 1742331600,
      "open": 0,
      "highest": 0,
      "lowest": 0,
      "close": 1258.498,
      "close_try": 1258.498,
      "close_usd": 0,
      "volume": 0
    },
    {
      "update_date": 1742418000,
      "open": 0,
      "highest": 0,
      "lowest": 0,
      "close": 1245.743,
      "close_try": 1245.743,
      "close_usd": 0,
      "volume": 0
    },
    {
      "update_date": 1742504400,
      "open": 0,
      "highest": 0,
      "lowest": 0,
      "close": 1232.882,
      "close_try": 1232.882,
      "close_usd": 0,
      "volume": 0
    },
    {
      "update_date": 1742590800,
      "open": 0,
      "highest": 0,
      "lowest": 0,
      "close": 1233.241,
      "close_try": 1233.241,
      "close_usd": 0,
      "volume": 0
    },
    {
      "update_date": 1742677200,
      "open": 0,
      "highest": 0,
      "lowest": 0,
      "close": 1233.241,
      "close_try": 1233.241,
      "close_usd": 0,
      "volume": 0
    },
    {
      "update_date": 1742763600,
      "open": 0,
      "highest": 0,
      "lowest": 0,
      "close": 1231.916,
      "close_try": 1231.916,
      "close_usd": 0,
      "volume": 0
    },
    {
      "update_date": 1742850000,
      "open": 0,
      "highest": 0,
      "lowest": 0,
      "close": 1240.982,
      "close_try": 1240.982,
      "close_usd": 0,
      "volume": 0
    },
    {
      "update_date": 1742936400,
      "open": 0,
      "highest": 0,
      "lowest": 0,
      "close": 1237.319,
      "close_try": 1237.319,
      "close_usd": 0,
      "volume": 0
    },
    {
      "update_date": 1743022800,
      "open": 0,
      "highest": 0,
      "lowest": 0,
      "close": 1250.781,
      "close_try": 1250.781,
      "close_usd": 0,
      "volume": 0
    },
    {
      "update_date": 1743109200,
      "open": 0,
      "highest": 0,
      "lowest": 0,
      "close": 1249.194,
      "close_try": 1249.194,
      "close_usd": 0,
      "volume": 0
    },
    {
      "update_date": 1743195600,
      "open": 0,
      "highest": 0,
      "lowest": 0,
      "close": 1249.167,
      "close_try": 1249.167,
      "close_usd": 0,
      "volume": 0
    },
    {
      "update_date": 1743282000,
      "open": 0,
      "highest": 0,
      "lowest": 0,
      "close": 1249.167,
      "close_try": 1249.167,
      "close_usd": 0,
      "volume": 0
    },
    {
      "update_date": 1743368400,
      "open": 0,
      "highest": 0,
      "lowest": 0,
      "close": 1261.844,
      "close_try": 1261.844,
      "close_usd": 0,
      "volume": 0
    },
    {
      "update_date": 1743454800,
      "open": 0,
      "highest": 0,
      "lowest": 0,
      "close": 1247.41,
      "close_try": 1247.41,
      "close_usd": 0,
      "volume": 0
    },
    {
      "update_date": 1743541200,
      "open": 0,
      "highest": 0,
      "lowest": 0,
      "close": 1236,
      "close_try": 1236,
      "close_usd": 0,
      "volume": 0
    },
    {
      "update_date": 1743627600,
      "open": 0,
      "highest": 0,
      "lowest": 0,
      "close": 1203.887,
      "close_try": 1203.887,
      "close_usd": 0,
      "volume": 0
    },
    {
      "update_date": 1743714000,
      "open": 0,
      "highest": 0,
      "lowest": 0,
      "close": 1171.957,
      "close_try": 1171.957,
      "close_usd": 0,
      "volume": 0
    },
    {
      "update_date": 1743800400,
      "open": 0,
      "highest": 0,
      "lowest": 0,
      "close": 1171.957,
      "close_try": 1171.957,
      "close_usd": 0,
      "volume": 0
    },
    {
      "update_date": 1743886800,
      "open": 0,
      "highest": 0,
      "lowest": 0,
      "close": 1171.957,
      "close_try": 1171.957,
      "close_usd": 0,
      "volume": 0
    },
    {
      "update_date": 1743973200,
      "open": 0,
      "highest": 0,
      "lowest": 0,
      "close": 1164.158,
      "close_try": 1164.158,
      "close_usd": 0,
      "volume": 0
    },
    {
      "update_date": 1744059600,
      "open": 0,
      "highest": 0,
      "lowest": 0,
      "close": 1164.182,
      "close_try": 1164.182,
      "close_usd": 0,
      "volume": 0
    },
    {
      "update_date": 1744146000,
      "open": 0,
      "highest": 0,
      "lowest": 0,
      "close": 1183.316,
      "close_try": 1183.316,
      "close_usd": 0,
      "volume": 0
    },
    {
      "update_date": 1744232400,
      "open": 0,
      "highest": 0,
      "lowest": 0,
      "close": 1181.956,
      "close_try": 1181.956,
      "close_usd": 0,
      "volume": 0
    },
    {
      "update_date": 1744318800,
      "open": 0,
      "highest": 0,
      "lowest": 0,
      "close": 1197.447,
      "close_try": 1197.447,
      "close_usd": 0,
      "volume": 0
    },
    {
      "update_date": 1744405200,
      "open": 0,
      "highest": 0,
      "lowest": 0,
      "close": 1196.486,
      "close_try": 1196.486,
      "close_usd": 0,
      "volume": 0
    },
    {
      "update_date": 1744491600,
      "open": 0,
      "highest": 0,
      "lowest": 0,
      "close": 1196.486,
      "close_try": 1196.486,
      "close_usd": 0,
      "volume": 0
    },
    {
      "update_date": 1744578000,
      "open": 0,
      "highest": 0,
      "lowest": 0,
      "close": 1205.989,
      "close_try": 1205.989,
      "close_usd": 0,
      "volume": 0
    },
    {
      "update_date": 1744664400,
      "open": 0,
      "highest": 0,
      "lowest": 0,
      "close": 1207.966,
      "close_try": 1207.966,
      "close_usd": 0,
      "volume": 0
    },
    {
      "update_date": 1744750800,
      "open": 0,
      "highest": 0,
      "lowest": 0,
      "close": 1232.732,
      "close_try": 1232.732,
      "close_usd": 0,
      "volume": 0
    },
    {
      "update_date": 1744837200,
      "open": 0,
      "highest": 0,
      "lowest": 0,
      "close": 1232.071,
      "close_try": 1232.071,
      "close_usd": 0,
      "volume": 0
    },
    {
      "update_date": 1744923600,
      "open": 0,
      "highest": 0,
      "lowest": 0,
      "close": 1236.346,
      "close_try": 1236.346,
      "close_usd": 0,
      "volume": 0
    },
    {
      "update_date": 1745010000,
      "open": 0,
      "highest": 0,
      "lowest": 0,
      "close": 1234.016,
      "close_try": 1234.016,
      "close_usd": 0,
      "volume": 0
    },
    {
      "update_date": 1745096400,
      "open": 0,
      "highest": 0,
      "lowest": 0,
      "close": 1234.016,
      "close_try": 1234.016,
      "close_usd": 0,
      "volume": 0
    },
    {
      "update_date": 1745182800,
      "open": 0,
      "highest": 0,
      "lowest": 0,
      "close": 1228.569,
      "close_try": 1228.569,
      "close_usd": 0,
      "volume": 0
    },
    {
      "update_date": 1745269200,
      "open": 0,
      "highest": 0,
      "lowest": 0,
      "close": 1222.917,
      "close_try": 1222.917,
      "close_usd": 0,
      "volume": 0
    },
    {
      "update_date": 1745355600,
      "open": 0,
      "highest": 0,
      "lowest": 0,
      "close": 1243.964,
      "close_try": 1243.964,
      "close_usd": 0,
      "volume": 0
    },
    {
      "update_date": 1745442000,
      "open": 0,
      "highest": 0,
      "lowest": 0,
      "close": 1244.616,
      "close_try": 1244.616,
      "close_usd": 0,
      "volume": 0
    },
    {
      "update_date": 1745528400,
      "open": 0,
      "highest": 0,
      "lowest": 0,
      "close": 1248.619,
      "close_try": 1248.619,
      "close_usd": 0,
      "volume": 0
    },
    {
      "update_date": 1745614800,
      "open": 0,
      "highest": 0,
      "lowest": 0,
      "close": 1248.388,
      "close_try": 1248.388,
      "close_usd": 0,
      "volume": 0
    },
    {
      "update_date": 1745701200,
      "open": 0,
      "highest": 0,
      "lowest": 0,
      "close": 1248.388,
      "close_try": 1248.388,
      "close_usd": 0,
      "volume": 0
    },
    {
      "update_date": 1745787600,
      "open": 0,
      "highest": 0,
      "lowest": 0,
      "close": 1268.03,
      "close_try": 1268.03,
      "close_usd": 0,
      "volume": 0
    },
    {
      "update_date": 1745874000,
      "open": 0,
      "highest": 0,
      "lowest": 0,
      "close": 1256.535,
      "close_try": 1256.535,
      "close_usd": 0,
      "volume": 0
    },
    {
      "update_date": 1745960400,
      "open": 0,
      "highest": 0,
      "lowest": 0,
      "close": 1240.825,
      "close_try": 1240.825,
      "close_usd": 0,
      "volume": 0
    },
    {
      "update_date": 1746046800,
      "open": 0,
      "highest": 0,
      "lowest": 0,
      "close": 1240.631,
      "close_try": 1240.631,
      "close_usd": 0,
      "volume": 0
    },
    {
      "update_date": 1746133200,
      "open": 0,
      "highest": 0,
      "lowest": 0,
      "close": 1239.745,
      "close_try": 1239.745,
      "close_usd": 0,
      "volume": 0
    },
    {
      "update_date": 1746219600,
      "open": 0,
      "highest": 0,
      "lowest": 0,
      "close": 1239.725,
      "close_try": 1239.725,
      "close_usd": 0,
      "volume": 0
    },
    {
      "update_date": 1746306000,
      "open": 0,
      "highest": 0,
      "lowest": 0,
      "close": 1239.725,
      "close_try": 1239.725,
      "close_usd": 0,
      "volume": 0
    },
    {
      "update_date": 1746392400,
      "open": 0,
      "highest": 0,
      "lowest": 0,
      "close": 1239.436,
      "close_try": 1239.436,
      "close_usd": 0,
      "volume": 0
    },
    {
      "update_date": 1746478800,
      "open": 0,
      "highest": 0,
      "lowest": 0,
      "close": 1269.86,
      "close_try": 1269.86,
      "close_usd": 0,
      "volume": 0
    },
    {
      "update_date": 1746565200,
      "open": 0,
      "highest": 0,
      "lowest": 0,
      "close": 1258.651,
      "close_try": 1258.651,
      "close_usd": 0,
      "volume": 0
    },
    {
      "update_date": 1746651600,
      "open": 0,
      "highest": 0,
      "lowest": 0,
      "close": 1264.468,
      "close_try": 1264.468,
      "close_usd": 0,
      "volume": 0
    },
    {
      "update_date": 1746738000,
      "open": 0,
      "highest": 0,
      "lowest": 0,
      "close": 1289.635,
      "close_try": 1289.635,
      "close_usd": 0,
      "volume": 0
    },
    {
      "update_date": 1746824400,
      "open": 0,
      "highest": 0,
      "lowest": 0,
      "close": 1289.644,
      "close_try": 1289.644,
      "close_usd": 0,
      "volume": 0
    },
    {
      "update_date": 1746910800,
      "open": 0,
      "highest": 0,
      "lowest": 0,
      "close": 1289.644,
      "close_try": 1289.644,
      "close_usd": 0,
      "volume": 0
    },
    {
      "update_date": 1746997200,
      "open": 0,
      "highest": 0,
      "lowest": 0,
      "close": 1298.838,
      "close_try": 1298.838,
      "close_usd": 0,
      "volume": 0
    },
    {
      "update_date": 1747083600,
      "open": 0,
      "highest": 0,
      "lowest": 0,
      "close": 1289.056,
      "close_try": 1289.056,
      "close_usd": 0,
      "volume": 0
    },
    {
      "update_date": 1747170000,
      "open": 0,
      "highest": 0,
      "lowest": 0,
      "close": 1278.748,
      "close_try": 1278.748,
      "close_usd": 0,
      "volume": 0
    },
    {
      "update_date": 1747256400,
      "open": 0,
      "highest": 0,
      "lowest": 0,
      "close": 1290.382,
      "close_try": 1290.382,
      "close_usd": 0,
      "volume": 0
    },
    {
      "update_date": 1747342800,
      "open": 0,
      "highest": 0,
      "lowest": 0,
      "close": 1290.14,
      "close_try": 1290.14,
      "close_usd": 0,
      "volume": 0
    },
    {
      "update_date": 1747429200,
      "open": 0,
      "highest": 0,
      "lowest": 0,
      "close": 1290.089,
      "close_try": 1290.089,
      "close_usd": 0,
      "volume": 0
    },
    {
      "update_date": 1747515600,
      "open": 0,
      "highest": 0,
      "lowest": 0,
      "close": 1290.089,
      "close_try": 1290.089,
      "close_usd": 0,
      "volume": 0
    },
    {
      "update_date": 1747602000,
      "open": 0,
      "highest": 0,
      "lowest": 0,
      "close": 1299.789,
      "close_try": 1299.789,
      "close_usd": 0,
      "volume": 0
    },
    {
      "update_date": 1747688400,
      "open": 0,
      "highest": 0,
      "lowest": 0,
      "close": 1375.49,
      "close_try": 1375.49,
      "close_usd": 0,
      "volume": 0
    },
    {
      "update_date": 1747774800,
      "open": 0,
      "highest": 0,
      "lowest": 0,
      "close": 1402.518,
      "close_try": 1402.518,
      "close_usd": 0,
      "volume": 0
    },
    {
      "update_date": 1747861200,
      "open": 0,
      "highest": 0,
      "lowest": 0,
      "close": 1409.807,
      "close_try": 1409.807,
      "close_usd": 0,
      "volume": 0
    },
    {
      "update_date": 1747947600,
      "open": 0,
      "highest": 0,
      "lowest": 0,
      "close": 1429.465,
      "close_try": 1429.465,
      "close_usd": 0,
      "volume": 0
    },
    {
      "update_date": 1748034000,
      "open": 0,
      "highest": 0,
      "lowest": 0,
      "close": 1431.939,
      "close_try": 1431.939,
      "close_usd": 0,
      "volume": 0
    },
    {
      "update_date": 1748120400,
      "open": 0,
      "highest": 0,
      "lowest": 0,
      "close": 1431.939,
      "close_try": 1431.939,
      "close_usd": 0,
      "volume": 0
    },
    {
      "update_date": 1748206800,
      "open": 0,
      "highest": 0,
      "lowest": 0,
      "close": 1421.493,
      "close_try": 1421.493,
      "close_usd": 0,
      "volume": 0
    },
    {
      "update_date": 1748293200,
      "open": 0,
      "highest": 0,
      "lowest": 0,
      "close": 1415.245,
      "close_try": 1415.245,
      "close_usd": 0,
      "volume": 0
    },
    {
      "update_date": 1748379600,
      "open": 0,
      "highest": 0,
      "lowest": 0,
      "close": 1415.301,
      "close_try": 1415.301,
      "close_usd": 0,
      "volume": 0
    },
    {
      "update_date": 1748466000,
      "open": 0,
      "highest": 0,
      "lowest": 0,
      "close": 1421.478,
      "close_try": 1421.478,
      "close_usd": 0,
      "volume": 0
    },
    {
      "update_date": 1748552400,
      "open": 0,
      "highest": 0,
      "lowest": 0,
      "close": 1386.906,
      "close_try": 1386.906,
      "close_usd": 0,
      "volume": 0
    },
    {
      "update_date": 1748638800,
      "open": 0,
      "highest": 0,
      "lowest": 0,
      "close": 1386.125,
      "close_try": 1386.125,
      "close_usd": 0,
      "volume": 0
    },
    {
      "update_date": 1748725200,
      "open": 0,
      "highest": 0,
      "lowest": 0,
      "close": 1386.125,
      "close_try": 1386.125,
      "close_usd": 0,
      "volume": 0
    },
    {
      "update_date": 1748811600,
      "open": 0,
      "highest": 0,
      "lowest": 0,
      "close": 1400.365,
      "close_try": 1400.365,
      "close_usd": 0,
      "volume": 0
    },
    {
      "update_date": 1748898000,
      "open": 0,
      "highest": 0,
      "lowest": 0,
      "close": 1414.499,
      "close_try": 1414.499,
      "close_usd": 0,
      "volume": 0
    },
    {
      "update_date": 1748984400,
      "open": 0,
      "highest": 0,
      "lowest": 0,
      "close": 1434.771,
      "close_try": 1434.771,
      "close_usd": 0,
      "volume": 0
    },
    {
      "update_date": 1749070800,
      "open": 0,
      "highest": 0,
      "lowest": 0,
      "close": 1497.649,
      "close_try": 1497.649,
      "close_usd": 0,
      "volume": 0
    },
    {
      "update_date": 1749157200,
      "open": 0,
      "highest": 0,
      "lowest": 0,
      "close": 1534.78,
      "close_try": 1534.78,
      "close_usd": 0,
      "volume": 0
    },
    {
      "update_date": 1749243600,
      "open": 0,
      "highest": 0,
      "lowest": 0,
      "close": 1532.684,
      "close_try": 1532.684,
      "close_usd": 0,
      "volume": 0
    },
    {
      "update_date": 1749330000,
      "open": 0,
      "highest": 0,
      "lowest": 0,
      "close": 1532.684,
      "close_try": 1532.684,
      "close_usd": 0,
      "volume": 0
    },
    {
      "update_date": 1749416400,
      "open": 0,
      "highest": 0,
      "lowest": 0,
      "close": 1601.13,
      "close_try": 1601.13,
      "close_usd": 0,
      "volume": 0
    },
    {
      "update_date": 1749502800,
      "open": 0,
      "highest": 0,
      "lowest": 0,
      "close": 1598.984,
      "close_try": 1598.984,
      "close_usd": 0,
      "volume": 0
    },
    {
      "update_date": 1749589200,
      "open": 0,
      "highest": 0,
      "lowest": 0,
      "close": 1650.82,
      "close_try": 1650.82,
      "close_usd": 0,
      "volume": 0
    },
    {
      "update_date": 1749675600,
      "open": 0,
      "highest": 0,
      "lowest": 0,
      "close": 1710.142,
      "close_try": 1710.142,
      "close_usd": 0,
      "volume": 0
    },
    {
      "update_date": 1749762000,
      "open": 0,
      "highest": 0,
      "lowest": 0,
      "close": 1617.713,
      "close_try": 1617.713,
      "close_usd": 0,
      "volume": 0
    },
    {
      "update_date": 1749848400,
      "open": 0,
      "highest": 0,
      "lowest": 0,
      "close": 1620.327,
      "close_try": 1620.327,
      "close_usd": 0,
      "volume": 0
    },
    {
      "update_date": 1749934800,
      "open": 0,
      "highest": 0,
      "lowest": 0,
      "close": 1620.327,
      "close_try": 1620.327,
      "close_usd": 0,
      "volume": 0
    },
    {
      "update_date": 1750021200,
      "open": 0,
      "highest": 0,
      "lowest": 0,
      "close": 1644.435,
      "close_try": 1644.435,
      "close_usd": 0,
      "volume": 0
    },
    {
      "update_date": 1750107600,
      "open": 0,
      "highest": 0,
      "lowest": 0,
      "close": 1669.801,
      "close_try": 1669.801,
      "close_usd": 0,
      "volume": 0
    },
    {
      "update_date": 1750194000,
      "open": 0,
      "highest": 0,
      "lowest": 0,
      "close": 1747.757,
      "close_try": 1747.757,
      "close_usd": 0,
      "volume": 0
    },
    {
      "update_date": 1750280400,
      "open": 0,
      "highest": 0,
      "lowest": 0,
      "close": 1733.744,
      "close_try": 1733.744,
      "close_usd": 0,
      "volume": 0
    },
    {
      "update_date": 1750366800,
      "open": 0,
      "highest": 0,
      "lowest": 0,
      "close": 1683.927,
      "close_try": 1683.927,
      "close_usd": 0,
      "volume": 0
    },
    {
      "update_date": 1750453200,
      "open": 0,
      "highest": 0,
      "lowest": 0,
      "close": 1683.785,
      "close_try": 1683.785,
      "close_usd": 0,
      "volume": 0
    },
    {
      "update_date": 1750539600,
      "open": 0,
      "highest": 0,
      "lowest": 0,
      "close": 1683.785,
      "close_try": 1683.785,
      "close_usd": 0,
      "volume": 0
    },
    {
      "update_date": 1750626000,
      "open": 0,
      "highest": 0,
      "lowest": 0,
      "close": 1719.603,
      "close_try": 1719.603,
      "close_usd": 0,
      "volume": 0
    },
    {
      "update_date": 1750712400,
      "open": 0,
      "highest": 0,
      "lowest": 0,
      "close": 1747.98,
      "close_try": 1747.98,
      "close_usd": 0,
      "volume": 0
    },
    {
      "update_date": 1750798800,
      "open": 0,
      "highest": 0,
      "lowest": 0,
      "close": 1800.536,
      "close_try": 1800.536,
      "close_usd": 0,
      "volume": 0
    },
    {
      "update_date": 1750885200,
      "open": 0,
      "highest": 0,
      "lowest": 0,
      "close": 1891.309,
      "close_try": 1891.309,
      "close_usd": 0,
      "volume": 0
    },
    {
      "update_date": 1750971600,
      "open": 0,
      "highest": 0,
      "lowest": 0,
      "close": 1789.487,
      "close_try": 1789.487,
      "close_usd": 0,
      "volume": 0
    },
    {
      "update_date": 1751058000,
      "open": 0,
      "highest": 0,
      "lowest": 0,
      "close": 1790.595,
      "close_try": 1790.595,
      "close_usd": 0,
      "volume": 0
    },
    {
      "update_date": 1751144400,
      "open": 0,
      "highest": 0,
      "lowest": 0,
      "close": 1790.595,
      "close_try": 1790.595,
      "close_usd": 0,
      "volume": 0
    },
    {
      "update_date": 1751230800,
      "open": 0,
      "highest": 0,
      "lowest": 0,
      "close": 1806.565,
      "close_try": 1806.565,
      "close_usd": 0,
      "volume": 0
    },
    {
      "update_date": 1751317200,
      "open": 0,
      "highest": 0,
      "lowest": 0,
      "close": 1805.035,
      "close_try": 1805.035,
      "close_usd": 0,
      "volume": 0
    },
    {
      "update_date": 1751403600,
      "open": 0,
      "highest": 0,
      "lowest": 0,
      "close": 1889.253,
      "close_try": 1889.253,
      "close_usd": 0,
      "volume": 0
    },
    {
      "update_date": 1751490000,
      "open": 0,
      "highest": 0,
      "lowest": 0,
      "close": 1831.786,
      "close_try": 1831.786,
      "close_usd": 0,
      "volume": 0
    },
    {
      "update_date": 1751576400,
      "open": 0,
      "highest": 0,
      "lowest": 0,
      "close": 1864.102,
      "close_try": 1864.102,
      "close_usd": 0,
      "volume": 0
    },
    {
      "update_date": 1751662800,
      "open": 0,
      "highest": 0,
      "lowest": 0,
      "close": 1864.105,
      "close_try": 1864.105,
      "close_usd": 0,
      "volume": 0
    },
    {
      "update_date": 1751749200,
      "open": 0,
      "highest": 0,
      "lowest": 0,
      "close": 1864.105,
      "close_try": 1864.105,
      "close_usd": 0,
      "volume": 0
    },
    {
      "update_date": 1751835600,
      "open": 0,
      "highest": 0,
      "lowest": 0,
      "close": 1839.255,
      "close_try": 1839.255,
      "close_usd": 0,
      "volume": 0
    },
    {
      "update_date": 1751922000,
      "open": 0,
      "highest": 0,
      "lowest": 0,
      "close": 1835.956,
      "close_try": 1835.956,
      "close_usd": 0,
      "volume": 0
    },
    {
      "update_date": 1752008400,
      "open": 0,
      "highest": 0,
      "lowest": 0,
      "close": 1811.765,
      "close_try": 1811.765,
      "close_usd": 0,
      "volume": 0
    },
    {
      "update_date": 1752094800,
      "open": 0,
      "highest": 0,
      "lowest": 0,
      "close": 1837.529,
      "close_try": 1837.529,
      "close_usd": 0,
      "volume": 0
    },
    {
      "update_date": 1752181200,
      "open": 0,
      "highest": 0,
      "lowest": 0,
      "close": 1902.35,
      "close_try": 1902.35,
      "close_usd": 0,
      "volume": 0
    },
    {
      "update_date": 1752267600,
      "open": 0,
      "highest": 0,
      "lowest": 0,
      "close": 1902.157,
      "close_try": 1902.157,
      "close_usd": 0,
      "volume": 0
    },
    {
      "update_date": 1752354000,
      "open": 0,
      "highest": 0,
      "lowest": 0,
      "close": 1902.157,
      "close_try": 1902.157,
      "close_usd": 0,
      "volume": 0
    },
    {
      "update_date": 1752440400,
      "open": 0,
      "highest": 0,
      "lowest": 0,
      "close": 1841.096,
      "close_try": 1841.096,
      "close_usd": 0,
      "volume": 0
    },
    {
      "update_date": 1752526800,
      "open": 0,
      "highest": 0,
      "lowest": 0,
      "close": 1846.009,
      "close_try": 1846.009,
      "close_usd": 0,
      "volume": 0
    },
    {
      "update_date": 1752613200,
      "open": 0,
      "highest": 0,
      "lowest": 0,
      "close": 1918.842,
      "close_try": 1918.842,
      "close_usd": 0,
      "volume": 0
    },
    {
      "update_date": 1752699600,
      "open": 0,
      "highest": 0,
      "lowest": 0,
      "close": 1978.853,
      "close_try": 1978.853,
      "close_usd": 0,
      "volume": 0
    },
    {
      "update_date": 1752786000,
      "open": 0,
      "highest": 0,
      "lowest": 0,
      "close": 1937.048,
      "close_try": 1937.048,
      "close_usd": 0,
      "volume": 0
    },
    {
      "update_date": 1752872400,
      "open": 0,
      "highest": 0,
      "lowest": 0,
      "close": 1936.583,
      "close_try": 1936.583,
      "close_usd": 0,
      "volume": 0
    },
    {
      "update_date": 1752958800,
      "open": 0,
      "highest": 0,
      "lowest": 0,
      "close": 1936.583,
      "close_try": 1936.583,
      "close_usd": 0,
      "volume": 0
    },
    {
      "update_date": 1753045200,
      "open": 0,
      "highest": 0,
      "lowest": 0,
      "close": 1959.354,
      "close_try": 1959.354,
      "close_usd": 0,
      "volume": 0
    },
    {
      "update_date": 1753131600,
      "open": 0,
      "highest": 0,
      "lowest": 0,
      "close": 1956.239,
      "close_try": 1956.239,
      "close_usd": 0,
      "volume": 0
    },
    {
      "update_date": 1753218000,
      "open": 0,
      "highest": 0,
      "lowest": 0,
      "close": 1920.539,
      "close_try": 1920.539,
      "close_usd": 0,
      "volume": 0
    },
    {
      "update_date": 1753304400,
      "open": 0,
      "highest": 0,
      "lowest": 0,
      "close": 1942.199,
      "close_try": 1942.199,
      "close_usd": 0,
      "volume": 0
    },
    {
      "update_date": 1753390800,
      "open": 0,
      "highest": 0,
      "lowest": 0,
      "close": 1908.716,
      "close_try": 1908.716,
      "close_usd": 0,
      "volume": 0
    },
    {
      "update_date": 1753477200,
      "open": 0,
      "highest": 0,
      "lowest": 0,
      "close": 1909.264,
      "close_try": 1909.264,
      "close_usd": 0,
      "volume": 0
    },
    {
      "update_date": 1753563600,
      "open": 0,
      "highest": 0,
      "lowest": 0,
      "close": 1909.264,
      "close_try": 1909.264,
      "close_usd": 0,
      "volume": 0
    },
    {
      "update_date": 1753650000,
      "open": 0,
      "highest": 0,
      "lowest": 0,
      "close": 1894.035,
      "close_try": 1894.035,
      "close_usd": 0,
      "volume": 0
    },
    {
      "update_date": 1753736400,
      "open": 0,
      "highest": 0,
      "lowest": 0,
      "close": 1891.874,
      "close_try": 1891.874,
      "close_usd": 0,
      "volume": 0
    },
    {
      "update_date": 1753822800,
      "open": 0,
      "highest": 0,
      "lowest": 0,
      "close": 1788.149,
      "close_try": 1788.149,
      "close_usd": 0,
      "volume": 0
    },
    {
      "update_date": 1753909200,
      "open": 0,
      "highest": 0,
      "lowest": 0,
      "close": 1758.503,
      "close_try": 1758.503,
      "close_usd": 0,
      "volume": 0
    },
    {
      "update_date": 1753995600,
      "open": 0,
      "highest": 0,
      "lowest": 0,
      "close": 1796.085,
      "close_try": 1796.085,
      "close_usd": 0,
      "volume": 0
    },
    {
      "update_date": 1754082000,
      "open": 0,
      "highest": 0,
      "lowest": 0,
      "close": 1797.293,
      "close_try": 1797.293,
      "close_usd": 0,
      "volume": 0
    },
    {
      "update_date": 1754168400,
      "open": 0,
      "highest": 0,
      "lowest": 0,
      "close": 1797.293,
      "close_try": 1797.293,
      "close_usd": 0,
      "volume": 0
    },
    {
      "update_date": 1754254800,
      "open": 0,
      "highest": 0,
      "lowest": 0,
      "close": 1810.669,
      "close_try": 1810.669,
      "close_usd": 0,
      "volume": 0
    },
    {
      "update_date": 1754341200,
      "open": 0,
      "highest": 0,
      "lowest": 0,
      "close": 1801.609,
      "close_try": 1801.609,
      "close_usd": 0,
      "volume": 0
    },
    {
      "update_date": 1754427600,
      "open": 0,
      "highest": 0,
      "lowest": 0,
      "close": 1818.261,
      "close_try": 1818.261,
      "close_usd": 0,
      "volume": 0
    },
    {
      "update_date": 1754514000,
      "open": 0,
      "highest": 0,
      "lowest": 0,
      "close": 1815.691,
      "close_try": 1815.691,
      "close_usd": 0,
      "volume": 0
    },
    {
      "update_date": 1754600400,
      "open": 0,
      "highest": 0,
      "lowest": 0,
      "close": 1813.545,
      "close_try": 1813.545,
      "close_usd": 0,
      "volume": 0
    },
    {
      "update_date": 1754686800,
      "open": 0,
      "highest": 0,
      "lowest": 0,
      "close": 1815.641,
      "close_try": 1815.641,
      "close_usd": 0,
      "volume": 0
    },
    {
      "update_date": 1754773200,
      "open": 0,
      "highest": 0,
      "lowest": 0,
      "close": 1815.641,
      "close_try": 1815.641,
      "close_usd": 0,
      "volume": 0
    },
    {
      "update_date": 1754859600,
      "open": 0,
      "highest": 0,
      "lowest": 0,
      "close": 1796.399,
      "close_try": 1796.399,
      "close_usd": 0,
      "volume": 0
    },
    {
      "update_date": 1754946000,
      "open": 0,
      "highest": 0,
      "lowest": 0,
      "close": 1826.081,
      "close_try": 1826.081,
      "close_usd": 0,
      "volume": 0
    },
    {
      "update_date": 1755032400,
      "open": 0,
      "highest": 0,
      "lowest": 0,
      "close": 1829.042,
      "close_try": 1829.042,
      "close_usd": 0,
      "volume": 0
    },
    {
      "update_date": 1755118800,
      "open": 0,
      "highest": 0,
      "lowest": 0,
      "close": 1855.096,
      "close_try": 1855.096,
      "close_usd": 0,
      "volume": 0
    },
    {
      "update_date": 1755205200,
      "open": 0,
      "highest": 0,
      "lowest": 0,
      "close": 1832.882,
      "close_try": 1832.882,
      "close_usd": 0,
      "volume": 0
    },
    {
      "update_date": 1755291600,
      "open": 0,
      "highest": 0,
      "lowest": 0,
      "close": 1831.728,
      "close_try": 1831.728,
      "close_usd": 0,
      "volume": 0
    },
    {
      "update_date": 1755378000,
      "open": 0,
      "highest": 0,
      "lowest": 0,
      "close": 1831.728,
      "close_try": 1831.728,
      "close_usd": 0,
      "volume": 0
    },
    {
      "update_date": 1755464400,
      "open": 0,
      "highest": 0,
      "lowest": 0,
      "close": 1820.974,
      "close_try": 1820.974,
      "close_usd": 0,
      "volume": 0
    },
    {
      "update_date": 1755550800,
      "open": 0,
      "highest": 0,
      "lowest": 0,
      "close": 1796.562,
      "close_try": 1796.562,
      "close_usd": 0,
      "volume": 0
    },
    {
      "update_date": 1755637200,
      "open": 0,
      "highest": 0,
      "lowest": 0,
      "close": 1832.264,
      "close_try": 1832.264,
      "close_usd": 0,
      "volume": 0
    },
    {
      "update_date": 1755723600,
      "open": 0,
      "highest": 0,
      "lowest": 0,
      "close": 1858.689,
      "close_try": 1858.689,
      "close_usd": 0,
      "volume": 0
    },
    {
      "update_date": 1755810000,
      "open": 0,
      "highest": 0,
      "lowest": 0,
      "close": 1864.217,
      "close_try": 1864.217,
      "close_usd": 0,
      "volume": 0
    },
    {
      "update_date": 1755896400,
      "open": 0,
      "highest": 0,
      "lowest": 0,
      "close": 1862.246,
      "close_try": 1862.246,
      "close_usd": 0,
      "volume": 0
    },
    {
      "update_date": 1755982800,
      "open": 0,
      "highest": 0,
      "lowest": 0,
      "close": 1862.246,
      "close_try": 1862.246,
      "close_usd": 0,
      "volume": 0
    },
    {
      "update_date": 1756069200,
      "open": 0,
      "highest": 0,
      "lowest": 0,
      "close": 1839.886,
      "close_try": 1839.886,
      "close_usd": 0,
      "volume": 0
    },
    {
      "update_date": 1756155600,
      "open": 0,
      "highest": 0,
      "lowest": 0,
      "close": 1855.41,
      "close_try": 1855.41,
      "close_usd": 0,
      "volume": 0
    },
    {
      "update_date": 1756242000,
      "open": 0,
      "highest": 0,
      "lowest": 0,
      "close": 1850.112,
      "close_try": 1850.112,
      "close_usd": 0,
      "volume": 0
    },
    {
      "update_date": 1756328400,
      "open": 0,
      "highest": 0,
      "lowest": 0,
      "close": 1868.276,
      "close_try": 1868.276,
      "close_usd": 0,
      "volume": 0
    },
    {
      "update_date": 1756414800,
      "open": 0,
      "highest": 0,
      "lowest": 0,
      "close": 1886.622,
      "close_try": 1886.622,
      "close_usd": 0,
      "volume": 0
    },
    {
      "update_date": 1756501200,
      "open": 0,
      "highest": 0,
      "lowest": 0,
      "close": 1886.892,
      "close_try": 1886.892,
      "close_usd": 0,
      "volume": 0
    },
    {
      "update_date": 1756587600,
      "open": 0,
      "highest": 0,
      "lowest": 0,
      "close": 1886.892,
      "close_try": 1886.892,
      "close_usd": 0,
      "volume": 0
    },
    {
      "update_date": 1756674000,
      "open": 0,
      "highest": 0,
      "lowest": 0,
      "close": 1934.436,
      "close_try": 1934.436,
      "close_usd": 0,
      "volume": 0
    },
    {
      "update_date": 1756760400,
      "open": 0,
      "highest": 0,
      "lowest": 0,
      "close": 1937.961,
      "close_try": 1937.961,
      "close_usd": 0,
      "volume": 0
    },
    {
      "update_date": 1756846800,
      "open": 0,
      "highest": 0,
      "lowest": 0,
      "close": 1958.162,
      "close_try": 1958.162,
      "close_usd": 0,
      "volume": 0
    },
    {
      "update_date": 1756933200,
      "open": 0,
      "highest": 0,
      "lowest": 0,
      "close": 1891.683,
      "close_try": 1891.683,
      "close_usd": 0,
      "volume": 0
    },
    {
      "update_date": 1757019600,
      "open": 0,
      "highest": 0,
      "lowest": 0,
      "close": 1902.437,
      "close_try": 1902.437,
      "close_usd": 0,
      "volume": 0
    },
    {
      "update_date": 1757106000,
      "open": 0,
      "highest": 0,
      "lowest": 0,
      "close": 1902.779,
      "close_try": 1902.779,
      "close_usd": 0,
      "volume": 0
    },
    {
      "update_date": 1757192400,
      "open": 0,
      "highest": 0,
      "lowest": 0,
      "close": 1902.779,
      "close_try": 1902.779,
      "close_usd": 0,
      "volume": 0
    },
    {
      "update_date": 1757278800,
      "open": 0,
      "highest": 0,
      "lowest": 0,
      "close": 1940.287,
      "close_try": 1940.287,
      "close_usd": 0,
      "volume": 0
    },
    {
      "update_date": 1757365200,
      "open": 0,
      "highest": 0,
      "lowest": 0,
      "close": 1894.916,
      "close_try": 1894.916,
      "close_usd": 0,
      "volume": 0
    },
    {
      "update_date": 1757451600,
      "open": 0,
      "highest": 0,
      "lowest": 0,
      "close": 1919.236,
      "close_try": 1919.236,
      "close_usd": 0,
      "volume": 0
    },
    {
      "update_date": 1757538000,
      "open": 0,
      "highest": 0,
      "lowest": 0,
      "close": 1911.961,
      "close_try": 1911.961,
      "close_usd": 0,
      "volume": 0
    },
    {
      "update_date": 1757624400,
      "open": 0,
      "highest": 0,
      "lowest": 0,
      "close": 1932.111,
      "close_try": 1932.111,
      "close_usd": 0,
      "volume": 0
    },
    {
      "update_date": 1757710800,
      "open": 0,
      "highest": 0,
      "lowest": 0,
      "close": 1929.268,
      "close_try": 1929.268,
      "close_usd": 0,
      "volume": 0
    },
    {
      "update_date": 1757797200,
      "open": 0,
      "highest": 0,
      "lowest": 0,
      "close": 1929.268,
      "close_try": 1929.268,
      "close_usd": 0,
      "volume": 0
    },
    {
      "update_date": 1757883600,
      "open": 0,
      "highest": 0,
      "lowest": 0,
      "close": 1939.101,
      "close_try": 1939.101,
      "close_usd": 0,
      "volume": 0
    },
    {
      "update_date": 1757970000,
      "open": 0,
      "highest": 0,
      "lowest": 0,
      "close": 1923.556,
      "close_try": 1923.556,
      "close_usd": 0,
      "volume": 0
    },
    {
      "update_date": 1758056400,
      "open": 0,
      "highest": 0,
      "lowest": 0,
      "close": 1887.588,
      "close_try": 1887.588,
      "close_usd": 0,
      "volume": 0
    },
    {
      "update_date": 1758142800,
      "open": 0,
      "highest": 0,
      "lowest": 0,
      "close": 1912.446,
      "close_try": 1912.446,
      "close_usd": 0,
      "volume": 0
    },
    {
      "update_date": 1758229200,
      "open": 0,
      "highest": 0,
      "lowest": 0,
      "close": 1949.674,
      "close_try": 1949.674,
      "close_usd": 0,
      "volume": 0
    },
    {
      "update_date": 1758315600,
      "open": 0,
      "highest": 0,
      "lowest": 0,
      "close": 1949.895,
      "close_try": 1949.895,
      "close_usd": 0,
      "volume": 0
    },
    {
      "update_date": 1758402000,
      "open": 0,
      "highest": 0,
      "lowest": 0,
      "close": 1949.895,
      "close_try": 1949.895,
      "close_usd": 0,
      "volume": 0
    },
    {
      "update_date": 1758488400,
      "open": 0,
      "highest": 0,
      "lowest": 0,
      "close": 1960.912,
      "close_try": 1960.912,
      "close_usd": 0,
      "volume": 0
    },
    {
      "update_date": 1758574800,
      "open": 0,
      "highest": 0,
      "lowest": 0,
      "close": 2043.392,
      "close_try": 2043.392,
      "close_usd": 0,
      "volume": 0
    },
    {
      "update_date": 1758661200,
      "open": 0,
      "highest": 0,
      "lowest": 0,
      "close": 2040.358,
      "close_try": 2040.358,
      "close_usd": 0,
      "volume": 0
    },
    {
      "update_date": 1758747600,
      "open": 0,
      "highest": 0,
      "lowest": 0,
      "close": 2118.029,
      "close_try": 2118.029,
      "close_usd": 0,
      "volume": 0
    },
    {
      "update_date": 1758834000,
      "open": 0,
      "highest": 0,
      "lowest": 0,
      "close": 2198.076,
      "close_try": 2198.076,
      "close_usd": 0,
      "volume": 0
    },
    {
      "update_date": 1758920400,
      "open": 0,
      "highest": 0,
      "lowest": 0,
      "close": 2194.373,
      "close_try": 2194.373,
      "close_usd": 0,
      "volume": 0
    },
    {
      "update_date": 1759006800,
      "open": 0,
      "highest": 0,
      "lowest": 0,
      "close": 2194.373,
      "close_try": 2194.373,
      "close_usd": 0,
      "volume": 0
    },
    {
      "update_date": 1759093200,
      "open": 0,
      "highest": 0,
      "lowest": 0,
      "close": 2224.688,
      "close_try": 2224.688,
      "close_usd": 0,
      "volume": 0
    },
    {
      "update_date": 1759179600,
      "open": 0,
      "highest": 0,
      "lowest": 0,
      "close": 2188.136,
      "close_try": 2188.136,
      "close_usd": 0,
      "volume": 0
    },
    {
      "update_date": 1759266000,
      "open": 0,
      "highest": 0,
      "lowest": 0,
      "close": 2170.931,
      "close_try": 2170.931,
      "close_usd": 0,
      "volume": 0
    },
    {
      "update_date": 1759352400,
      "open": 0,
      "highest": 0,
      "lowest": 0,
      "close": 2189.336,
      "close_try": 2189.336,
      "close_usd": 0,
      "volume": 0
    },
    {
      "update_date": 1759438800,
      "open": 0,
      "highest": 0,
      "lowest": 0,
      "close": 2235.769,
      "close_try": 2235.769,
      "close_usd": 0,
      "volume": 0
    },
    {
      "update_date": 1759525200,
      "open": 0,
      "highest": 0,
      "lowest": 0,
      "close": 2235.738,
      "close_try": 2235.738,
      "close_usd": 0,
      "volume": 0
    },
    {
      "update_date": 1759611600,
      "open": 0,
      "highest": 0,
      "lowest": 0,
      "close": 2235.738,
      "close_try": 2235.738,
      "close_usd": 0,
      "volume": 0
    },
    {
      "update_date": 1759698000,
      "open": 0,
      "highest": 0,
      "lowest": 0,
      "close": 2264.687,
      "close_try": 2264.687,
      "close_usd": 0,
      "volume": 0
    },
    {
      "update_date": 1759784400,
      "open": 0,
      "highest": 0,
      "lowest": 0,
      "close": 2262.877,
      "close_try": 2262.877,
      "close_usd": 0,
      "volume": 0
    },
    {
      "update_date": 1759870800,
      "open": 0,
      "highest": 0,
      "lowest": 0,
      "close": 2316.51,
      "close_try": 2316.51,
      "close_usd": 0,
      "volume": 0
    },
    {
      "update_date": 1759957200,
      "open": 0,
      "highest": 0,
      "lowest": 0,
      "close": 2266.187,
      "close_try": 2266.187,
      "close_usd": 0,
      "volume": 0
    },
    {
      "update_date": 1760043600,
      "open": 0,
      "highest": 0,
      "lowest": 0,
      "close": 2231.007,
      "close_try": 2231.007,
      "close_usd": 0,
      "volume": 0
    },
    {
      "update_date": 1760130000,
      "open": 0,
      "highest": 0,
      "lowest": 0,
      "close": 2240.447,
      "close_try": 2240.447,
      "close_usd": 0,
      "volume": 0
    },
    {
      "update_date": 1760216400,
      "open": 0,
      "highest": 0,
      "lowest": 0,
      "close": 2240.447,
      "close_try": 2240.447,
      "close_usd": 0,
      "volume": 0
    },
    {
      "update_date": 1760302800,
      "open": 0,
      "highest": 0,
      "lowest": 0,
      "close": 2275.798,
      "close_try": 2275.798,
      "close_usd": 0,
      "volume": 0
    },
    {
      "update_date": 1760389200,
      "open": 0,
      "highest": 0,
      "lowest": 0,
      "close": 2285.435,
      "close_try": 2285.435,
      "close_usd": 0,
      "volume": 0
    },
    {
      "update_date": 1760475600,
      "open": 0,
      "highest": 0,
      "lowest": 0,
      "close": 2330.295,
      "close_try": 2330.295,
      "close_usd": 0,
      "volume": 0
    },
    {
      "update_date": 1760562000,
      "open": 0,
      "highest": 0,
      "lowest": 0,
      "close": 2401.909,
      "close_try": 2401.909,
      "close_usd": 0,
      "volume": 0
    },
    {
      "update_date": 1760648400,
      "open": 0,
      "highest": 0,
      "lowest": 0,
      "close": 2279.553,
      "close_try": 2279.553,
      "close_usd": 0,
      "volume": 0
    }
  ]
}