{
  "asset_key": "1-HKD",
  "date_range": {
    "start": "2015-10-20T13:27:35.222660",
    "end": "2025-10-17T13:27:35.222660",
    "days": 252
  },
  "archive": [
    {
      "update_date": 1738875600,
      "open": 0,
      "highest": 0,
      "lowest": 0,
      "close": 4.7647,
      "close_try": 4.7647,
      "close_usd": 0,
      "volume": 0
    },
    {
      "update_date": 1738962000,
      "open": 0,
      "highest": 0,
      "lowest": 0,
      "close": 4.7647,
      "close_try": 4.7647,
      "close_usd": 0,
      "volume": 0
    },
    {
      "update_date": 1739048400,
      "open": 0,
      "highest": 0,
      "lowest": 0,
      "close": 4.7647,
      "close_try": 4.7647,
      "close_usd": 0,
      "volume": 0
    },
    {
      "update_date": 1739134800,
      "open": 0,
      "highest": 0,
      "lowest": 0,
      "close": 4.7689,
      "close_try": 4.7689,
      "close_usd": 0,
      "volume": 0
    },
    {
      "update_date": 1739221200,
      "open": 0,
      "highest": 0,
      "lowest": 0,
      "close": 4.7732,
      "close_try": 4.7732,
      "close_usd": 0,
      "volume": 0
    },
    {
      "update_date": 1739307600,
      "open": 0,
      "highest": 0,
      "lowest": 0,
      "close": 4.7823,
      "close_try": 4.7823,
      "close_usd": 0,
      "volume": 0
    },
    {
      "update_date": 1739480400,
      "open": 0,
      "highest": 0,
      "lowest": 0,
      "close": 4.8027,
      "close_try": 4.8027,
      "close_usd": 0,
      "volume": 0
    },
    {
      "update_date": 1739566800,
      "open": 0,
      "highest": 0,
      "lowest": 0,
      "close": 4.8024,
      "close_try": 4.8024,
      "close_usd": 0,
      "volume": 0
    },
    {
      "update_date": 1739653200,
      "open": 0,
      "highest": 0,
      "lowest": 0,
      "close": 4.8024,
      "close_try": 4.8024,
      "close_usd": 0,
      "volume": 0
    },
    {
      "update_date": 1739739600,
      "open": 0,
      "highest": 0,
      "lowest": 0,
      "close": 4.8058,
      "close_try": 4.8058,
      "close_usd": 0,
      "volume": 0
    },
    {
      "update_date": 1739826000,
      "open": 0,
      "highest": 0,
      "lowest": 0,
      "close": 4.814,
      "close_try": 4.814,
      "close_usd": 0,
      "volume": 0
    },
    {
      "update_date": 1739912400,
      "open": 0,
      "highest": 0,
      "lowest": 0,
      "close": 4.8144,
      "close_try": 4.8144,
      "close_usd": 0,
      "volume": 0
    },
    {
      "update_date": 1739998800,
      "open": 0,
      "highest": 0,
      "lowest": 0,
      "close": 4.815,
      "close_try": 4.815,
      "close_usd": 0,
      "volume": 0
    },
    {
      "update_date": 1740085200,
      "open": 0,
      "highest": 0,
      "lowest": 0,
      "close": 4.8388,
      "close_try": 4.8388,
      "close_usd": 0,
      "volume": 0
    },
    {
      "update_date": 1740171600,
      "open": 0,
      "highest": 0,
      "lowest": 0,
      "close": 4.8377,
      "close_try": 4.8377,
      "close_usd": 0,
      "volume": 0
    },
    {
      "update_date": 1740258000,
      "open": 0,
      "highest": 0,
      "lowest": 0,
      "close": 4.8377,
      "close_try": 4.8377,
      "close_usd": 0,
      "volume": 0
    },
    {
      "update_date": 1740344400,
      "open": 0,
      "highest": 0,
      "lowest": 0,
      "close": 4.8336,
      "close_try": 4.8336,
      "close_usd": 0,
      "volume": 0
    },
    {
      "update_date": 1740430800,
      "open": 0,
      "highest": 0,
      "lowest": 0,
      "close": 4.8363,
      "close_try": 4.8363,
      "close_usd": 0,
      "volume": 0
    },
    {
      "update_date": 1740517200,
      "open": 0,
      "highest": 0,
      "lowest": 0,
      "close": 4.8386,
      "close_try": 4.8386,
      "close_usd": 0,
      "volume": 0
    },
    {
      "update_date": 1740603600,
      "open": 0,
      "highest": 0,
      "lowest": 0,
      "close": 4.8318,
      "close_try": 4.8318,
      "close_usd": 0,
      "volume": 0
    },
    {
      "update_date": 1740690000,
      "open": 0,
      "highest": 0,
      "lowest": 0,
      "close": 4.8418,
      "close_try": 4.8418,
      "close_usd": 0,
      "volume": 0
    },
    {
      "update_date": 1740776400,
      "open": 0,
      "highest": 0,
      "lowest": 0,
      "close": 4.8413,
      "close_try": 4.8413,
      "close_usd": 0,
      "volume": 0
    },
    {
      "update_date": 1740862800,
      "open": 0,
      "highest": 0,
      "lowest": 0,
      "close": 4.8413,
      "close_try": 4.8413,
      "close_usd": 0,
      "volume": 0
    },
    {
      "update_date": 1740949200,
      "open": 0,
      "highest": 0,
      "lowest": 0,
      "close": 4.8335,
      "close_try": 4.8335,
      "close_usd": 0,
      "volume": 0
    },
    {
      "update_date": 1741035600,
      "open": 0,
      "highest": 0,
      "lowest": 0,
      "close": 4.837,
      "close_try": 4.837,
      "close_usd": 0,
      "volume": 0
    },
    {
      "update_date": 1741122000,
      "open": 0,
      "highest": 0,
      "lowest": 0,
      "close": 4.834,
      "close_try": 4.834,
      "close_usd": 0,
      "volume": 0
    },
    {
      "update_date": 1741208400,
      "open": 0,
      "highest": 0,
      "lowest": 0,
      "close": 4.8338,
      "close_try": 4.8338,
      "close_usd": 0,
      "volume": 0
    },
    {
      "update_date": 1741294800,
      "open": 0,
      "highest": 0,
      "lowest": 0,
      "close": 4.8424,
      "close_try": 4.8424,
      "close_usd": 0,
      "volume": 0
    },
    {
      "update_date": 1741381200,
      "open": 0,
      "highest": 0,
      "lowest": 0,
      "close": 4.8415,
      "close_try": 4.8415,
      "close_usd": 0,
      "volume": 0
    },
    {
      "update_date": 1741467600,
      "open": 0,
      "highest": 0,
      "lowest": 0,
      "close": 4.8415,
      "close_try": 4.8415,
      "close_usd": 0,
      "volume": 0
    },
    {
      "update_date": 1741554000,
      "open": 0,
      "highest": 0,
      "lowest": 0,
      "close": 4.8537,
      "close_try": 4.8537,
      "close_usd": 0,
      "volume": 0
    },
    {
      "update_date": 1741640400,
      "open": 0,
      "highest": 0,
      "lowest": 0,
      "close": 4.8571,
      "close_try": 4.8571,
      "close_usd": 0,
      "volume": 0
    },
    {
      "update_date": 1741726800,
      "open": 0,
      "highest": 0,
      "lowest": 0,
      "close": 4.8574,
      "close_try": 4.8574,
      "close_usd": 0,
      "volume": 0
    },
    {
      "update_date": 1741813200,
      "open": 0,
      "highest": 0,
      "lowest": 0,
      "close": 4.858,
      "close_try": 4.858,
      "close_usd": 0,
      "volume": 0
    },
    {
      "update_date": 1741899600,
      "open": 0,
      "highest": 0,
      "lowest": 0,
      "close": 4.8628,
      "close_try": 4.8628,
      "close_usd": 0,
      "volume": 0
    },
    {
      "update_date": 1741986000,
      "open": 0,
      "highest": 0,
      "lowest": 0,
      "close": 4.8554,
      "close_try": 4.8554,
      "close_usd": 0,
      "volume": 0
    },
    {
      "update_date": 1742072400,
      "open": 0,
      "highest": 0,
      "lowest": 0,
      "close": 4.8554,
      "close_try": 4.8554,
      "close_usd": 0,
      "volume": 0
    },
    {
      "update_date": 1742158800,
      "open": 0,
      "highest": 0,
      "lowest": 0,
      "close": 4.8648,
      "close_try": 4.8648,
      "close_usd": 0,
      "volume": 0
    },
    {
      "update_date": 1742245200,
      "open": 0,
      "highest": 0,
      "lowest": 0,
      "close": 4.8707,
      "close_try": 4.8707,
      "close_usd": 0,
      "volume": 0
    },
    {
      "update_date": 1742331600,
      "open": 0,
      "highest": 0,
      "lowest": 0,
      "close": 5.0239,
      "close_try": 5.0239,
      "close_usd": 0,
      "volume": 0
    },
    {
      "update_date": 1742418000,
      "open": 0,
      "highest": 0,
      "lowest": 0,
      "close": 5.0121,
      "close_try": 5.0121,
      "close_usd": 0,
      "volume": 0
    },
    {
      "update_date": 1742504400,
      "open": 0,
      "highest": 0,
      "lowest": 0,
      "close": 5.0031,
      "close_try": 5.0031,
      "close_usd": 0,
      "volume": 0
    },
    {
      "update_date": 1742590800,
      "open": 0,
      "highest": 0,
      "lowest": 0,
      "close": 5.002,
      "close_try": 5.002,
      "close_usd": 0,
      "volume": 0
    },
    {
      "update_date": 1742677200,
      "open": 0,
      "highest": 0,
      "lowest": 0,
      "close": 5.002,
      "close_try": 5.002,
      "close_usd": 0,
      "volume": 0
    },
    {
      "update_date": 1742763600,
      "open": 0,
      "highest": 0,
      "lowest": 0,
      "close": 5.0307,
      "close_try": 5.0307,
      "close_usd": 0,
      "volume": 0
    },
    {
      "update_date": 1742850000,
      "open": 0,
      "highest": 0,
      "lowest": 0,
      "close": 5.032,
      "close_try": 5.032,
      "close_usd": 0,
      "volume": 0
    },
    {
      "update_date": 1742936400,
      "open": 0,
      "highest": 0,
      "lowest": 0,
      "close": 5.034,
      "close_try": 5.034,
      "close_usd": 0,
      "volume": 0
    },
    {
      "update_date": 1743022800,
      "open": 0,
      "highest": 0,
      "lowest": 0,
      "close": 5.0304,
      "close_try": 5.0304,
      "close_usd": 0,
      "volume": 0
    },
    {
      "update_date": 1743109200,
      "open": 0,
      "highest": 0,
      "lowest": 0,
      "close": 5.0318,
      "close_try": 5.0318,
      "close_usd": 0,
      "volume": 0
    },
    {
      "update_date": 1743195600,
      "open": 0,
      "highest": 0,
      "lowest": 0,
      "close": 5.0331,
      "close_try": 5.0331,
      "close_usd": 0,
      "volume": 0
    },
    {
      "update_date": 1743282000,
      "open": 0,
      "highest": 0,
      "lowest": 0,
      "close": 5.0331,
      "close_try": 5.0331,
      "close_usd": 0,
      "volume": 0
    },
    {
      "update_date": 1743368400,
      "open": 0,
      "highest": 0,
      "lowest": 0,
      "close": 5.0258,
      "close_try": 5.0258,
      "close_usd": 0,
      "volume": 0
    },
    {
      "update_date": 1743454800,
      "open": 0,
      "highest": 0,
      "lowest": 0,
      "close": 5.0204,
      "close_try": 5.0204,
      "close_usd": 0,
      "volume": 0
    },
    {
      "update_date": 1743541200,
      "open": 0,
      "highest": 0,
      "lowest": 0,
      "close": 5.0238,
      "close_try": 5.0238,
      "close_usd": 0,
      "volume": 0
    },
    {
      "update_date": 1743627600,
      "open": 0,
      "highest": 0,
      "lowest": 0,
      "close": 5.0266,
      "close_try": 5.0266,
      "close_usd": 0,
      "volume": 0
    },
    {
      "update_date": 1743714000,
      "open": 0,
      "highest": 0,
      "lowest": 0,
      "close": 5.0342,
      "close_try": 5.0342,
      "close_usd": 0,
      "volume": 0
    },
    {
      "update_date": 1743800400,
      "open": 0,
      "highest": 0,
      "lowest": 0,
      "close": 5.0351,
      "close_try": 5.0351,
      "close_usd": 0,
      "volume": 0
    },
    {
      "update_date": 1743886800,
      "open": 0,
      "highest": 0,
      "lowest": 0,
      "close": 5.0351,
      "close_try": 5.0351,
      "close_usd": 0,
      "volume": 0
    },
    {
      "update_date": 1743973200,
      "open": 0,
      "highest": 0,
      "lowest": 0,
      "close": 5.0379,
      "close_try": 5.0379,
      "close_usd": 0,
      "volume": 0
    },
    {
      "update_date": 1744059600,
      "open": 0,
      "highest": 0,
      "lowest": 0,
      "close": 5.031,
      "close_try": 5.031,
      "close_usd": 0,
      "volume": 0
    },
    {
      "update_date": 1744146000,
      "open": 0,
      "highest": 0,
      "lowest": 0,
      "close": 5.0398,
      "close_try": 5.0398,
      "close_usd": 0,
      "volume": 0
    },
    {
      "update_date": 1744232400,
      "open": 0,
      "highest": 0,
      "lowest": 0,
      "close": 5.0357,
      "close_try": 5.0357,
      "close_usd": 0,
      "volume": 0
    },
    {
      "update_date": 1744318800,
      "open": 0,
      "highest": 0,
      "lowest": 0,
      "close": 5.0451,
      "close_try": 5.0451,
      "close_usd": 0,
      "volume": 0
    },
    {
      "update_date": 1744405200,
      "open": 0,
      "highest": 0,
      "lowest": 0,
      "close": 5.0412,
      "close_try": 5.0412,
      "close_usd": 0,
      "volume": 0
    },
    {
      "update_date": 1744491600,
      "open": 0,
      "highest": 0,
      "lowest": 0,
      "close": 5.0412,
      "close_try": 5.0412,
      "close_usd": 0,
      "volume": 0
    },
    {
      "update_date": 1744578000,
      "open": 0,
      "highest": 0,
      "lowest": 0,
      "close": 5.0523,
      "close_try": 5.0523,
      "close_usd": 0,
      "volume": 0
    },
    {
      "update_date": 1744664400,
      "open": 0,
      "highest": 0,
      "lowest": 0,
      "close": 5.0515,
      "close_try": 5.0515,
      "close_usd": 0,
      "volume": 0
    },
    {
      "update_date": 1744750800,
      "open": 0,
      "highest": 0,
      "lowest": 0,
      "close": 5.0614,
      "close_try": 5.0614,
      "close_usd": 0,
      "volume": 0
    },
    {
      "update_date": 1744837200,
      "open": 0,
      "highest": 0,
      "lowest": 0,
      "close": 5.0391,
      "close_try": 5.0391,
      "close_usd": 0,
      "volume": 0
    },
    {
      "update_date": 1744923600,
      "open": 0,
      "highest": 0,
      "lowest": 0,
      "close": 5.0577,
      "close_try": 5.0577,
      "close_usd": 0,
      "volume": 0
    },
    {
      "update_date": 1745010000,
      "open": 0,
      "highest": 0,
      "lowest": 0,
      "close": 5.049,
      "close_try": 5.049,
      "close_usd": 0,
      "volume": 0
    },
    {
      "update_date": 1745096400,
      "open": 0,
      "highest": 0,
      "lowest": 0,
      "close": 5.049,
      "close_try": 5.049,
      "close_usd": 0,
      "volume": 0
    },
    {
      "update_date": 1745182800,
      "open": 0,
      "highest": 0,
      "lowest": 0,
      "close": 5.0718,
      "close_try": 5.0718,
      "close_usd": 0,
      "volume": 0
    },
    {
      "update_date": 1745269200,
      "open": 0,
      "highest": 0,
      "lowest": 0,
      "close": 5.0809,
      "close_try": 5.0809,
      "close_usd": 0,
      "volume": 0
    },
    {
      "update_date": 1745355600,
      "open": 0,
      "highest": 0,
      "lowest": 0,
      "close": 5.0845,
      "close_try": 5.0845,
      "close_usd": 0,
      "volume": 0
    },
    {
      "update_date": 1745442000,
      "open": 0,
      "highest": 0,
      "lowest": 0,
      "close": 5.0886,
      "close_try": 5.0886,
      "close_usd": 0,
      "volume": 0
    },
    {
      "update_date": 1745528400,
      "open": 0,
      "highest": 0,
      "lowest": 0,
      "close": 5.1034,
      "close_try": 5.1034,
      "close_usd": 0,
      "volume": 0
    },
    {
      "update_date": 1745614800,
      "open": 0,
      "highest": 0,
      "lowest": 0,
      "close": 5.1025,
      "close_try": 5.1025,
      "close_usd": 0,
      "volume": 0
    },
    {
      "update_date": 1745701200,
      "open": 0,
      "highest": 0,
      "lowest": 0,
      "close": 5.1025,
      "close_try": 5.1025,
      "close_usd": 0,
      "volume": 0
    },
    {
      "update_date": 1745787600,
      "open": 0,
      "highest": 0,
      "lowest": 0,
      "close": 5.1034,
      "close_try": 5.1034,
      "close_usd": 0,
      "volume": 0
    },
    {
      "update_date": 1745874000,
      "open": 0,
      "highest": 0,
      "lowest": 0,
      "close": 5.1097,
      "close_try": 5.1097,
      "close_usd": 0,
      "volume": 0
    },
    {
      "update_date": 1745960400,
      "open": 0,
      "highest": 0,
      "lowest": 0,
      "close": 5.1115,
      "close_try": 5.1115,
      "close_usd": 0,
      "volume": 0
    },
    {
      "update_date": 1746046800,
      "open": 0,
      "highest": 0,
      "lowest": 0,
      "close": 5.1063,
      "close_try": 5.1063,
      "close_usd": 0,
      "volume": 0
    },
    {
      "update_date": 1746133200,
      "open": 0,
      "highest": 0,
      "lowest": 0,
      "close": 5.1259,
      "close_try": 5.1259,
      "close_usd": 0,
      "volume": 0
    },
    {
      "update_date": 1746219600,
      "open": 0,
      "highest": 0,
      "lowest": 0,
      "close": 5.1261,
      "close_try": 5.1261,
      "close_usd": 0,
      "volume": 0
    },
    {
      "update_date": 1746306000,
      "open": 0,
      "highest": 0,
      "lowest": 0,
      "close": 5.1261,
      "close_try": 5.1261,
      "close_usd": 0,
      "volume": 0
    },
    {
      "update_date": 1746392400,
      "open": 0,
      "highest": 0,
      "lowest": 0,
      "close": 5.1245,
      "close_try": 5.1245,
      "close_usd": 0,
      "volume": 0
    },
    {
      "update_date": 1746478800,
      "open": 0,
      "highest": 0,
      "lowest": 0,
      "close": 5.1314,
      "close_try": 5.1314,
      "close_usd": 0,
      "volume": 0
    },
    {
      "update_date": 1746565200,
      "open": 0,
      "highest": 0,
      "lowest": 0,
      "close": 5.1284,
      "close_try": 5.1284,
      "close_usd": 0,
      "volume": 0
    },
    {
      "update_date": 1746651600,
      "open": 0,
      "highest": 0,
      "lowest": 0,
      "close": 5.1181,
      "close_try": 5.1181,
      "close_usd": 0,
      "volume": 0
    },
    {
      "update_date": 1746738000,
      "open": 0,
      "highest": 0,
      "lowest": 0,
      "close": 5.1312,
      "close_try": 5.1312,
      "close_usd": 0,
      "volume": 0
    },
    {
      "update_date": 1746824400,
      "open": 0,
      "highest": 0,
      "lowest": 0,
      "close": 5.1318,
      "close_try": 5.1318,
      "close_usd": 0,
      "volume": 0
    },
    {
      "update_date": 1746910800,
      "open": 0,
      "highest": 0,
      "lowest": 0,
      "close": 5.1318,
      "close_try": 5.1318,
      "close_usd": 0,
      "volume": 0
    },
    {
      "update_date": 1746997200,
      "open": 0,
      "highest": 0,
      "lowest": 0,
      "close": 5.1447,
      "close_try": 5.1447,
      "close_usd": 0,
      "volume": 0
    },
    {
      "update_date": 1747083600,
      "open": 0,
      "highest": 0,
      "lowest": 0,
      "close": 5.1357,
      "close_try": 5.1357,
      "close_usd": 0,
      "volume": 0
    },
    {
      "update_date": 1747170000,
      "open": 0,
      "highest": 0,
      "lowest": 0,
      "close": 5.1253,
      "close_try": 5.1253,
      "close_usd": 0,
      "volume": 0
    },
    {
      "update_date": 1747256400,
      "open": 0,
      "highest": 0,
      "lowest": 0,
      "close": 5.1189,
      "close_try": 5.1189,
      "close_usd": 0,
      "volume": 0
    },
    {
      "update_date": 1747342800,
      "open": 0,
      "highest": 0,
      "lowest": 0,
      "close": 5.1336,
      "close_try": 5.1336,
      "close_usd": 0,
      "volume": 0
    },
    {
      "update_date": 1747429200,
      "open": 0,
      "highest": 0,
      "lowest": 0,
      "close": 5.1336,
      "close_try": 5.1336,
      "close_usd": 0,
      "volume": 0
    },
    {
      "update_date": 1747515600,
      "open": 0,
      "highest": 0,
      "lowest": 0,
      "close": 5.1336,
      "close_try": 5.1336,
      "close_usd": 0,
      "volume": 0
    },
    {
      "update_date": 1747602000,
      "open": 0,
      "highest": 0,
      "lowest": 0,
      "close": 5.1169,
      "close_try": 5.1169,
      "close_usd": 0,
      "volume": 0
    },
    {
      "update_date": 1747688400,
      "open": 0,
      "highest": 0,
      "lowest": 0,
      "close": 5.1221,
      "close_try": 5.1221,
      "close_usd": 0,
      "volume": 0
    },
    {
      "update_date": 1747774800,
      "open": 0,
      "highest": 0,
      "lowest": 0,
      "close": 5.123,
      "close_try": 5.123,
      "close_usd": 0,
      "volume": 0
    },
    {
      "update_date": 1747861200,
      "open": 0,
      "highest": 0,
      "lowest": 0,
      "close": 5.1337,
      "close_try": 5.1337,
      "close_usd": 0,
      "volume": 0
    },
    {
      "update_date": 1747947600,
      "open": 0,
      "highest": 0,
      "lowest": 0,
      "close": 5.1352,
      "close_try": 5.1352,
      "close_usd": 0,
      "volume": 0
    },
    {
      "update_date": 1748034000,
      "open": 0,
      "highest": 0,
      "lowest": 0,
      "close": 5.1391,
      "close_try": 5.1391,
      "close_usd": 0,
      "volume": 0
    },
    {
      "update_date": 1748120400,
      "open": 0,
      "highest": 0,
      "lowest": 0,
      "close": 5.1391,
      "close_try": 5.1391,
      "close_usd": 0,
      "volume": 0
    },
    {
      "update_date": 1748206800,
      "open": 0,
      "highest": 0,
      "lowest": 0,
      "close": 5.1319,
      "close_try": 5.1319,
      "close_usd": 0,
      "volume": 0
    },
    {
      "update_date": 1748293200,
      "open": 0,
      "highest": 0,
      "lowest": 0,
      "close": 5.133,
      "close_try": 5.133,
      "close_usd": 0,
      "volume": 0
    },
    {
      "update_date": 1748379600,
      "open": 0,
      "highest": 0,
      "lowest": 0,
      "close": 5.1478,
      "close_try": 5.1478,
      "close_usd": 0,
      "volume": 0
    },
    {
      "update_date": 1748466000,
      "open": 0,
      "highest": 0,
      "lowest": 0,
      "close": 5.1459,
      "close_try": 5.1459,
      "close_usd": 0,
      "volume": 0
    },
    {
      "update_date": 1748552400,
      "open": 0,
      "highest": 0,
      "lowest": 0,
      "close": 5.1625,
      "close_try": 5.1625,
      "close_usd": 0,
      "volume": 0
    },
    {
      "update_date": 1748638800,
      "open": 0,
      "highest": 0,
      "lowest": 0,
      "close": 5.1617,
      "close_try": 5.1617,
      "close_usd": 0,
      "volume": 0
    },
    {
      "update_date": 1748725200,
      "open": 0,
      "highest": 0,
      "lowest": 0,
      "close": 5.1617,
      "close_try": 5.1617,
      "close_usd": 0,
      "volume": 0
    },
    {
      "update_date": 1748811600,
      "open": 0,
      "highest": 0,
      "lowest": 0,
      "close": 5.1555,
      "close_try": 5.1555,
      "close_usd": 0,
      "volume": 0
    },
    {
      "update_date": 1748898000,
      "open": 0,
      "highest": 0,
      "lowest": 0,
      "close": 5.1495,
      "close_try": 5.1495,
      "close_usd": 0,
      "volume": 0
    },
    {
      "update_date": 1748984400,
      "open": 0,
      "highest": 0,
      "lowest": 0,
      "close": 5.1505,
      "close_try": 5.1505,
      "close_usd": 0,
      "volume": 0
    },
    {
      "update_date": 1749070800,
      "open": 0,
      "highest": 0,
      "lowest": 0,
      "close": 5.1659,
      "close_try": 5.1659,
      "close_usd": 0,
      "volume": 0
    },
    {
      "update_date": 1749157200,
      "open": 0,
      "highest": 0,
      "lowest": 0,
      "close": 5.1563,
      "close_try": 5.1563,
      "close_usd": 0,
      "volume": 0
    },
    {
      "update_date": 1749243600,
      "open": 0,
      "highest": 0,
      "lowest": 0,
      "close": 5.1582,
      "close_try": 5.1582,
      "close_usd": 0,
      "volume": 0
    },
    {
      "update_date": 1749330000,
      "open": 0,
      "highest": 0,
      "lowest": 0,
      "close": 5.1582,
      "close_try": 5.1582,
      "close_usd": 0,
      "volume": 0
    },
    {
      "update_date": 1749416400,
      "open": 0,
      "highest": 0,
      "lowest": 0,
      "close": 5.1584,
      "close_try": 5.1584,
      "close_usd": 0,
      "volume": 0
    },
    {
      "update_date": 1749502800,
      "open": 0,
      "highest": 0,
      "lowest": 0,
      "close": 5.1546,
      "close_try": 5.1546,
      "close_usd": 0,
      "volume": 0
    },
    {
      "update_date": 1749589200,
      "open": 0,
      "highest": 0,
      "lowest": 0,
      "close": 5.1491,
      "close_try": 5.1491,
      "close_usd": 0,
      "volume": 0
    },
    {
      "update_date": 1749675600,
      "open": 0,
      "highest": 0,
      "lowest": 0,
      "close": 5.1718,
      "close_try": 5.1718,
      "close_usd": 0,
      "volume": 0
    },
    {
      "update_date": 1749762000,
      "open": 0,
      "highest": 0,
      "lowest": 0,
      "close": 5.1696,
      "close_try": 5.1696,
      "close_usd": 0,
      "volume": 0
    },
    {
      "update_date": 1749848400,
      "open": 0,
      "highest": 0,
      "lowest": 0,
      "close": 5.1806,
      "close_try": 5.1806,
      "close_usd": 0,
      "volume": 0
    },
    {
      "update_date": 1749934800,
      "open": 0,
      "highest": 0,
      "lowest": 0,
      "close": 5.1806,
      "close_try": 5.1806,
      "close_usd": 0,
      "volume": 0
    },
    {
      "update_date": 1750021200,
      "open": 0,
      "highest": 0,
      "lowest": 0,
      "close": 5.1717,
      "close_try": 5.1717,
      "close_usd": 0,
      "volume": 0
    },
    {
      "update_date": 1750107600,
      "open": 0,
      "highest": 0,
      "lowest": 0,
      "close": 5.1885,
      "close_try": 5.1885,
      "close_usd": 0,
      "volume": 0
    },
    {
      "update_date": 1750194000,
      "open": 0,
      "highest": 0,
      "lowest": 0,
      "close": 5.1941,
      "close_try": 5.1941,
      "close_usd": 0,
      "volume": 0
    },
    {
      "update_date": 1750280400,
      "open": 0,
      "highest": 0,
      "lowest": 0,
      "close": 5.2068,
      "close_try": 5.2068,
      "close_usd": 0,
      "volume": 0
    },
    {
      "update_date": 1750366800,
      "open": 0,
      "highest": 0,
      "lowest": 0,
      "close": 5.2138,
      "close_try": 5.2138,
      "close_usd": 0,
      "volume": 0
    },
    {
      "update_date": 1750453200,
      "open": 0,
      "highest": 0,
      "lowest": 0,
      "close": 5.2131,
      "close_try": 5.2131,
      "close_usd": 0,
      "volume": 0
    },
    {
      "update_date": 1750539600,
      "open": 0,
      "highest": 0,
      "lowest": 0,
      "close": 5.2131,
      "close_try": 5.2131,
      "close_usd": 0,
      "volume": 0
    },
    {
      "update_date": 1750626000,
      "open": 0,
      "highest": 0,
      "lowest": 0,
      "close": 5.2061,
      "close_try": 5.2061,
      "close_usd": 0,
      "volume": 0
    },
    {
      "update_date": 1750712400,
      "open": 0,
      "highest": 0,
      "lowest": 0,
      "close": 5.204,
      "close_try": 5.204,
      "close_usd": 0,
      "volume": 0
    },
    {
      "update_date": 1750798800,
      "open": 0,
      "highest": 0,
      "lowest": 0,
      "close": 5.2246,
      "close_try": 5.2246,
      "close_usd": 0,
      "volume": 0
    },
    {
      "update_date": 1750885200,
      "open": 0,
      "highest": 0,
      "lowest": 0,
      "close": 5.2267,
      "close_try": 5.2267,
      "close_usd": 0,
      "volume": 0
    },
    {
      "update_date": 1750971600,
      "open": 0,
      "highest": 0,
      "lowest": 0,
      "close": 5.2421,
      "close_try": 5.2421,
      "close_usd": 0,
      "volume": 0
    },
    {
      "update_date": 1751058000,
      "open": 0,
      "highest": 0,
      "lowest": 0,
      "close": 5.2421,
      "close_try": 5.2421,
      "close_usd": 0,
      "volume": 0
    },
    {
      "update_date": 1751144400,
      "open": 0,
      "highest": 0,
      "lowest": 0,
      "close": 5.2421,
      "close_try": 5.2421,
      "close_usd": 0,
      "volume": 0
    },
    {
      "update_date": 1751230800,
      "open": 0,
      "highest": 0,
      "lowest": 0,
      "close": 5.2308,
      "close_try": 5.2308,
      "close_usd": 0,
      "volume": 0
    },
    {
      "update_date": 1751317200,
      "open": 0,
      "highest": 0,
      "lowest": 0,
      "close": 5.2325,
      "close_try": 5.2325,
      "close_usd": 0,
      "volume": 0
    },
    {
      "update_date": 1751403600,
      "open": 0,
      "highest": 0,
      "lowest": 0,
      "close": 5.2271,
      "close_try": 5.2271,
      "close_usd": 0,
      "volume": 0
    },
    {
      "update_date": 1751490000,
      "open": 0,
      "highest": 0,
      "lowest": 0,
      "close": 5.233,
      "close_try": 5.233,
      "close_usd": 0,
      "volume": 0
    },
    {
      "update_date": 1751576400,
      "open": 0,
      "highest": 0,
      "lowest": 0,
      "close": 5.2387,
      "close_try": 5.2387,
      "close_usd": 0,
      "volume": 0
    },
    {
      "update_date": 1751662800,
      "open": 0,
      "highest": 0,
      "lowest": 0,
      "close": 5.2394,
      "close_try": 5.2394,
      "close_usd": 0,
      "volume": 0
    },
    {
      "update_date": 1751749200,
      "open": 0,
      "highest": 0,
      "lowest": 0,
      "close": 5.2394,
      "close_try": 5.2394,
      "close_usd": 0,
      "volume": 0
    },
    {
      "update_date": 1751835600,
      "open": 0,
      "highest": 0,
      "lowest": 0,
      "close": 5.254,
      "close_try": 5.254,
      "close_usd": 0,
      "volume": 0
    },
    {
      "update_date": 1751922000,
      "open": 0,
      "highest": 0,
      "lowest": 0,
      "close": 5.2603,
      "close_try": 5.2603,
      "close_usd": 0,
      "volume": 0
    },
    {
      "update_date": 1752008400,
      "open": 0,
      "highest": 0,
      "lowest": 0,
      "close": 5.2626,
      "close_try": 5.2626,
      "close_usd": 0,
      "volume": 0
    },
    {
      "update_date": 1752094800,
      "open": 0,
      "highest": 0,
      "lowest": 0,
      "close": 5.2655,
      "close_try": 5.2655,
      "close_usd": 0,
      "volume": 0
    },
    {
      "update_date": 1752181200,
      "open": 0,
      "highest": 0,
      "lowest": 0,
      "close": 5.2777,
      "close_try": 5.2777,
      "close_usd": 0,
      "volume": 0
    },
    {
      "update_date": 1752267600,
      "open": 0,
      "highest": 0,
      "lowest": 0,
      "close": 5.2779,
      "close_try": 5.2779,
      "close_usd": 0,
      "volume": 0
    },
    {
      "update_date": 1752354000,
      "open": 0,
      "highest": 0,
      "lowest": 0,
      "close": 5.2779,
      "close_try": 5.2779,
      "close_usd": 0,
      "volume": 0
    },
    {
      "update_date": 1752440400,
      "open": 0,
      "highest": 0,
      "lowest": 0,
      "close": 5.2779,
      "close_try": 5.2779,
      "close_usd": 0,
      "volume": 0
    },
    {
      "update_date": 1752526800,
      "open": 0,
      "highest": 0,
      "lowest": 0,
      "close": 5.2828,
      "close_try": 5.2828,
      "close_usd": 0,
      "volume": 0
    },
    {
      "update_date": 1752613200,
      "open": 0,
      "highest": 0,
      "lowest": 0,
      "close": 5.2901,
      "close_try": 5.2901,
      "close_usd": 0,
      "volume": 0
    },
    {
      "update_date": 1752699600,
      "open": 0,
      "highest": 0,
      "lowest": 0,
      "close": 5.2938,
      "close_try": 5.2938,
      "close_usd": 0,
      "volume": 0
    },
    {
      "update_date": 1752786000,
      "open": 0,
      "highest": 0,
      "lowest": 0,
      "close": 5.3071,
      "close_try": 5.3071,
      "close_usd": 0,
      "volume": 0
    },
    {
      "update_date": 1752872400,
      "open": 0,
      "highest": 0,
      "lowest": 0,
      "close": 5.3069,
      "close_try": 5.3069,
      "close_usd": 0,
      "volume": 0
    },
    {
      "update_date": 1752958800,
      "open": 0,
      "highest": 0,
      "lowest": 0,
      "close": 5.3069,
      "close_try": 5.3069,
      "close_usd": 0,
      "volume": 0
    },
    {
      "update_date": 1753045200,
      "open": 0,
      "highest": 0,
      "lowest": 0,
      "close": 5.3042,
      "close_try": 5.3042,
      "close_usd": 0,
      "volume": 0
    },
    {
      "update_date": 1753131600,
      "open": 0,
      "highest": 0,
      "lowest": 0,
      "close": 5.3083,
      "close_try": 5.3083,
      "close_usd": 0,
      "volume": 0
    },
    {
      "update_date": 1753218000,
      "open": 0,
      "highest": 0,
      "lowest": 0,
      "close": 5.3139,
      "close_try": 5.3139,
      "close_usd": 0,
      "volume": 0
    },
    {
      "update_date": 1753304400,
      "open": 0,
      "highest": 0,
      "lowest": 0,
      "close": 5.4071,
      "close_try": 5.4071,
      "close_usd": 0,
      "volume": 0
    },
    {
      "update_date": 1753390800,
      "open": 0,
      "highest": 0,
      "lowest": 0,
      "close": 5.328,
      "close_try": 5.328,
      "close_usd": 0,
      "volume": 0
    },
    {
      "update_date": 1753477200,
      "open": 0,
      "highest": 0,
      "lowest": 0,
      "close": 5.3281,
      "close_try": 5.3281,
      "close_usd": 0,
      "volume": 0
    },
    {
      "update_date": 1753563600,
      "open": 0,
      "highest": 0,
      "lowest": 0,
      "close": 5.3281,
      "close_try": 5.3281,
      "close_usd": 0,
      "volume": 0
    },
    {
      "update_date": 1753650000,
      "open": 0,
      "highest": 0,
      "lowest": 0,
      "close": 5.3247,
      "close_try": 5.3247,
      "close_usd": 0,
      "volume": 0
    },
    {
      "update_date": 1753736400,
      "open": 0,
      "highest": 0,
      "lowest": 0,
      "close": 5.328,
      "close_try": 5.328,
      "close_usd": 0,
      "volume": 0
    },
    {
      "update_date": 1753822800,
      "open": 0,
      "highest": 0,
      "lowest": 0,
      "close": 5.3305,
      "close_try": 5.3305,
      "close_usd": 0,
      "volume": 0
    },
    {
      "update_date": 1753909200,
      "open": 0,
      "highest": 0,
      "lowest": 0,
      "close": 5.3354,
      "close_try": 5.3354,
      "close_usd": 0,
      "volume": 0
    },
    {
      "update_date": 1753995600,
      "open": 0,
      "highest": 0,
      "lowest": 0,
      "close": 5.3386,
      "close_try": 5.3386,
      "close_usd": 0,
      "volume": 0
    },
    {
      "update_date": 1754082000,
      "open": 0,
      "highest": 0,
      "lowest": 0,
      "close": 5.3387,
      "close_try": 5.3387,
      "close_usd": 0,
      "volume": 0
    },
    {
      "update_date": 1754168400,
      "open": 0,
      "highest": 0,
      "lowest": 0,
      "close": 5.3387,
      "close_try": 5.3387,
      "close_usd": 0,
      "volume": 0
    },
    {
      "update_date": 1754254800,
      "open": 0,
      "highest": 0,
      "lowest": 0,
      "close": 5.3384,
      "close_try": 5.3384,
      "close_usd": 0,
      "volume": 0
    },
    {
      "update_date": 1754341200,
      "open": 0,
      "highest": 0,
      "lowest": 0,
      "close": 5.3409,
      "close_try": 5.3409,
      "close_usd": 0,
      "volume": 0
    },
    {
      "update_date": 1754427600,
      "open": 0,
      "highest": 0,
      "lowest": 0,
      "close": 5.3371,
      "close_try": 5.3371,
      "close_usd": 0,
      "volume": 0
    },
    {
      "update_date": 1754514000,
      "open": 0,
      "highest": 0,
      "lowest": 0,
      "close": 5.3303,
      "close_try": 5.3303,
      "close_usd": 0,
      "volume": 0
    },
    {
      "update_date": 1754600400,
      "open": 0,
      "highest": 0,
      "lowest": 0,
      "close": 5.3423,
      "close_try": 5.3423,
      "close_usd": 0,
      "volume": 0
    },
    {
      "update_date": 1754686800,
      "open": 0,
      "highest": 0,
      "lowest": 0,
      "close": 5.3417,
      "close_try": 5.3417,
      "close_usd": 0,
      "volume": 0
    },
    {
      "update_date": 1754773200,
      "open": 0,
      "highest": 0,
      "lowest": 0,
      "close": 5.3417,
      "close_try": 5.3417,
      "close_usd": 0,
      "volume": 0
    },
    {
      "update_date": 1754859600,
      "open": 0,
      "highest": 0,
      "lowest": 0,
      "close": 5.3417,
      "close_try": 5.3417,
      "close_usd": 0,
      "volume": 0
    },
    {
      "update_date": 1754946000,
      "open": 0,
      "highest": 0,
      "lowest": 0,
      "close": 5.3476,
      "close_try": 5.3476,
      "close_usd": 0,
      "volume": 0
    },
    {
      "update_date": 1755032400,
      "open": 0,
      "highest": 0,
      "lowest": 0,
      "close": 5.353,
      "close_try": 5.353,
      "close_usd": 0,
      "volume": 0
    },
    {
      "update_date": 1755118800,
      "open": 0,
      "highest": 0,
      "lowest": 0,
      "close": 5.3679,
      "close_try": 5.3679,
      "close_usd": 0,
      "volume": 0
    },
    {
      "update_date": 1755205200,
      "open": 0,
      "highest": 0,
      "lowest": 0,
      "close": 5.3805,
      "close_try": 5.3805,
      "close_usd": 0,
      "volume": 0
    },
    {
      "update_date": 1755291600,
      "open": 0,
      "highest": 0,
      "lowest": 0,
      "close": 5.3818,
      "close_try": 5.3818,
      "close_usd": 0,
      "volume": 0
    },
    {
      "update_date": 1755378000,
      "open": 0,
      "highest": 0,
      "lowest": 0,
      "close": 5.3818,
      "close_try": 5.3818,
      "close_usd": 0,
      "volume": 0
    },
    {
      "update_date": 1755464400,
      "open": 0,
      "highest": 0,
      "lowest": 0,
      "close": 5.3881,
      "close_try": 5.3881,
      "close_usd": 0,
      "volume": 0
    },
    {
      "update_date": 1755550800,
      "open": 0,
      "highest": 0,
      "lowest": 0,
      "close": 5.4041,
      "close_try": 5.4041,
      "close_usd": 0,
      "volume": 0
    },
    {
      "update_date": 1755637200,
      "open": 0,
      "highest": 0,
      "lowest": 0,
      "close": 5.3997,
      "close_try": 5.3997,
      "close_usd": 0,
      "volume": 0
    },
    {
      "update_date": 1755723600,
      "open": 0,
      "highest": 0,
      "lowest": 0,
      "close": 5.4004,
      "close_try": 5.4004,
      "close_usd": 0,
      "volume": 0
    },
    {
      "update_date": 1755810000,
      "open": 0,
      "highest": 0,
      "lowest": 0,
      "close": 5.4047,
      "close_try": 5.4047,
      "close_usd": 0,
      "volume": 0
    },
    {
      "update_date": 1755896400,
      "open": 0,
      "highest": 0,
      "lowest": 0,
      "close": 5.4033,
      "close_try": 5.4033,
      "close_usd": 0,
      "volume": 0
    },
    {
      "update_date": 1755982800,
      "open": 0,
      "highest": 0,
      "lowest": 0,
      "close": 5.4033,
      "close_try": 5.4033,
      "close_usd": 0,
      "volume": 0
    },
    {
      "update_date": 1756069200,
      "open": 0,
      "highest": 0,
      "lowest": 0,
      "close": 5.4078,
      "close_try": 5.4078,
      "close_usd": 0,
      "volume": 0
    },
    {
      "update_date": 1756155600,
      "open": 0,
      "highest": 0,
      "lowest": 0,
      "close": 5.4265,
      "close_try": 5.4265,
      "close_usd": 0,
      "volume": 0
    },
    {
      "update_date": 1756242000,
      "open": 0,
      "highest": 0,
      "lowest": 0,
      "close": 5.4318,
      "close_try": 5.4318,
      "close_usd": 0,
      "volume": 0
    },
    {
      "update_date": 1756328400,
      "open": 0,
      "highest": 0,
      "lowest": 0,
      "close": 5.4262,
      "close_try": 5.4262,
      "close_usd": 0,
      "volume": 0
    },
    {
      "update_date": 1756414800,
      "open": 0,
      "highest": 0,
      "lowest": 0,
      "close": 5.4391,
      "close_try": 5.4391,
      "close_usd": 0,
      "volume": 0
    },
    {
      "update_date": 1756501200,
      "open": 0,
      "highest": 0,
      "lowest": 0,
      "close": 5.4412,
      "close_try": 5.4412,
      "close_usd": 0,
      "volume": 0
    },
    {
      "update_date": 1756587600,
      "open": 0,
      "highest": 0,
      "lowest": 0,
      "close": 5.4412,
      "close_try": 5.4412,
      "close_usd": 0,
      "volume": 0
    },
    {
      "update_date": 1756674000,
      "open": 0,
      "highest": 0,
      "lowest": 0,
      "close": 5.4361,
      "close_try": 5.4361,
      "close_usd": 0,
      "volume": 0
    },
    {
      "update_date": 1756760400,
      "open": 0,
      "highest": 0,
      "lowest": 0,
      "close": 5.43,
      "close_try": 5.43,
      "close_usd": 0,
      "volume": 0
    },
    {
      "update_date": 1756846800,
      "open": 0,
      "highest": 0,
      "lowest": 0,
      "close": 5.4362,
      "close_try": 5.4362,
      "close_usd": 0,
      "volume": 0
    },
    {
      "update_date": 1756933200,
      "open": 0,
      "highest": 0,
      "lowest": 0,
      "close": 5.4364,
      "close_try": 5.4364,
      "close_usd": 0,
      "volume": 0
    },
    {
      "update_date": 1757019600,
      "open": 0,
      "highest": 0,
      "lowest": 0,
      "close": 5.4497,
      "close_try": 5.4497,
      "close_usd": 0,
      "volume": 0
    },
    {
      "update_date": 1757106000,
      "open": 0,
      "highest": 0,
      "lowest": 0,
      "close": 5.4502,
      "close_try": 5.4502,
      "close_usd": 0,
      "volume": 0
    },
    {
      "update_date": 1757192400,
      "open": 0,
      "highest": 0,
      "lowest": 0,
      "close": 5.4502,
      "close_try": 5.4502,
      "close_usd": 0,
      "volume": 0
    },
    {
      "update_date": 1757278800,
      "open": 0,
      "highest": 0,
      "lowest": 0,
      "close": 5.4384,
      "close_try": 5.4384,
      "close_usd": 0,
      "volume": 0
    },
    {
      "update_date": 1757365200,
      "open": 0,
      "highest": 0,
      "lowest": 0,
      "close": 5.4572,
      "close_try": 5.4572,
      "close_usd": 0,
      "volume": 0
    },
    {
      "update_date": 1757451600,
      "open": 0,
      "highest": 0,
      "lowest": 0,
      "close": 5.4586,
      "close_try": 5.4586,
      "close_usd": 0,
      "volume": 0
    },
    {
      "update_date": 1757538000,
      "open": 0,
      "highest": 0,
      "lowest": 0,
      "close": 5.4661,
      "close_try": 5.4661,
      "close_usd": 0,
      "volume": 0
    },
    {
      "update_date": 1757624400,
      "open": 0,
      "highest": 0,
      "lowest": 0,
      "close": 5.4785,
      "close_try": 5.4785,
      "close_usd": 0,
      "volume": 0
    },
    {
      "update_date": 1757710800,
      "open": 0,
      "highest": 0,
      "lowest": 0,
      "close": 5.4807,
      "close_try": 5.4807,
      "close_usd": 0,
      "volume": 0
    },
    {
      "update_date": 1757797200,
      "open": 0,
      "highest": 0,
      "lowest": 0,
      "close": 5.4807,
      "close_try": 5.4807,
      "close_usd": 0,
      "volume": 0
    },
    {
      "update_date": 1757883600,
      "open": 0,
      "highest": 0,
      "lowest": 0,
      "close": 5.4688,
      "close_try": 5.4688,
      "close_usd": 0,
      "volume": 0
    },
    {
      "update_date": 1757970000,
      "open": 0,
      "highest": 0,
      "lowest": 0,
      "close": 5.4621,
      "close_try": 5.4621,
      "close_usd": 0,
      "volume": 0
    },
    {
      "update_date": 1758056400,
      "open": 0,
      "highest": 0,
      "lowest": 0,
      "close": 5.4677,
      "close_try": 5.4677,
      "close_usd": 0,
      "volume": 0
    },
    {
      "update_date": 1758142800,
      "open": 0,
      "highest": 0,
      "lowest": 0,
      "close": 5.4698,
      "close_try": 5.4698,
      "close_usd": 0,
      "volume": 0
    },
    {
      "update_date": 1758229200,
      "open": 0,
      "highest": 0,
      "lowest": 0,
      "close": 5.4848,
      "close_try": 5.4848,
      "close_usd": 0,
      "volume": 0
    },
    {
      "update_date": 1758315600,
      "open": 0,
      "highest": 0,
      "lowest": 0,
      "close": 5.4849,
      "close_try": 5.4849,
      "close_usd": 0,
      "volume": 0
    },
    {
      "update_date": 1758402000,
      "open": 0,
      "highest": 0,
      "lowest": 0,
      "close": 5.4849,
      "close_try": 5.4849,
      "close_usd": 0,
      "volume": 0
    },
    {
      "update_date": 1758488400,
      "open": 0,
      "highest": 0,
      "lowest": 0,
      "close": 5.4846,
      "close_try": 5.4846,
      "close_usd": 0,
      "volume": 0
    },
    {
      "update_date": 1758574800,
      "open": 0,
      "highest": 0,
      "lowest": 0,
      "close": 5.486,
      "close_try": 5.486,
      "close_usd": 0,
      "volume": 0
    },
    {
      "update_date": 1758661200,
      "open": 0,
      "highest": 0,
      "lowest": 0,
      "close": 5.4904,
      "close_try": 5.4904,
      "close_usd": 0,
      "volume": 0
    },
    {
      "update_date": 1758747600,
      "open": 0,
      "highest": 0,
      "lowest": 0,
      "close": 5.491,
      "close_try": 5.491,
      "close_usd": 0,
      "volume": 0
    },
    {
      "update_date": 1758834000,
      "open": 0,
      "highest": 0,
      "lowest": 0,
      "close": 5.5041,
      "close_try": 5.5041,
      "close_usd": 0,
      "volume": 0
    },
    {
      "update_date": 1758920400,
      "open": 0,
      "highest": 0,
      "lowest": 0,
      "close": 5.495,
      "close_try": 5.495,
      "close_usd": 0,
      "volume": 0
    },
    {
      "update_date": 1759006800,
      "open": 0,
      "highest": 0,
      "lowest": 0,
      "close": 5.495,
      "close_try": 5.495,
      "close_usd": 0,
      "volume": 0
    },
    {
      "update_date": 1759093200,
      "open": 0,
      "highest": 0,
      "lowest": 0,
      "close": 5.5035,
      "close_try": 5.5035,
      "close_usd": 0,
      "volume": 0
    },
    {
      "update_date": 1759179600,
      "open": 0,
      "highest": 0,
      "lowest": 0,
      "close": 5.5033,
      "close_try": 5.5033,
      "close_usd": 0,
      "volume": 0
    },
    {
      "update_date": 1759266000,
      "open": 0,
      "highest": 0,
      "lowest": 0,
      "close": 5.502,
      "close_try": 5.502,
      "close_usd": 0,
      "volume": 0
    },
    {
      "update_date": 1759352400,
      "open": 0,
      "highest": 0,
      "lowest": 0,
      "close": 5.5058,
      "close_try": 5.5058,
      "close_usd": 0,
      "volume": 0
    },
    {
      "update_date": 1759438800,
      "open": 0,
      "highest": 0,
      "lowest": 0,
      "close": 5.5174,
      "close_try": 5.5174,
      "close_usd": 0,
      "volume": 0
    },
    {
      "update_date": 1759525200,
      "open": 0,
      "highest": 0,
      "lowest": 0,
      "close": 5.5193,
      "close_try": 5.5193,
      "close_usd": 0,
      "volume": 0
    },
    {
      "update_date": 1759611600,
      "open": 0,
      "highest": 0,
      "lowest": 0,
      "close": 5.5193,
      "close_try": 5.5193,
      "close_usd": 0,
      "volume": 0
    },
    {
      "update_date": 1759698000,
      "open": 0,
      "highest": 0,
      "lowest": 0,
      "close": 5.5186,
      "close_try": 5.5186,
      "close_usd": 0,
      "volume": 0
    },
    {
      "update_date": 1759784400,
      "open": 0,
      "highest": 0,
      "lowest": 0,
      "close": 5.5113,
      "close_try": 5.5113,
      "close_usd": 0,
      "volume": 0
    },
    {
      "update_date": 1759870800,
      "open": 0,
      "highest": 0,
      "lowest": 0,
      "close": 5.521,
      "close_try": 5.521,
      "close_usd": 0,
      "volume": 0
    },
    {
      "update_date": 1759957200,
      "open": 0,
      "highest": 0,
      "lowest": 0,
      "close": 5.5261,
      "close_try": 5.5261,
      "close_usd": 0,
      "volume": 0
    },
    {
      "update_date": 1760043600,
      "open": 0,
      "highest": 0,
      "lowest": 0,
      "close": 5.5365,
      "close_try": 5.5365,
      "close_usd": 0,
      "volume": 0
    },
    {
      "update_date": 1760130000,
      "open": 0,
      "highest": 0,
      "lowest": 0,
      "close": 5.5358,
      "close_try": 5.5358,
      "close_usd": 0,
      "volume": 0
    },
    {
      "update_date": 1760216400,
      "open": 0,
      "highest": 0,
      "lowest": 0,
      "close": 5.5358,
      "close_try": 5.5358,
      "close_usd": 0,
      "volume": 0
    },
    {
      "update_date": 1760302800,
      "open": 0,
      "highest": 0,
      "lowest": 0,
      "close": 5.5343,
      "close_try": 5.5343,
      "close_usd": 0,
      "volume": 0
    },
    {
      "update_date": 1760389200,
      "open": 0,
      "highest": 0,
      "lowest": 0,
      "close": 5.5403,
      "close_try": 5.5403,
      "close_usd": 0,
      "volume": 0
    },
    {
      "update_date": 1760475600,
      "open": 0,
      "highest": 0,
      "lowest": 0,
      "close": 5.5444,
      "close_try": 5.5444,
      "close_usd": 0,
      "volume": 0
    },
    {
      "update_date": 1760562000,
      "open": 0,
      "highest": 0,
      "lowest": 0,
      "close": 5.5456,
      "close_try": 5.5456,
      "close_usd": 0,
      "volume": 0
    },
    {
      "update_date": 1760648400,
      "open": 0,
      "highest": 0,
      "lowest": 0,
      "close": 5.5553,
      "close_try": 5.5553,
      "close_usd": 0,
      "volume": 0
    }
  ]
}