{
  "asset_key": "2-CAD",
  "date_range": {
    "start": "2015-10-20T13:27:36.053743",
    "end": "2025-10-17T13:27:36.053743",
    "days": 430
  },
  "archive": [
    {
      "update_date": 1723582800,
      "open": 0,
      "highest": 0,
      "lowest": 0,
      "close": 25.572187,
      "close_try": 25.572187,
      "close_usd": 0,
      "volume": 0
    },
    {
      "update_date": 1723669200,
      "open": 0,
      "highest": 0,
      "lowest": 0,
      "close": 25.550138,
      "close_try": 25.550138,
      "close_usd": 0,
      "volume": 0
    },
    {
      "update_date": 1723755600,
      "open": 0,
      "highest": 0,
      "lowest": 0,
      "close": 25.71296,
      "close_try": 25.71296,
      "close_usd": 0,
      "volume": 0
    },
    {
      "update_date": 1723842000,
      "open": 0,
      "highest": 0,
      "lowest": 0,
      "close": 25.714838,
      "close_try": 25.714838,
      "close_usd": 0,
      "volume": 0
    },
    {
      "update_date": 1723928400,
      "open": 0,
      "highest": 0,
      "lowest": 0,
      "close": 25.707327,
      "close_try": 25.707327,
      "close_usd": 0,
      "volume": 0
    },
    {
      "update_date": 1724014800,
      "open": 0,
      "highest": 0,
      "lowest": 0,
      "close": 25.678283,
      "close_try": 25.678283,
      "close_usd": 0,
      "volume": 0
    },
    {
      "update_date": 1724101200,
      "open": 0,
      "highest": 0,
      "lowest": 0,
      "close": 25.889892,
      "close_try": 25.889892,
      "close_usd": 0,
      "volume": 0
    },
    {
      "update_date": 1724187600,
      "open": 0,
      "highest": 0,
      "lowest": 0,
      "close": 26.041493,
      "close_try": 26.041493,
      "close_usd": 0,
      "volume": 0
    },
    {
      "update_date": 1724274000,
      "open": 0,
      "highest": 0,
      "lowest": 0,
      "close": 25.977164,
      "close_try": 25.977164,
      "close_usd": 0,
      "volume": 0
    },
    {
      "update_date": 1724360400,
      "open": 0,
      "highest": 0,
      "lowest": 0,
      "close": 26.260927,
      "close_try": 26.260927,
      "close_usd": 0,
      "volume": 0
    },
    {
      "update_date": 1724446800,
      "open": 0,
      "highest": 0,
      "lowest": 0,
      "close": 26.264812,
      "close_try": 26.264812,
      "close_usd": 0,
      "volume": 0
    },
    {
      "update_date": 1724533200,
      "open": 0,
      "highest": 0,
      "lowest": 0,
      "close": 26.253162,
      "close_try": 26.253162,
      "close_usd": 0,
      "volume": 0
    },
    {
      "update_date": 1724619600,
      "open": 0,
      "highest": 0,
      "lowest": 0,
      "close": 26.302438,
      "close_try": 26.302438,
      "close_usd": 0,
      "volume": 0
    },
    {
      "update_date": 1724706000,
      "open": 0,
      "highest": 0,
      "lowest": 0,
      "close": 26.256984,
      "close_try": 26.256984,
      "close_usd": 0,
      "volume": 0
    },
    {
      "update_date": 1724792400,
      "open": 0,
      "highest": 0,
      "lowest": 0,
      "close": 25.74965,
      "close_try": 25.74965,
      "close_usd": 0,
      "volume": 0
    },
    {
      "update_date": 1724878800,
      "open": 0,
      "highest": 0,
      "lowest": 0,
      "close": 26.214566,
      "close_try": 26.214566,
      "close_usd": 0,
      "volume": 0
    },
    {
      "update_date": 1724965200,
      "open": 0,
      "highest": 0,
      "lowest": 0,
      "close": 26.197098,
      "close_try": 26.197098,
      "close_usd": 0,
      "volume": 0
    },
    {
      "update_date": 1725051600,
      "open": 0,
      "highest": 0,
      "lowest": 0,
      "close": 26.197098,
      "close_try": 26.197098,
      "close_usd": 0,
      "volume": 0
    },
    {
      "update_date": 1725138000,
      "open": 0,
      "highest": 0,
      "lowest": 0,
      "close": 26.220413,
      "close_try": 26.220413,
      "close_usd": 0,
      "volume": 0
    },
    {
      "update_date": 1725224400,
      "open": 0,
      "highest": 0,
      "lowest": 0,
      "close": 26.097946,
      "close_try": 26.097946,
      "close_usd": 0,
      "volume": 0
    },
    {
      "update_date": 1725310800,
      "open": 0,
      "highest": 0,
      "lowest": 0,
      "close": 26.04221,
      "close_try": 26.04221,
      "close_usd": 0,
      "volume": 0
    },
    {
      "update_date": 1725397200,
      "open": 0,
      "highest": 0,
      "lowest": 0,
      "close": 26.203712,
      "close_try": 26.203712,
      "close_usd": 0,
      "volume": 0
    },
    {
      "update_date": 1725483600,
      "open": 0,
      "highest": 0,
      "lowest": 0,
      "close": 26.134793,
      "close_try": 26.134793,
      "close_usd": 0,
      "volume": 0
    },
    {
      "update_date": 1725570000,
      "open": 0,
      "highest": 0,
      "lowest": 0,
      "close": 25.98513,
      "close_try": 25.98513,
      "close_usd": 0,
      "volume": 0
    },
    {
      "update_date": 1725656400,
      "open": 0,
      "highest": 0,
      "lowest": 0,
      "close": 25.987024,
      "close_try": 25.987024,
      "close_usd": 0,
      "volume": 0
    },
    {
      "update_date": 1725742800,
      "open": 0,
      "highest": 0,
      "lowest": 0,
      "close": 25.983218,
      "close_try": 25.983218,
      "close_usd": 0,
      "volume": 0
    },
    {
      "update_date": 1725829200,
      "open": 0,
      "highest": 0,
      "lowest": 0,
      "close": 26.145921,
      "close_try": 26.145921,
      "close_usd": 0,
      "volume": 0
    },
    {
      "update_date": 1725915600,
      "open": 0,
      "highest": 0,
      "lowest": 0,
      "close": 26.025698,
      "close_try": 26.025698,
      "close_usd": 0,
      "volume": 0
    },
    {
      "update_date": 1726002000,
      "open": 0,
      "highest": 0,
      "lowest": 0,
      "close": 26.053707,
      "close_try": 26.053707,
      "close_usd": 0,
      "volume": 0
    },
    {
      "update_date": 1726088400,
      "open": 0,
      "highest": 0,
      "lowest": 0,
      "close": 26.044124,
      "close_try": 26.044124,
      "close_usd": 0,
      "volume": 0
    },
    {
      "update_date": 1726174800,
      "open": 0,
      "highest": 0,
      "lowest": 0,
      "close": 26.036444,
      "close_try": 26.036444,
      "close_usd": 0,
      "volume": 0
    },
    {
      "update_date": 1726261200,
      "open": 0,
      "highest": 0,
      "lowest": 0,
      "close": 26.034529,
      "close_try": 26.034529,
      "close_usd": 0,
      "volume": 0
    },
    {
      "update_date": 1726347600,
      "open": 0,
      "highest": 0,
      "lowest": 0,
      "close": 26.013468,
      "close_try": 26.013468,
      "close_usd": 0,
      "volume": 0
    },
    {
      "update_date": 1726434000,
      "open": 0,
      "highest": 0,
      "lowest": 0,
      "close": 26.032634,
      "close_try": 26.032634,
      "close_usd": 0,
      "volume": 0
    },
    {
      "update_date": 1726520400,
      "open": 0,
      "highest": 0,
      "lowest": 0,
      "close": 26.085769,
      "close_try": 26.085769,
      "close_usd": 0,
      "volume": 0
    },
    {
      "update_date": 1726606800,
      "open": 0,
      "highest": 0,
      "lowest": 0,
      "close": 26.038135,
      "close_try": 26.038135,
      "close_usd": 0,
      "volume": 0
    },
    {
      "update_date": 1726693200,
      "open": 0,
      "highest": 0,
      "lowest": 0,
      "close": 26.086381,
      "close_try": 26.086381,
      "close_usd": 0,
      "volume": 0
    },
    {
      "update_date": 1726779600,
      "open": 0,
      "highest": 0,
      "lowest": 0,
      "close": 26.159985,
      "close_try": 26.159985,
      "close_usd": 0,
      "volume": 0
    },
    {
      "update_date": 1726866000,
      "open": 0,
      "highest": 0,
      "lowest": 0,
      "close": 26.161911,
      "close_try": 26.161911,
      "close_usd": 0,
      "volume": 0
    },
    {
      "update_date": 1726952400,
      "open": 0,
      "highest": 0,
      "lowest": 0,
      "close": 26.177348,
      "close_try": 26.177348,
      "close_usd": 0,
      "volume": 0
    },
    {
      "update_date": 1727038800,
      "open": 0,
      "highest": 0,
      "lowest": 0,
      "close": 26.232851,
      "close_try": 26.232851,
      "close_usd": 0,
      "volume": 0
    },
    {
      "update_date": 1727125200,
      "open": 0,
      "highest": 0,
      "lowest": 0,
      "close": 26.425171,
      "close_try": 26.425171,
      "close_usd": 0,
      "volume": 0
    },
    {
      "update_date": 1727211600,
      "open": 0,
      "highest": 0,
      "lowest": 0,
      "close": 26.347336,
      "close_try": 26.347336,
      "close_usd": 0,
      "volume": 0
    },
    {
      "update_date": 1727298000,
      "open": 0,
      "highest": 0,
      "lowest": 0,
      "close": 26.380913,
      "close_try": 26.380913,
      "close_usd": 0,
      "volume": 0
    },
    {
      "update_date": 1727384400,
      "open": 0,
      "highest": 0,
      "lowest": 0,
      "close": 26.300032,
      "close_try": 26.300032,
      "close_usd": 0,
      "volume": 0
    },
    {
      "update_date": 1727470800,
      "open": 0,
      "highest": 0,
      "lowest": 0,
      "close": 26.305885,
      "close_try": 26.305885,
      "close_usd": 0,
      "volume": 0
    },
    {
      "update_date": 1727557200,
      "open": 0,
      "highest": 0,
      "lowest": 0,
      "close": 26.30781,
      "close_try": 26.30781,
      "close_usd": 0,
      "volume": 0
    },
    {
      "update_date": 1727643600,
      "open": 0,
      "highest": 0,
      "lowest": 0,
      "close": 26.309388,
      "close_try": 26.309388,
      "close_usd": 0,
      "volume": 0
    },
    {
      "update_date": 1727730000,
      "open": 0,
      "highest": 0,
      "lowest": 0,
      "close": 26.367481,
      "close_try": 26.367481,
      "close_usd": 0,
      "volume": 0
    },
    {
      "update_date": 1727816400,
      "open": 0,
      "highest": 0,
      "lowest": 0,
      "close": 26.370291,
      "close_try": 26.370291,
      "close_usd": 0,
      "volume": 0
    },
    {
      "update_date": 1727902800,
      "open": 0,
      "highest": 0,
      "lowest": 0,
      "close": 26.228097,
      "close_try": 26.228097,
      "close_usd": 0,
      "volume": 0
    },
    {
      "update_date": 1727989200,
      "open": 0,
      "highest": 0,
      "lowest": 0,
      "close": 26.254406,
      "close_try": 26.254406,
      "close_usd": 0,
      "volume": 0
    },
    {
      "update_date": 1728075600,
      "open": 0,
      "highest": 0,
      "lowest": 0,
      "close": 26.262137,
      "close_try": 26.262137,
      "close_usd": 0,
      "volume": 0
    },
    {
      "update_date": 1728162000,
      "open": 0,
      "highest": 0,
      "lowest": 0,
      "close": 26.256358,
      "close_try": 26.256358,
      "close_usd": 0,
      "volume": 0
    },
    {
      "update_date": 1728248400,
      "open": 0,
      "highest": 0,
      "lowest": 0,
      "close": 26.165147,
      "close_try": 26.165147,
      "close_usd": 0,
      "volume": 0
    },
    {
      "update_date": 1728334800,
      "open": 0,
      "highest": 0,
      "lowest": 0,
      "close": 26.117827,
      "close_try": 26.117827,
      "close_usd": 0,
      "volume": 0
    },
    {
      "update_date": 1728421200,
      "open": 0,
      "highest": 0,
      "lowest": 0,
      "close": 25.981176,
      "close_try": 25.981176,
      "close_usd": 0,
      "volume": 0
    },
    {
      "update_date": 1728507600,
      "open": 0,
      "highest": 0,
      "lowest": 0,
      "close": 25.887729,
      "close_try": 25.887729,
      "close_usd": 0,
      "volume": 0
    },
    {
      "update_date": 1728594000,
      "open": 0,
      "highest": 0,
      "lowest": 0,
      "close": 26.068943,
      "close_try": 26.068943,
      "close_usd": 0,
      "volume": 0
    },
    {
      "update_date": 1728680400,
      "open": 0,
      "highest": 0,
      "lowest": 0,
      "close": 26.067051,
      "close_try": 26.067051,
      "close_usd": 0,
      "volume": 0
    },
    {
      "update_date": 1728766800,
      "open": 0,
      "highest": 0,
      "lowest": 0,
      "close": 26.078409,
      "close_try": 26.078409,
      "close_usd": 0,
      "volume": 0
    },
    {
      "update_date": 1728853200,
      "open": 0,
      "highest": 0,
      "lowest": 0,
      "close": 25.904535,
      "close_try": 25.904535,
      "close_usd": 0,
      "volume": 0
    },
    {
      "update_date": 1728939600,
      "open": 0,
      "highest": 0,
      "lowest": 0,
      "close": 25.307888,
      "close_try": 25.307888,
      "close_usd": 0,
      "volume": 0
    },
    {
      "update_date": 1729026000,
      "open": 0,
      "highest": 0,
      "lowest": 0,
      "close": 25.918643,
      "close_try": 25.918643,
      "close_usd": 0,
      "volume": 0
    },
    {
      "update_date": 1729112400,
      "open": 0,
      "highest": 0,
      "lowest": 0,
      "close": 25.872568,
      "close_try": 25.872568,
      "close_usd": 0,
      "volume": 0
    },
    {
      "update_date": 1729198800,
      "open": 0,
      "highest": 0,
      "lowest": 0,
      "close": 25.955194,
      "close_try": 25.955194,
      "close_usd": 0,
      "volume": 0
    },
    {
      "update_date": 1729285200,
      "open": 0,
      "highest": 0,
      "lowest": 0,
      "close": 25.953312,
      "close_try": 25.953312,
      "close_usd": 0,
      "volume": 0
    },
    {
      "update_date": 1729371600,
      "open": 0,
      "highest": 0,
      "lowest": 0,
      "close": 25.951449,
      "close_try": 25.951449,
      "close_usd": 0,
      "volume": 0
    },
    {
      "update_date": 1729458000,
      "open": 0,
      "highest": 0,
      "lowest": 0,
      "close": 25.853181,
      "close_try": 25.853181,
      "close_usd": 0,
      "volume": 0
    },
    {
      "update_date": 1729544400,
      "open": 0,
      "highest": 0,
      "lowest": 0,
      "close": 25.883715,
      "close_try": 25.883715,
      "close_usd": 0,
      "volume": 0
    },
    {
      "update_date": 1729630800,
      "open": 0,
      "highest": 0,
      "lowest": 0,
      "close": 25.929613,
      "close_try": 25.929613,
      "close_usd": 0,
      "volume": 0
    },
    {
      "update_date": 1729717200,
      "open": 0,
      "highest": 0,
      "lowest": 0,
      "close": 25.861321,
      "close_try": 25.861321,
      "close_usd": 0,
      "volume": 0
    },
    {
      "update_date": 1729803600,
      "open": 0,
      "highest": 0,
      "lowest": 0,
      "close": 25.861467,
      "close_try": 25.861467,
      "close_usd": 0,
      "volume": 0
    },
    {
      "update_date": 1729890000,
      "open": 0,
      "highest": 0,
      "lowest": 0,
      "close": 25.86333,
      "close_try": 25.86333,
      "close_usd": 0,
      "volume": 0
    },
    {
      "update_date": 1729976400,
      "open": 0,
      "highest": 0,
      "lowest": 0,
      "close": 25.874511,
      "close_try": 25.874511,
      "close_usd": 0,
      "volume": 0
    },
    {
      "update_date": 1730062800,
      "open": 0,
      "highest": 0,
      "lowest": 0,
      "close": 25.867056,
      "close_try": 25.867056,
      "close_usd": 0,
      "volume": 0
    },
    {
      "update_date": 1730149200,
      "open": 0,
      "highest": 0,
      "lowest": 0,
      "close": 25.820575,
      "close_try": 25.820575,
      "close_usd": 0,
      "volume": 0
    },
    {
      "update_date": 1730235600,
      "open": 0,
      "highest": 0,
      "lowest": 0,
      "close": 25.584209,
      "close_try": 25.584209,
      "close_usd": 0,
      "volume": 0
    },
    {
      "update_date": 1730322000,
      "open": 0,
      "highest": 0,
      "lowest": 0,
      "close": 25.565334,
      "close_try": 25.565334,
      "close_usd": 0,
      "volume": 0
    },
    {
      "update_date": 1730408400,
      "open": 0,
      "highest": 0,
      "lowest": 0,
      "close": 25.694897,
      "close_try": 25.694897,
      "close_usd": 0,
      "volume": 0
    },
    {
      "update_date": 1730494800,
      "open": 0,
      "highest": 0,
      "lowest": 0,
      "close": 25.707796,
      "close_try": 25.707796,
      "close_usd": 0,
      "volume": 0
    },
    {
      "update_date": 1730581200,
      "open": 0,
      "highest": 0,
      "lowest": 0,
      "close": 25.766751,
      "close_try": 25.766751,
      "close_usd": 0,
      "volume": 0
    },
    {
      "update_date": 1730667600,
      "open": 0,
      "highest": 0,
      "lowest": 0,
      "close": 25.623084,
      "close_try": 25.623084,
      "close_usd": 0,
      "volume": 0
    },
    {
      "update_date": 1730754000,
      "open": 0,
      "highest": 0,
      "lowest": 0,
      "close": 25.92377,
      "close_try": 25.92377,
      "close_usd": 0,
      "volume": 0
    },
    {
      "update_date": 1730840400,
      "open": 0,
      "highest": 0,
      "lowest": 0,
      "close": 25.569038,
      "close_try": 25.569038,
      "close_usd": 0,
      "volume": 0
    },
    {
      "update_date": 1730926800,
      "open": 0,
      "highest": 0,
      "lowest": 0,
      "close": 25.621634,
      "close_try": 25.621634,
      "close_usd": 0,
      "volume": 0
    },
    {
      "update_date": 1731013200,
      "open": 0,
      "highest": 0,
      "lowest": 0,
      "close": 25.887896,
      "close_try": 25.887896,
      "close_usd": 0,
      "volume": 0
    },
    {
      "update_date": 1731099600,
      "open": 0,
      "highest": 0,
      "lowest": 0,
      "close": 25.893464,
      "close_try": 25.893464,
      "close_usd": 0,
      "volume": 0
    },
    {
      "update_date": 1731186000,
      "open": 0,
      "highest": 0,
      "lowest": 0,
      "close": 25.912105,
      "close_try": 25.912105,
      "close_usd": 0,
      "volume": 0
    },
    {
      "update_date": 1731272400,
      "open": 0,
      "highest": 0,
      "lowest": 0,
      "close": 25.732339,
      "close_try": 25.732339,
      "close_usd": 0,
      "volume": 0
    },
    {
      "update_date": 1731358800,
      "open": 0,
      "highest": 0,
      "lowest": 0,
      "close": 25.713223,
      "close_try": 25.713223,
      "close_usd": 0,
      "volume": 0
    },
    {
      "update_date": 1731445200,
      "open": 0,
      "highest": 0,
      "lowest": 0,
      "close": 25.513635,
      "close_try": 25.513635,
      "close_usd": 0,
      "volume": 0
    },
    {
      "update_date": 1731531600,
      "open": 0,
      "highest": 0,
      "lowest": 0,
      "close": 25.402598,
      "close_try": 25.402598,
      "close_usd": 0,
      "volume": 0
    },
    {
      "update_date": 1731618000,
      "open": 0,
      "highest": 0,
      "lowest": 0,
      "close": 25.506384,
      "close_try": 25.506384,
      "close_usd": 0,
      "volume": 0
    },
    {
      "update_date": 1731704400,
      "open": 0,
      "highest": 0,
      "lowest": 0,
      "close": 25.508193,
      "close_try": 25.508193,
      "close_usd": 0,
      "volume": 0
    },
    {
      "update_date": 1731790800,
      "open": 0,
      "highest": 0,
      "lowest": 0,
      "close": 25.513642,
      "close_try": 25.513642,
      "close_usd": 0,
      "volume": 0
    },
    {
      "update_date": 1731877200,
      "open": 0,
      "highest": 0,
      "lowest": 0,
      "close": 25.659205,
      "close_try": 25.659205,
      "close_usd": 0,
      "volume": 0
    },
    {
      "update_date": 1731963600,
      "open": 0,
      "highest": 0,
      "lowest": 0,
      "close": 25.676622,
      "close_try": 25.676622,
      "close_usd": 0,
      "volume": 0
    },
    {
      "update_date": 1732050000,
      "open": 0,
      "highest": 0,
      "lowest": 0,
      "close": 25.566357,
      "close_try": 25.566357,
      "close_usd": 0,
      "volume": 0
    },
    {
      "update_date": 1732136400,
      "open": 0,
      "highest": 0,
      "lowest": 0,
      "close": 25.669619,
      "close_try": 25.669619,
      "close_usd": 0,
      "volume": 0
    },
    {
      "update_date": 1732222800,
      "open": 0,
      "highest": 0,
      "lowest": 0,
      "close": 25.779456,
      "close_try": 25.779456,
      "close_usd": 0,
      "volume": 0
    },
    {
      "update_date": 1732309200,
      "open": 0,
      "highest": 0,
      "lowest": 0,
      "close": 25.807797,
      "close_try": 25.807797,
      "close_usd": 0,
      "volume": 0
    },
    {
      "update_date": 1732395600,
      "open": 0,
      "highest": 0,
      "lowest": 0,
      "close": 25.850339,
      "close_try": 25.850339,
      "close_usd": 0,
      "volume": 0
    },
    {
      "update_date": 1732482000,
      "open": 0,
      "highest": 0,
      "lowest": 0,
      "close": 25.719377,
      "close_try": 25.719377,
      "close_usd": 0,
      "volume": 0
    },
    {
      "update_date": 1732568400,
      "open": 0,
      "highest": 0,
      "lowest": 0,
      "close": 25.609539,
      "close_try": 25.609539,
      "close_usd": 0,
      "volume": 0
    },
    {
      "update_date": 1732654800,
      "open": 0,
      "highest": 0,
      "lowest": 0,
      "close": 25.134165,
      "close_try": 25.134165,
      "close_usd": 0,
      "volume": 0
    },
    {
      "update_date": 1732741200,
      "open": 0,
      "highest": 0,
      "lowest": 0,
      "close": 25.676848,
      "close_try": 25.676848,
      "close_usd": 0,
      "volume": 0
    },
    {
      "update_date": 1732827600,
      "open": 0,
      "highest": 0,
      "lowest": 0,
      "close": 25.841246,
      "close_try": 25.841246,
      "close_usd": 0,
      "volume": 0
    },
    {
      "update_date": 1732914000,
      "open": 0,
      "highest": 0,
      "lowest": 0,
      "close": 25.843301,
      "close_try": 25.843301,
      "close_usd": 0,
      "volume": 0
    },
    {
      "update_date": 1733000400,
      "open": 0,
      "highest": 0,
      "lowest": 0,
      "close": 25.883315,
      "close_try": 25.883315,
      "close_usd": 0,
      "volume": 0
    },
    {
      "update_date": 1733086800,
      "open": 0,
      "highest": 0,
      "lowest": 0,
      "close": 25.627355,
      "close_try": 25.627355,
      "close_usd": 0,
      "volume": 0
    },
    {
      "update_date": 1733173200,
      "open": 0,
      "highest": 0,
      "lowest": 0,
      "close": 25.593305,
      "close_try": 25.593305,
      "close_usd": 0,
      "volume": 0
    },
    {
      "update_date": 1733259600,
      "open": 0,
      "highest": 0,
      "lowest": 0,
      "close": 25.530297,
      "close_try": 25.530297,
      "close_usd": 0,
      "volume": 0
    },
    {
      "update_date": 1733346000,
      "open": 0,
      "highest": 0,
      "lowest": 0,
      "close": 25.645785,
      "close_try": 25.645785,
      "close_usd": 0,
      "volume": 0
    },
    {
      "update_date": 1733432400,
      "open": 0,
      "highest": 0,
      "lowest": 0,
      "close": 25.567294,
      "close_try": 25.567294,
      "close_usd": 0,
      "volume": 0
    },
    {
      "update_date": 1733518800,
      "open": 0,
      "highest": 0,
      "lowest": 0,
      "close": 25.55645,
      "close_try": 25.55645,
      "close_usd": 0,
      "volume": 0
    },
    {
      "update_date": 1733605200,
      "open": 0,
      "highest": 0,
      "lowest": 0,
      "close": 25.56188,
      "close_try": 25.56188,
      "close_usd": 0,
      "volume": 0
    },
    {
      "update_date": 1733691600,
      "open": 0,
      "highest": 0,
      "lowest": 0,
      "close": 25.549747,
      "close_try": 25.549747,
      "close_usd": 0,
      "volume": 0
    },
    {
      "update_date": 1733778000,
      "open": 0,
      "highest": 0,
      "lowest": 0,
      "close": 25.561408,
      "close_try": 25.561408,
      "close_usd": 0,
      "volume": 0
    },
    {
      "update_date": 1733864400,
      "open": 0,
      "highest": 0,
      "lowest": 0,
      "close": 25.518555,
      "close_try": 25.518555,
      "close_usd": 0,
      "volume": 0
    },
    {
      "update_date": 1733950800,
      "open": 0,
      "highest": 0,
      "lowest": 0,
      "close": 25.498114,
      "close_try": 25.498114,
      "close_usd": 0,
      "volume": 0
    },
    {
      "update_date": 1734037200,
      "open": 0,
      "highest": 0,
      "lowest": 0,
      "close": 25.367096,
      "close_try": 25.367096,
      "close_usd": 0,
      "volume": 0
    },
    {
      "update_date": 1734123600,
      "open": 0,
      "highest": 0,
      "lowest": 0,
      "close": 25.389863,
      "close_try": 25.389863,
      "close_usd": 0,
      "volume": 0
    },
    {
      "update_date": 1734210000,
      "open": 0,
      "highest": 0,
      "lowest": 0,
      "close": 25.388081,
      "close_try": 25.388081,
      "close_usd": 0,
      "volume": 0
    },
    {
      "update_date": 1734296400,
      "open": 0,
      "highest": 0,
      "lowest": 0,
      "close": 25.423273,
      "close_try": 25.423273,
      "close_usd": 0,
      "volume": 0
    },
    {
      "update_date": 1734382800,
      "open": 0,
      "highest": 0,
      "lowest": 0,
      "close": 24.840028,
      "close_try": 24.840028,
      "close_usd": 0,
      "volume": 0
    },
    {
      "update_date": 1734469200,
      "open": 0,
      "highest": 0,
      "lowest": 0,
      "close": 25.235517,
      "close_try": 25.235517,
      "close_usd": 0,
      "volume": 0
    },
    {
      "update_date": 1734555600,
      "open": 0,
      "highest": 0,
      "lowest": 0,
      "close": 25.273389,
      "close_try": 25.273389,
      "close_usd": 0,
      "volume": 0
    },
    {
      "update_date": 1734642000,
      "open": 0,
      "highest": 0,
      "lowest": 0,
      "close": 25.388637,
      "close_try": 25.388637,
      "close_usd": 0,
      "volume": 0
    },
    {
      "update_date": 1734728400,
      "open": 0,
      "highest": 0,
      "lowest": 0,
      "close": 25.388637,
      "close_try": 25.388637,
      "close_usd": 0,
      "volume": 0
    },
    {
      "update_date": 1734814800,
      "open": 0,
      "highest": 0,
      "lowest": 0,
      "close": 25.393952,
      "close_try": 25.393952,
      "close_usd": 0,
      "volume": 0
    },
    {
      "update_date": 1734901200,
      "open": 0,
      "highest": 0,
      "lowest": 0,
      "close": 25.405844,
      "close_try": 25.405844,
      "close_usd": 0,
      "volume": 0
    },
    {
      "update_date": 1734987600,
      "open": 0,
      "highest": 0,
      "lowest": 0,
      "close": 25.420135,
      "close_try": 25.420135,
      "close_usd": 0,
      "volume": 0
    },
    {
      "update_date": 1735074000,
      "open": 0,
      "highest": 0,
      "lowest": 0,
      "close": 25.44628,
      "close_try": 25.44628,
      "close_usd": 0,
      "volume": 0
    },
    {
      "update_date": 1735160400,
      "open": 0,
      "highest": 0,
      "lowest": 0,
      "close": 25.319874,
      "close_try": 25.319874,
      "close_usd": 0,
      "volume": 0
    },
    {
      "update_date": 1735246800,
      "open": 0,
      "highest": 0,
      "lowest": 0,
      "close": 25.371268,
      "close_try": 25.371268,
      "close_usd": 0,
      "volume": 0
    },
    {
      "update_date": 1735333200,
      "open": 0,
      "highest": 0,
      "lowest": 0,
      "close": 25.392728,
      "close_try": 25.392728,
      "close_usd": 0,
      "volume": 0
    },
    {
      "update_date": 1735419600,
      "open": 0,
      "highest": 0,
      "lowest": 0,
      "close": 25.383914,
      "close_try": 25.383914,
      "close_usd": 0,
      "volume": 0
    },
    {
      "update_date": 1735506000,
      "open": 0,
      "highest": 0,
      "lowest": 0,
      "close": 25.52229,
      "close_try": 25.52229,
      "close_usd": 0,
      "volume": 0
    },
    {
      "update_date": 1735592400,
      "open": 0,
      "highest": 0,
      "lowest": 0,
      "close": 25.564675,
      "close_try": 25.564675,
      "close_usd": 0,
      "volume": 0
    },
    {
      "update_date": 1735678800,
      "open": 0,
      "highest": 0,
      "lowest": 0,
      "close": 25.552231,
      "close_try": 25.552231,
      "close_usd": 0,
      "volume": 0
    },
    {
      "update_date": 1735765200,
      "open": 0,
      "highest": 0,
      "lowest": 0,
      "close": 25.461572,
      "close_try": 25.461572,
      "close_usd": 0,
      "volume": 0
    },
    {
      "update_date": 1735851600,
      "open": 0,
      "highest": 0,
      "lowest": 0,
      "close": 25.331523,
      "close_try": 25.331523,
      "close_usd": 0,
      "volume": 0
    },
    {
      "update_date": 1735938000,
      "open": 0,
      "highest": 0,
      "lowest": 0,
      "close": 25.329419,
      "close_try": 25.329419,
      "close_usd": 0,
      "volume": 0
    },
    {
      "update_date": 1736024400,
      "open": 0,
      "highest": 0,
      "lowest": 0,
      "close": 25.329419,
      "close_try": 25.329419,
      "close_usd": 0,
      "volume": 0
    },
    {
      "update_date": 1736110800,
      "open": 0,
      "highest": 0,
      "lowest": 0,
      "close": 25.785749,
      "close_try": 25.785749,
      "close_usd": 0,
      "volume": 0
    },
    {
      "update_date": 1736197200,
      "open": 0,
      "highest": 0,
      "lowest": 0,
      "close": 25.630924,
      "close_try": 25.630924,
      "close_usd": 0,
      "volume": 0
    },
    {
      "update_date": 1736283600,
      "open": 0,
      "highest": 0,
      "lowest": 0,
      "close": 25.615679,
      "close_try": 25.615679,
      "close_usd": 0,
      "volume": 0
    },
    {
      "update_date": 1736370000,
      "open": 0,
      "highest": 0,
      "lowest": 0,
      "close": 25.599237,
      "close_try": 25.599237,
      "close_usd": 0,
      "volume": 0
    },
    {
      "update_date": 1736456400,
      "open": 0,
      "highest": 0,
      "lowest": 0,
      "close": 25.583339,
      "close_try": 25.583339,
      "close_usd": 0,
      "volume": 0
    },
    {
      "update_date": 1736542800,
      "open": 0,
      "highest": 0,
      "lowest": 0,
      "close": 25.592938,
      "close_try": 25.592938,
      "close_usd": 0,
      "volume": 0
    },
    {
      "update_date": 1736629200,
      "open": 0,
      "highest": 0,
      "lowest": 0,
      "close": 25.584064,
      "close_try": 25.584064,
      "close_usd": 0,
      "volume": 0
    },
    {
      "update_date": 1736715600,
      "open": 0,
      "highest": 0,
      "lowest": 0,
      "close": 25.7077,
      "close_try": 25.7077,
      "close_usd": 0,
      "volume": 0
    },
    {
      "update_date": 1736802000,
      "open": 0,
      "highest": 0,
      "lowest": 0,
      "close": 26.061449,
      "close_try": 26.061449,
      "close_usd": 0,
      "volume": 0
    },
    {
      "update_date": 1736888400,
      "open": 0,
      "highest": 0,
      "lowest": 0,
      "close": 25.953465,
      "close_try": 25.953465,
      "close_usd": 0,
      "volume": 0
    },
    {
      "update_date": 1736974800,
      "open": 0,
      "highest": 0,
      "lowest": 0,
      "close": 25.82907,
      "close_try": 25.82907,
      "close_usd": 0,
      "volume": 0
    },
    {
      "update_date": 1737061200,
      "open": 0,
      "highest": 0,
      "lowest": 0,
      "close": 25.90848,
      "close_try": 25.90848,
      "close_usd": 0,
      "volume": 0
    },
    {
      "update_date": 1737147600,
      "open": 0,
      "highest": 0,
      "lowest": 0,
      "close": 25.889385,
      "close_try": 25.889385,
      "close_usd": 0,
      "volume": 0
    },
    {
      "update_date": 1737234000,
      "open": 0,
      "highest": 0,
      "lowest": 0,
      "close": 25.925192,
      "close_try": 25.925192,
      "close_usd": 0,
      "volume": 0
    },
    {
      "update_date": 1737320400,
      "open": 0,
      "highest": 0,
      "lowest": 0,
      "close": 26.060522,
      "close_try": 26.060522,
      "close_usd": 0,
      "volume": 0
    },
    {
      "update_date": 1737406800,
      "open": 0,
      "highest": 0,
      "lowest": 0,
      "close": 26.046243,
      "close_try": 26.046243,
      "close_usd": 0,
      "volume": 0
    },
    {
      "update_date": 1737493200,
      "open": 0,
      "highest": 0,
      "lowest": 0,
      "close": 25.906936,
      "close_try": 25.906936,
      "close_usd": 0,
      "volume": 0
    },
    {
      "update_date": 1737579600,
      "open": 0,
      "highest": 0,
      "lowest": 0,
      "close": 25.941853,
      "close_try": 25.941853,
      "close_usd": 0,
      "volume": 0
    },
    {
      "update_date": 1737666000,
      "open": 0,
      "highest": 0,
      "lowest": 0,
      "close": 26.214146,
      "close_try": 26.214146,
      "close_usd": 0,
      "volume": 0
    },
    {
      "update_date": 1737752400,
      "open": 0,
      "highest": 0,
      "lowest": 0,
      "close": 26.208748,
      "close_try": 26.208748,
      "close_usd": 0,
      "volume": 0
    },
    {
      "update_date": 1737838800,
      "open": 0,
      "highest": 0,
      "lowest": 0,
      "close": 26.177715,
      "close_try": 26.177715,
      "close_usd": 0,
      "volume": 0
    },
    {
      "update_date": 1737925200,
      "open": 0,
      "highest": 0,
      "lowest": 0,
      "close": 26.068587,
      "close_try": 26.068587,
      "close_usd": 0,
      "volume": 0
    },
    {
      "update_date": 1738011600,
      "open": 0,
      "highest": 0,
      "lowest": 0,
      "close": 26.063008,
      "close_try": 26.063008,
      "close_usd": 0,
      "volume": 0
    },
    {
      "update_date": 1738098000,
      "open": 0,
      "highest": 0,
      "lowest": 0,
      "close": 26.001777,
      "close_try": 26.001777,
      "close_usd": 0,
      "volume": 0
    },
    {
      "update_date": 1738184400,
      "open": 0,
      "highest": 0,
      "lowest": 0,
      "close": 25.878826,
      "close_try": 25.878826,
      "close_usd": 0,
      "volume": 0
    },
    {
      "update_date": 1738270800,
      "open": 0,
      "highest": 0,
      "lowest": 0,
      "close": 25.85733,
      "close_try": 25.85733,
      "close_usd": 0,
      "volume": 0
    },
    {
      "update_date": 1738357200,
      "open": 0,
      "highest": 0,
      "lowest": 0,
      "close": 25.874733,
      "close_try": 25.874733,
      "close_usd": 0,
      "volume": 0
    },
    {
      "update_date": 1738443600,
      "open": 0,
      "highest": 0,
      "lowest": 0,
      "close": 25.566856,
      "close_try": 25.566856,
      "close_usd": 0,
      "volume": 0
    },
    {
      "update_date": 1738530000,
      "open": 0,
      "highest": 0,
      "lowest": 0,
      "close": 25.791271,
      "close_try": 25.791271,
      "close_usd": 0,
      "volume": 0
    },
    {
      "update_date": 1738616400,
      "open": 0,
      "highest": 0,
      "lowest": 0,
      "close": 26.314766,
      "close_try": 26.314766,
      "close_usd": 0,
      "volume": 0
    },
    {
      "update_date": 1738702800,
      "open": 0,
      "highest": 0,
      "lowest": 0,
      "close": 26.247703,
      "close_try": 26.247703,
      "close_usd": 0,
      "volume": 0
    },
    {
      "update_date": 1738789200,
      "open": 0,
      "highest": 0,
      "lowest": 0,
      "close": 26.334997,
      "close_try": 26.334997,
      "close_usd": 0,
      "volume": 0
    },
    {
      "update_date": 1738875600,
      "open": 0,
      "highest": 0,
      "lowest": 0,
      "close": 26.3126,
      "close_try": 26.3126,
      "close_usd": 0,
      "volume": 0
    },
    {
      "update_date": 1738962000,
      "open": 0,
      "highest": 0,
      "lowest": 0,
      "close": 26.28987,
      "close_try": 26.28987,
      "close_usd": 0,
      "volume": 0
    },
    {
      "update_date": 1739048400,
      "open": 0,
      "highest": 0,
      "lowest": 0,
      "close": 26.299069,
      "close_try": 26.299069,
      "close_usd": 0,
      "volume": 0
    },
    {
      "update_date": 1739134800,
      "open": 0,
      "highest": 0,
      "lowest": 0,
      "close": 26.353081,
      "close_try": 26.353081,
      "close_usd": 0,
      "volume": 0
    },
    {
      "update_date": 1739221200,
      "open": 0,
      "highest": 0,
      "lowest": 0,
      "close": 26.434024,
      "close_try": 26.434024,
      "close_usd": 0,
      "volume": 0
    },
    {
      "update_date": 1739307600,
      "open": 0,
      "highest": 0,
      "lowest": 0,
      "close": 26.481924,
      "close_try": 26.481924,
      "close_usd": 0,
      "volume": 0
    },
    {
      "update_date": 1739394000,
      "open": 0,
      "highest": 0,
      "lowest": 0,
      "close": 26.639906,
      "close_try": 26.639906,
      "close_usd": 0,
      "volume": 0
    },
    {
      "update_date": 1739480400,
      "open": 0,
      "highest": 0,
      "lowest": 0,
      "close": 26.753582,
      "close_try": 26.753582,
      "close_usd": 0,
      "volume": 0
    },
    {
      "update_date": 1739566800,
      "open": 0,
      "highest": 0,
      "lowest": 0,
      "close": 26.732837,
      "close_try": 26.732837,
      "close_usd": 0,
      "volume": 0
    },
    {
      "update_date": 1739653200,
      "open": 0,
      "highest": 0,
      "lowest": 0,
      "close": 26.729062,
      "close_try": 26.729062,
      "close_usd": 0,
      "volume": 0
    },
    {
      "update_date": 1739739600,
      "open": 0,
      "highest": 0,
      "lowest": 0,
      "close": 26.758691,
      "close_try": 26.758691,
      "close_usd": 0,
      "volume": 0
    },
    {
      "update_date": 1739826000,
      "open": 0,
      "highest": 0,
      "lowest": 0,
      "close": 26.780138,
      "close_try": 26.780138,
      "close_usd": 0,
      "volume": 0
    },
    {
      "update_date": 1739912400,
      "open": 0,
      "highest": 0,
      "lowest": 0,
      "close": 26.732276,
      "close_try": 26.732276,
      "close_usd": 0,
      "volume": 0
    },
    {
      "update_date": 1739998800,
      "open": 0,
      "highest": 0,
      "lowest": 0,
      "close": 26.732403,
      "close_try": 26.732403,
      "close_usd": 0,
      "volume": 0
    },
    {
      "update_date": 1740085200,
      "open": 0,
      "highest": 0,
      "lowest": 0,
      "close": 26.812359,
      "close_try": 26.812359,
      "close_usd": 0,
      "volume": 0
    },
    {
      "update_date": 1740171600,
      "open": 0,
      "highest": 0,
      "lowest": 0,
      "close": 26.833084,
      "close_try": 26.833084,
      "close_usd": 0,
      "volume": 0
    },
    {
      "update_date": 1740258000,
      "open": 0,
      "highest": 0,
      "lowest": 0,
      "close": 26.842541,
      "close_try": 26.842541,
      "close_usd": 0,
      "volume": 0
    },
    {
      "update_date": 1740344400,
      "open": 0,
      "highest": 0,
      "lowest": 0,
      "close": 26.755053,
      "close_try": 26.755053,
      "close_usd": 0,
      "volume": 0
    },
    {
      "update_date": 1740430800,
      "open": 0,
      "highest": 0,
      "lowest": 0,
      "close": 26.523782,
      "close_try": 26.523782,
      "close_usd": 0,
      "volume": 0
    },
    {
      "update_date": 1740517200,
      "open": 0,
      "highest": 0,
      "lowest": 0,
      "close": 26.454612,
      "close_try": 26.454612,
      "close_usd": 0,
      "volume": 0
    },
    {
      "update_date": 1740603600,
      "open": 0,
      "highest": 0,
      "lowest": 0,
      "close": 26.275269,
      "close_try": 26.275269,
      "close_usd": 0,
      "volume": 0
    },
    {
      "update_date": 1740690000,
      "open": 0,
      "highest": 0,
      "lowest": 0,
      "close": 26.461415,
      "close_try": 26.461415,
      "close_usd": 0,
      "volume": 0
    },
    {
      "update_date": 1740776400,
      "open": 0,
      "highest": 0,
      "lowest": 0,
      "close": 26.448615,
      "close_try": 26.448615,
      "close_usd": 0,
      "volume": 0
    },
    {
      "update_date": 1740862800,
      "open": 0,
      "highest": 0,
      "lowest": 0,
      "close": 26.481576,
      "close_try": 26.481576,
      "close_usd": 0,
      "volume": 0
    },
    {
      "update_date": 1740949200,
      "open": 0,
      "highest": 0,
      "lowest": 0,
      "close": 26.148916,
      "close_try": 26.148916,
      "close_usd": 0,
      "volume": 0
    },
    {
      "update_date": 1741035600,
      "open": 0,
      "highest": 0,
      "lowest": 0,
      "close": 26.259127,
      "close_try": 26.259127,
      "close_usd": 0,
      "volume": 0
    },
    {
      "update_date": 1741122000,
      "open": 0,
      "highest": 0,
      "lowest": 0,
      "close": 26.502677,
      "close_try": 26.502677,
      "close_usd": 0,
      "volume": 0
    },
    {
      "update_date": 1741208400,
      "open": 0,
      "highest": 0,
      "lowest": 0,
      "close": 26.57867,
      "close_try": 26.57867,
      "close_usd": 0,
      "volume": 0
    },
    {
      "update_date": 1741294800,
      "open": 0,
      "highest": 0,
      "lowest": 0,
      "close": 26.605323,
      "close_try": 26.605323,
      "close_usd": 0,
      "volume": 0
    },
    {
      "update_date": 1741381200,
      "open": 0,
      "highest": 0,
      "lowest": 0,
      "close": 26.602751,
      "close_try": 26.602751,
      "close_usd": 0,
      "volume": 0
    },
    {
      "update_date": 1741467600,
      "open": 0,
      "highest": 0,
      "lowest": 0,
      "close": 26.619418,
      "close_try": 26.619418,
      "close_usd": 0,
      "volume": 0
    },
    {
      "update_date": 1741554000,
      "open": 0,
      "highest": 0,
      "lowest": 0,
      "close": 26.41451,
      "close_try": 26.41451,
      "close_usd": 0,
      "volume": 0
    },
    {
      "update_date": 1741640400,
      "open": 0,
      "highest": 0,
      "lowest": 0,
      "close": 26.483835,
      "close_try": 26.483835,
      "close_usd": 0,
      "volume": 0
    },
    {
      "update_date": 1741726800,
      "open": 0,
      "highest": 0,
      "lowest": 0,
      "close": 26.576665,
      "close_try": 26.576665,
      "close_usd": 0,
      "volume": 0
    },
    {
      "update_date": 1741813200,
      "open": 0,
      "highest": 0,
      "lowest": 0,
      "close": 26.48152,
      "close_try": 26.48152,
      "close_usd": 0,
      "volume": 0
    },
    {
      "update_date": 1741899600,
      "open": 0,
      "highest": 0,
      "lowest": 0,
      "close": 26.714742,
      "close_try": 26.714742,
      "close_usd": 0,
      "volume": 0
    },
    {
      "update_date": 1741986000,
      "open": 0,
      "highest": 0,
      "lowest": 0,
      "close": 26.714742,
      "close_try": 26.714742,
      "close_usd": 0,
      "volume": 0
    },
    {
      "update_date": 1742072400,
      "open": 0,
      "highest": 0,
      "lowest": 0,
      "close": 26.685677,
      "close_try": 26.685677,
      "close_usd": 0,
      "volume": 0
    },
    {
      "update_date": 1742158800,
      "open": 0,
      "highest": 0,
      "lowest": 0,
      "close": 26.756374,
      "close_try": 26.756374,
      "close_usd": 0,
      "volume": 0
    },
    {
      "update_date": 1742245200,
      "open": 0,
      "highest": 0,
      "lowest": 0,
      "close": 26.885356,
      "close_try": 26.885356,
      "close_usd": 0,
      "volume": 0
    },
    {
      "update_date": 1742331600,
      "open": 0,
      "highest": 0,
      "lowest": 0,
      "close": 28.05848,
      "close_try": 28.05848,
      "close_usd": 0,
      "volume": 0
    },
    {
      "update_date": 1742418000,
      "open": 0,
      "highest": 0,
      "lowest": 0,
      "close": 27.744715,
      "close_try": 27.744715,
      "close_usd": 0,
      "volume": 0
    },
    {
      "update_date": 1742504400,
      "open": 0,
      "highest": 0,
      "lowest": 0,
      "close": 28.020971,
      "close_try": 28.020971,
      "close_usd": 0,
      "volume": 0
    },
    {
      "update_date": 1742590800,
      "open": 0,
      "highest": 0,
      "lowest": 0,
      "close": 28.030725,
      "close_try": 28.030725,
      "close_usd": 0,
      "volume": 0
    },
    {
      "update_date": 1742677200,
      "open": 0,
      "highest": 0,
      "lowest": 0,
      "close": 27.878167,
      "close_try": 27.878167,
      "close_usd": 0,
      "volume": 0
    },
    {
      "update_date": 1742763600,
      "open": 0,
      "highest": 0,
      "lowest": 0,
      "close": 27.864243,
      "close_try": 27.864243,
      "close_usd": 0,
      "volume": 0
    },
    {
      "update_date": 1742850000,
      "open": 0,
      "highest": 0,
      "lowest": 0,
      "close": 27.936442,
      "close_try": 27.936442,
      "close_usd": 0,
      "volume": 0
    },
    {
      "update_date": 1742936400,
      "open": 0,
      "highest": 0,
      "lowest": 0,
      "close": 28.028852,
      "close_try": 28.028852,
      "close_usd": 0,
      "volume": 0
    },
    {
      "update_date": 1743022800,
      "open": 0,
      "highest": 0,
      "lowest": 0,
      "close": 27.63074,
      "close_try": 27.63074,
      "close_usd": 0,
      "volume": 0
    },
    {
      "update_date": 1743109200,
      "open": 0,
      "highest": 0,
      "lowest": 0,
      "close": 27.747877,
      "close_try": 27.747877,
      "close_usd": 0,
      "volume": 0
    },
    {
      "update_date": 1743195600,
      "open": 0,
      "highest": 0,
      "lowest": 0,
      "close": 27.740133,
      "close_try": 27.740133,
      "close_usd": 0,
      "volume": 0
    },
    {
      "update_date": 1743282000,
      "open": 0,
      "highest": 0,
      "lowest": 0,
      "close": 27.75827,
      "close_try": 27.75827,
      "close_usd": 0,
      "volume": 0
    },
    {
      "update_date": 1743368400,
      "open": 0,
      "highest": 0,
      "lowest": 0,
      "close": 27.596205,
      "close_try": 27.596205,
      "close_usd": 0,
      "volume": 0
    },
    {
      "update_date": 1743454800,
      "open": 0,
      "highest": 0,
      "lowest": 0,
      "close": 27.75827,
      "close_try": 27.75827,
      "close_usd": 0,
      "volume": 0
    },
    {
      "update_date": 1743541200,
      "open": 0,
      "highest": 0,
      "lowest": 0,
      "close": 27.763085,
      "close_try": 27.763085,
      "close_usd": 0,
      "volume": 0
    },
    {
      "update_date": 1743627600,
      "open": 0,
      "highest": 0,
      "lowest": 0,
      "close": 28.038457,
      "close_try": 28.038457,
      "close_usd": 0,
      "volume": 0
    },
    {
      "update_date": 1743714000,
      "open": 0,
      "highest": 0,
      "lowest": 0,
      "close": 27.961351,
      "close_try": 27.961351,
      "close_usd": 0,
      "volume": 0
    },
    {
      "update_date": 1743800400,
      "open": 0,
      "highest": 0,
      "lowest": 0,
      "close": 27.969229,
      "close_try": 27.969229,
      "close_usd": 0,
      "volume": 0
    },
    {
      "update_date": 1743886800,
      "open": 0,
      "highest": 0,
      "lowest": 0,
      "close": 27.888787,
      "close_try": 27.888787,
      "close_usd": 0,
      "volume": 0
    },
    {
      "update_date": 1743973200,
      "open": 0,
      "highest": 0,
      "lowest": 0,
      "close": 27.725356,
      "close_try": 27.725356,
      "close_usd": 0,
      "volume": 0
    },
    {
      "update_date": 1744059600,
      "open": 0,
      "highest": 0,
      "lowest": 0,
      "close": 27.698159,
      "close_try": 27.698159,
      "close_usd": 0,
      "volume": 0
    },
    {
      "update_date": 1744146000,
      "open": 0,
      "highest": 0,
      "lowest": 0,
      "close": 28.064149,
      "close_try": 28.064149,
      "close_usd": 0,
      "volume": 0
    },
    {
      "update_date": 1744232400,
      "open": 0,
      "highest": 0,
      "lowest": 0,
      "close": 28.258993,
      "close_try": 28.258993,
      "close_usd": 0,
      "volume": 0
    },
    {
      "update_date": 1744318800,
      "open": 0,
      "highest": 0,
      "lowest": 0,
      "close": 28.552907,
      "close_try": 28.552907,
      "close_usd": 0,
      "volume": 0
    },
    {
      "update_date": 1744405200,
      "open": 0,
      "highest": 0,
      "lowest": 0,
      "close": 28.552907,
      "close_try": 28.552907,
      "close_usd": 0,
      "volume": 0
    },
    {
      "update_date": 1744491600,
      "open": 0,
      "highest": 0,
      "lowest": 0,
      "close": 28.559703,
      "close_try": 28.559703,
      "close_usd": 0,
      "volume": 0
    },
    {
      "update_date": 1744578000,
      "open": 0,
      "highest": 0,
      "lowest": 0,
      "close": 28.490946,
      "close_try": 28.490946,
      "close_usd": 0,
      "volume": 0
    },
    {
      "update_date": 1744664400,
      "open": 0,
      "highest": 0,
      "lowest": 0,
      "close": 28.353306,
      "close_try": 28.353306,
      "close_usd": 0,
      "volume": 0
    },
    {
      "update_date": 1744750800,
      "open": 0,
      "highest": 0,
      "lowest": 0,
      "close": 28.608165,
      "close_try": 28.608165,
      "close_usd": 0,
      "volume": 0
    },
    {
      "update_date": 1744837200,
      "open": 0,
      "highest": 0,
      "lowest": 0,
      "close": 28.630288,
      "close_try": 28.630288,
      "close_usd": 0,
      "volume": 0
    },
    {
      "update_date": 1744923600,
      "open": 0,
      "highest": 0,
      "lowest": 0,
      "close": 28.6971,
      "close_try": 28.6971,
      "close_usd": 0,
      "volume": 0
    },
    {
      "update_date": 1745010000,
      "open": 0,
      "highest": 0,
      "lowest": 0,
      "close": 28.701234,
      "close_try": 28.701234,
      "close_usd": 0,
      "volume": 0
    },
    {
      "update_date": 1745096400,
      "open": 0,
      "highest": 0,
      "lowest": 0,
      "close": 28.6971,
      "close_try": 28.6971,
      "close_usd": 0,
      "volume": 0
    },
    {
      "update_date": 1745182800,
      "open": 0,
      "highest": 0,
      "lowest": 0,
      "close": 28.689609,
      "close_try": 28.689609,
      "close_usd": 0,
      "volume": 0
    },
    {
      "update_date": 1745269200,
      "open": 0,
      "highest": 0,
      "lowest": 0,
      "close": 28.790984,
      "close_try": 28.790984,
      "close_usd": 0,
      "volume": 0
    },
    {
      "update_date": 1745355600,
      "open": 0,
      "highest": 0,
      "lowest": 0,
      "close": 28.664038,
      "close_try": 28.664038,
      "close_usd": 0,
      "volume": 0
    },
    {
      "update_date": 1745442000,
      "open": 0,
      "highest": 0,
      "lowest": 0,
      "close": 28.730828,
      "close_try": 28.730828,
      "close_usd": 0,
      "volume": 0
    },
    {
      "update_date": 1745528400,
      "open": 0,
      "highest": 0,
      "lowest": 0,
      "close": 28.820269,
      "close_try": 28.820269,
      "close_usd": 0,
      "volume": 0
    },
    {
      "update_date": 1745614800,
      "open": 0,
      "highest": 0,
      "lowest": 0,
      "close": 28.822374,
      "close_try": 28.822374,
      "close_usd": 0,
      "volume": 0
    },
    {
      "update_date": 1745701200,
      "open": 0,
      "highest": 0,
      "lowest": 0,
      "close": 28.807817,
      "close_try": 28.807817,
      "close_usd": 0,
      "volume": 0
    },
    {
      "update_date": 1745787600,
      "open": 0,
      "highest": 0,
      "lowest": 0,
      "close": 28.8716,
      "close_try": 28.8716,
      "close_usd": 0,
      "volume": 0
    },
    {
      "update_date": 1745874000,
      "open": 0,
      "highest": 0,
      "lowest": 0,
      "close": 28.990143,
      "close_try": 28.990143,
      "close_usd": 0,
      "volume": 0
    },
    {
      "update_date": 1745960400,
      "open": 0,
      "highest": 0,
      "lowest": 0,
      "close": 29.06949,
      "close_try": 29.06949,
      "close_usd": 0,
      "volume": 0
    },
    {
      "update_date": 1746046800,
      "open": 0,
      "highest": 0,
      "lowest": 0,
      "close": 28.954075,
      "close_try": 28.954075,
      "close_usd": 0,
      "volume": 0
    },
    {
      "update_date": 1746133200,
      "open": 0,
      "highest": 0,
      "lowest": 0,
      "close": 29.024625,
      "close_try": 29.024625,
      "close_usd": 0,
      "volume": 0
    },
    {
      "update_date": 1746219600,
      "open": 0,
      "highest": 0,
      "lowest": 0,
      "close": 29.018312,
      "close_try": 29.018312,
      "close_usd": 0,
      "volume": 0
    },
    {
      "update_date": 1746306000,
      "open": 0,
      "highest": 0,
      "lowest": 0,
      "close": 29.085692,
      "close_try": 29.085692,
      "close_usd": 0,
      "volume": 0
    },
    {
      "update_date": 1746392400,
      "open": 0,
      "highest": 0,
      "lowest": 0,
      "close": 28.987628,
      "close_try": 28.987628,
      "close_usd": 0,
      "volume": 0
    },
    {
      "update_date": 1746478800,
      "open": 0,
      "highest": 0,
      "lowest": 0,
      "close": 28.64848,
      "close_try": 28.64848,
      "close_usd": 0,
      "volume": 0
    },
    {
      "update_date": 1746565200,
      "open": 0,
      "highest": 0,
      "lowest": 0,
      "close": 29.018727,
      "close_try": 29.018727,
      "close_usd": 0,
      "volume": 0
    },
    {
      "update_date": 1746651600,
      "open": 0,
      "highest": 0,
      "lowest": 0,
      "close": 28.821962,
      "close_try": 28.821962,
      "close_usd": 0,
      "volume": 0
    },
    {
      "update_date": 1746738000,
      "open": 0,
      "highest": 0,
      "lowest": 0,
      "close": 28.905435,
      "close_try": 28.905435,
      "close_usd": 0,
      "volume": 0
    },
    {
      "update_date": 1746824400,
      "open": 0,
      "highest": 0,
      "lowest": 0,
      "close": 28.903357,
      "close_try": 28.903357,
      "close_usd": 0,
      "volume": 0
    },
    {
      "update_date": 1746910800,
      "open": 0,
      "highest": 0,
      "lowest": 0,
      "close": 28.971946,
      "close_try": 28.971946,
      "close_usd": 0,
      "volume": 0
    },
    {
      "update_date": 1746997200,
      "open": 0,
      "highest": 0,
      "lowest": 0,
      "close": 28.847873,
      "close_try": 28.847873,
      "close_usd": 0,
      "volume": 0
    },
    {
      "update_date": 1747083600,
      "open": 0,
      "highest": 0,
      "lowest": 0,
      "close": 28.925233,
      "close_try": 28.925233,
      "close_usd": 0,
      "volume": 0
    },
    {
      "update_date": 1747170000,
      "open": 0,
      "highest": 0,
      "lowest": 0,
      "close": 28.784614,
      "close_try": 28.784614,
      "close_usd": 0,
      "volume": 0
    },
    {
      "update_date": 1747256400,
      "open": 0,
      "highest": 0,
      "lowest": 0,
      "close": 28.909513,
      "close_try": 28.909513,
      "close_usd": 0,
      "volume": 0
    },
    {
      "update_date": 1747342800,
      "open": 0,
      "highest": 0,
      "lowest": 0,
      "close": 29.115108,
      "close_try": 29.115108,
      "close_usd": 0,
      "volume": 0
    },
    {
      "update_date": 1747429200,
      "open": 0,
      "highest": 0,
      "lowest": 0,
      "close": 29.11302,
      "close_try": 29.11302,
      "close_usd": 0,
      "volume": 0
    },
    {
      "update_date": 1747515600,
      "open": 0,
      "highest": 0,
      "lowest": 0,
      "close": 29.110953,
      "close_try": 29.110953,
      "close_usd": 0,
      "volume": 0
    },
    {
      "update_date": 1747602000,
      "open": 0,
      "highest": 0,
      "lowest": 0,
      "close": 29.102355,
      "close_try": 29.102355,
      "close_usd": 0,
      "volume": 0
    },
    {
      "update_date": 1747688400,
      "open": 0,
      "highest": 0,
      "lowest": 0,
      "close": 29.081306,
      "close_try": 29.081306,
      "close_usd": 0,
      "volume": 0
    },
    {
      "update_date": 1747774800,
      "open": 0,
      "highest": 0,
      "lowest": 0,
      "close": 29.223581,
      "close_try": 29.223581,
      "close_usd": 0,
      "volume": 0
    },
    {
      "update_date": 1747861200,
      "open": 0,
      "highest": 0,
      "lowest": 0,
      "close": 29.243481,
      "close_try": 29.243481,
      "close_usd": 0,
      "volume": 0
    },
    {
      "update_date": 1747947600,
      "open": 0,
      "highest": 0,
      "lowest": 0,
      "close": 29.598217,
      "close_try": 29.598217,
      "close_usd": 0,
      "volume": 0
    },
    {
      "update_date": 1748034000,
      "open": 0,
      "highest": 0,
      "lowest": 0,
      "close": 29.589607,
      "close_try": 29.589607,
      "close_usd": 0,
      "volume": 0
    },
    {
      "update_date": 1748120400,
      "open": 0,
      "highest": 0,
      "lowest": 0,
      "close": 29.616352,
      "close_try": 29.616352,
      "close_usd": 0,
      "volume": 0
    },
    {
      "update_date": 1748206800,
      "open": 0,
      "highest": 0,
      "lowest": 0,
      "close": 29.51736,
      "close_try": 29.51736,
      "close_usd": 0,
      "volume": 0
    },
    {
      "update_date": 1748293200,
      "open": 0,
      "highest": 0,
      "lowest": 0,
      "close": 29.428806,
      "close_try": 29.428806,
      "close_usd": 0,
      "volume": 0
    },
    {
      "update_date": 1748379600,
      "open": 0,
      "highest": 0,
      "lowest": 0,
      "close": 29.437159,
      "close_try": 29.437159,
      "close_usd": 0,
      "volume": 0
    },
    {
      "update_date": 1748466000,
      "open": 0,
      "highest": 0,
      "lowest": 0,
      "close": 29.486901,
      "close_try": 29.486901,
      "close_usd": 0,
      "volume": 0
    },
    {
      "update_date": 1748552400,
      "open": 0,
      "highest": 0,
      "lowest": 0,
      "close": 29.741735,
      "close_try": 29.741735,
      "close_usd": 0,
      "volume": 0
    },
    {
      "update_date": 1748638800,
      "open": 0,
      "highest": 0,
      "lowest": 0,
      "close": 29.739589,
      "close_try": 29.739589,
      "close_usd": 0,
      "volume": 0
    },
    {
      "update_date": 1748725200,
      "open": 0,
      "highest": 0,
      "lowest": 0,
      "close": 29.767757,
      "close_try": 29.767757,
      "close_usd": 0,
      "volume": 0
    },
    {
      "update_date": 1748811600,
      "open": 0,
      "highest": 0,
      "lowest": 0,
      "close": 29.768228,
      "close_try": 29.768228,
      "close_usd": 0,
      "volume": 0
    },
    {
      "update_date": 1748898000,
      "open": 0,
      "highest": 0,
      "lowest": 0,
      "close": 29.785214,
      "close_try": 29.785214,
      "close_usd": 0,
      "volume": 0
    },
    {
      "update_date": 1748984400,
      "open": 0,
      "highest": 0,
      "lowest": 0,
      "close": 29.842224,
      "close_try": 29.842224,
      "close_usd": 0,
      "volume": 0
    },
    {
      "update_date": 1749070800,
      "open": 0,
      "highest": 0,
      "lowest": 0,
      "close": 29.831585,
      "close_try": 29.831585,
      "close_usd": 0,
      "volume": 0
    },
    {
      "update_date": 1749157200,
      "open": 0,
      "highest": 0,
      "lowest": 0,
      "close": 29.733499,
      "close_try": 29.733499,
      "close_usd": 0,
      "volume": 0
    },
    {
      "update_date": 1749243600,
      "open": 0,
      "highest": 0,
      "lowest": 0,
      "close": 29.742178,
      "close_try": 29.742178,
      "close_usd": 0,
      "volume": 0
    },
    {
      "update_date": 1749330000,
      "open": 0,
      "highest": 0,
      "lowest": 0,
      "close": 29.742178,
      "close_try": 29.742178,
      "close_usd": 0,
      "volume": 0
    },
    {
      "update_date": 1749416400,
      "open": 0,
      "highest": 0,
      "lowest": 0,
      "close": 29.775838,
      "close_try": 29.775838,
      "close_usd": 0,
      "volume": 0
    },
    {
      "update_date": 1749502800,
      "open": 0,
      "highest": 0,
      "lowest": 0,
      "close": 29.787873,
      "close_try": 29.787873,
      "close_usd": 0,
      "volume": 0
    },
    {
      "update_date": 1749589200,
      "open": 0,
      "highest": 0,
      "lowest": 0,
      "close": 29.783487,
      "close_try": 29.783487,
      "close_usd": 0,
      "volume": 0
    },
    {
      "update_date": 1749675600,
      "open": 0,
      "highest": 0,
      "lowest": 0,
      "close": 30.152772,
      "close_try": 30.152772,
      "close_usd": 0,
      "volume": 0
    },
    {
      "update_date": 1749762000,
      "open": 0,
      "highest": 0,
      "lowest": 0,
      "close": 30.550178,
      "close_try": 30.550178,
      "close_usd": 0,
      "volume": 0
    },
    {
      "update_date": 1749848400,
      "open": 0,
      "highest": 0,
      "lowest": 0,
      "close": 30.5479,
      "close_try": 30.5479,
      "close_usd": 0,
      "volume": 0
    },
    {
      "update_date": 1749934800,
      "open": 0,
      "highest": 0,
      "lowest": 0,
      "close": 30.5479,
      "close_try": 30.5479,
      "close_usd": 0,
      "volume": 0
    },
    {
      "update_date": 1750021200,
      "open": 0,
      "highest": 0,
      "lowest": 0,
      "close": 30.158704,
      "close_try": 30.158704,
      "close_usd": 0,
      "volume": 0
    },
    {
      "update_date": 1750107600,
      "open": 0,
      "highest": 0,
      "lowest": 0,
      "close": 29.979718,
      "close_try": 29.979718,
      "close_usd": 0,
      "volume": 0
    },
    {
      "update_date": 1750194000,
      "open": 0,
      "highest": 0,
      "lowest": 0,
      "close": 30.079159,
      "close_try": 30.079159,
      "close_usd": 0,
      "volume": 0
    },
    {
      "update_date": 1750280400,
      "open": 0,
      "highest": 0,
      "lowest": 0,
      "close": 30.0232,
      "close_try": 30.0232,
      "close_usd": 0,
      "volume": 0
    },
    {
      "update_date": 1750366800,
      "open": 0,
      "highest": 0,
      "lowest": 0,
      "close": 30.091017,
      "close_try": 30.091017,
      "close_usd": 0,
      "volume": 0
    },
    {
      "update_date": 1750453200,
      "open": 0,
      "highest": 0,
      "lowest": 0,
      "close": 30.091017,
      "close_try": 30.091017,
      "close_usd": 0,
      "volume": 0
    },
    {
      "update_date": 1750539600,
      "open": 0,
      "highest": 0,
      "lowest": 0,
      "close": 30.051841,
      "close_try": 30.051841,
      "close_usd": 0,
      "volume": 0
    },
    {
      "update_date": 1750626000,
      "open": 0,
      "highest": 0,
      "lowest": 0,
      "close": 30.492256,
      "close_try": 30.492256,
      "close_usd": 0,
      "volume": 0
    },
    {
      "update_date": 1750712400,
      "open": 0,
      "highest": 0,
      "lowest": 0,
      "close": 30.034855,
      "close_try": 30.034855,
      "close_usd": 0,
      "volume": 0
    },
    {
      "update_date": 1750798800,
      "open": 0,
      "highest": 0,
      "lowest": 0,
      "close": 30.147591,
      "close_try": 30.147591,
      "close_usd": 0,
      "volume": 0
    },
    {
      "update_date": 1750885200,
      "open": 0,
      "highest": 0,
      "lowest": 0,
      "close": 30.362195,
      "close_try": 30.362195,
      "close_usd": 0,
      "volume": 0
    },
    {
      "update_date": 1750971600,
      "open": 0,
      "highest": 0,
      "lowest": 0,
      "close": 30.521569,
      "close_try": 30.521569,
      "close_usd": 0,
      "volume": 0
    },
    {
      "update_date": 1751058000,
      "open": 0,
      "highest": 0,
      "lowest": 0,
      "close": 30.517118,
      "close_try": 30.517118,
      "close_usd": 0,
      "volume": 0
    },
    {
      "update_date": 1751144400,
      "open": 0,
      "highest": 0,
      "lowest": 0,
      "close": 30.508176,
      "close_try": 30.508176,
      "close_usd": 0,
      "volume": 0
    },
    {
      "update_date": 1751230800,
      "open": 0,
      "highest": 0,
      "lowest": 0,
      "close": 30.460336,
      "close_try": 30.460336,
      "close_usd": 0,
      "volume": 0
    },
    {
      "update_date": 1751317200,
      "open": 0,
      "highest": 0,
      "lowest": 0,
      "close": 30.401724,
      "close_try": 30.401724,
      "close_usd": 0,
      "volume": 0
    },
    {
      "update_date": 1751403600,
      "open": 0,
      "highest": 0,
      "lowest": 0,
      "close": 30.400928,
      "close_try": 30.400928,
      "close_usd": 0,
      "volume": 0
    },
    {
      "update_date": 1751490000,
      "open": 0,
      "highest": 0,
      "lowest": 0,
      "close": 30.518762,
      "close_try": 30.518762,
      "close_usd": 0,
      "volume": 0
    },
    {
      "update_date": 1751576400,
      "open": 0,
      "highest": 0,
      "lowest": 0,
      "close": 30.607409,
      "close_try": 30.607409,
      "close_usd": 0,
      "volume": 0
    },
    {
      "update_date": 1751662800,
      "open": 0,
      "highest": 0,
      "lowest": 0,
      "close": 30.609664,
      "close_try": 30.609664,
      "close_usd": 0,
      "volume": 0
    },
    {
      "update_date": 1751749200,
      "open": 0,
      "highest": 0,
      "lowest": 0,
      "close": 30.709558,
      "close_try": 30.709558,
      "close_usd": 0,
      "volume": 0
    },
    {
      "update_date": 1751835600,
      "open": 0,
      "highest": 0,
      "lowest": 0,
      "close": 30.422754,
      "close_try": 30.422754,
      "close_usd": 0,
      "volume": 0
    },
    {
      "update_date": 1751922000,
      "open": 0,
      "highest": 0,
      "lowest": 0,
      "close": 30.493996,
      "close_try": 30.493996,
      "close_usd": 0,
      "volume": 0
    },
    {
      "update_date": 1752008400,
      "open": 0,
      "highest": 0,
      "lowest": 0,
      "close": 30.461972,
      "close_try": 30.461972,
      "close_usd": 0,
      "volume": 0
    },
    {
      "update_date": 1752094800,
      "open": 0,
      "highest": 0,
      "lowest": 0,
      "close": 30.551128,
      "close_try": 30.551128,
      "close_usd": 0,
      "volume": 0
    },
    {
      "update_date": 1752181200,
      "open": 0,
      "highest": 0,
      "lowest": 0,
      "close": 30.536534,
      "close_try": 30.536534,
      "close_usd": 0,
      "volume": 0
    },
    {
      "update_date": 1752267600,
      "open": 0,
      "highest": 0,
      "lowest": 0,
      "close": 30.54098,
      "close_try": 30.54098,
      "close_usd": 0,
      "volume": 0
    },
    {
      "update_date": 1752354000,
      "open": 0,
      "highest": 0,
      "lowest": 0,
      "close": 30.509796,
      "close_try": 30.509796,
      "close_usd": 0,
      "volume": 0
    },
    {
      "update_date": 1752440400,
      "open": 0,
      "highest": 0,
      "lowest": 0,
      "close": 30.587131,
      "close_try": 30.587131,
      "close_usd": 0,
      "volume": 0
    },
    {
      "update_date": 1752526800,
      "open": 0,
      "highest": 0,
      "lowest": 0,
      "close": 30.53812,
      "close_try": 30.53812,
      "close_usd": 0,
      "volume": 0
    },
    {
      "update_date": 1752613200,
      "open": 0,
      "highest": 0,
      "lowest": 0,
      "close": 30.6165,
      "close_try": 30.6165,
      "close_usd": 0,
      "volume": 0
    },
    {
      "update_date": 1752699600,
      "open": 0,
      "highest": 0,
      "lowest": 0,
      "close": 30.45403,
      "close_try": 30.45403,
      "close_usd": 0,
      "volume": 0
    },
    {
      "update_date": 1752786000,
      "open": 0,
      "highest": 0,
      "lowest": 0,
      "close": 30.631202,
      "close_try": 30.631202,
      "close_usd": 0,
      "volume": 0
    },
    {
      "update_date": 1752872400,
      "open": 0,
      "highest": 0,
      "lowest": 0,
      "close": 30.633415,
      "close_try": 30.633415,
      "close_usd": 0,
      "volume": 0
    },
    {
      "update_date": 1752958800,
      "open": 0,
      "highest": 0,
      "lowest": 0,
      "close": 30.660224,
      "close_try": 30.660224,
      "close_usd": 0,
      "volume": 0
    },
    {
      "update_date": 1753045200,
      "open": 0,
      "highest": 0,
      "lowest": 0,
      "close": 30.727476,
      "close_try": 30.727476,
      "close_usd": 0,
      "volume": 0
    },
    {
      "update_date": 1753131600,
      "open": 0,
      "highest": 0,
      "lowest": 0,
      "close": 30.912079,
      "close_try": 30.912079,
      "close_usd": 0,
      "volume": 0
    },
    {
      "update_date": 1753218000,
      "open": 0,
      "highest": 0,
      "lowest": 0,
      "close": 30.956826,
      "close_try": 30.956826,
      "close_usd": 0,
      "volume": 0
    },
    {
      "update_date": 1753304400,
      "open": 0,
      "highest": 0,
      "lowest": 0,
      "close": 30.591991,
      "close_try": 30.591991,
      "close_usd": 0,
      "volume": 0
    },
    {
      "update_date": 1753390800,
      "open": 0,
      "highest": 0,
      "lowest": 0,
      "close": 30.794491,
      "close_try": 30.794491,
      "close_usd": 0,
      "volume": 0
    },
    {
      "update_date": 1753477200,
      "open": 0,
      "highest": 0,
      "lowest": 0,
      "close": 30.794491,
      "close_try": 30.794491,
      "close_usd": 0,
      "volume": 0
    },
    {
      "update_date": 1753563600,
      "open": 0,
      "highest": 0,
      "lowest": 0,
      "close": 30.79224,
      "close_try": 30.79224,
      "close_usd": 0,
      "volume": 0
    },
    {
      "update_date": 1753650000,
      "open": 0,
      "highest": 0,
      "lowest": 0,
      "close": 30.717018,
      "close_try": 30.717018,
      "close_usd": 0,
      "volume": 0
    },
    {
      "update_date": 1753736400,
      "open": 0,
      "highest": 0,
      "lowest": 0,
      "close": 30.720643,
      "close_try": 30.720643,
      "close_usd": 0,
      "volume": 0
    },
    {
      "update_date": 1753822800,
      "open": 0,
      "highest": 0,
      "lowest": 0,
      "close": 30.527321,
      "close_try": 30.527321,
      "close_usd": 0,
      "volume": 0
    },
    {
      "update_date": 1753909200,
      "open": 0,
      "highest": 0,
      "lowest": 0,
      "close": 30.532077,
      "close_try": 30.532077,
      "close_usd": 0,
      "volume": 0
    },
    {
      "update_date": 1753995600,
      "open": 0,
      "highest": 0,
      "lowest": 0,
      "close": 30.675432,
      "close_try": 30.675432,
      "close_usd": 0,
      "volume": 0
    },
    {
      "update_date": 1754082000,
      "open": 0,
      "highest": 0,
      "lowest": 0,
      "close": 30.670997,
      "close_try": 30.670997,
      "close_usd": 0,
      "volume": 0
    },
    {
      "update_date": 1754168400,
      "open": 0,
      "highest": 0,
      "lowest": 0,
      "close": 30.69102,
      "close_try": 30.69102,
      "close_usd": 0,
      "volume": 0
    },
    {
      "update_date": 1754254800,
      "open": 0,
      "highest": 0,
      "lowest": 0,
      "close": 30.708607,
      "close_try": 30.708607,
      "close_usd": 0,
      "volume": 0
    },
    {
      "update_date": 1754341200,
      "open": 0,
      "highest": 0,
      "lowest": 0,
      "close": 30.718318,
      "close_try": 30.718318,
      "close_usd": 0,
      "volume": 0
    },
    {
      "update_date": 1754427600,
      "open": 0,
      "highest": 0,
      "lowest": 0,
      "close": 30.75966,
      "close_try": 30.75966,
      "close_usd": 0,
      "volume": 0
    },
    {
      "update_date": 1754514000,
      "open": 0,
      "highest": 0,
      "lowest": 0,
      "close": 30.798487,
      "close_try": 30.798487,
      "close_usd": 0,
      "volume": 0
    },
    {
      "update_date": 1754600400,
      "open": 0,
      "highest": 0,
      "lowest": 0,
      "close": 30.810636,
      "close_try": 30.810636,
      "close_usd": 0,
      "volume": 0
    },
    {
      "update_date": 1754686800,
      "open": 0,
      "highest": 0,
      "lowest": 0,
      "close": 30.810636,
      "close_try": 30.810636,
      "close_usd": 0,
      "volume": 0
    },
    {
      "update_date": 1754773200,
      "open": 0,
      "highest": 0,
      "lowest": 0,
      "close": 30.892536,
      "close_try": 30.892536,
      "close_usd": 0,
      "volume": 0
    },
    {
      "update_date": 1754859600,
      "open": 0,
      "highest": 0,
      "lowest": 0,
      "close": 30.777337,
      "close_try": 30.777337,
      "close_usd": 0,
      "volume": 0
    },
    {
      "update_date": 1754946000,
      "open": 0,
      "highest": 0,
      "lowest": 0,
      "close": 30.788069,
      "close_try": 30.788069,
      "close_usd": 0,
      "volume": 0
    },
    {
      "update_date": 1755032400,
      "open": 0,
      "highest": 0,
      "lowest": 0,
      "close": 30.836991,
      "close_try": 30.836991,
      "close_usd": 0,
      "volume": 0
    },
    {
      "update_date": 1755118800,
      "open": 0,
      "highest": 0,
      "lowest": 0,
      "close": 30.79334,
      "close_try": 30.79334,
      "close_usd": 0,
      "volume": 0
    },
    {
      "update_date": 1755205200,
      "open": 0,
      "highest": 0,
      "lowest": 0,
      "close": 30.814248,
      "close_try": 30.814248,
      "close_usd": 0,
      "volume": 0
    },
    {
      "update_date": 1755291600,
      "open": 0,
      "highest": 0,
      "lowest": 0,
      "close": 30.800849,
      "close_try": 30.800849,
      "close_usd": 0,
      "volume": 0
    },
    {
      "update_date": 1755378000,
      "open": 0,
      "highest": 0,
      "lowest": 0,
      "close": 30.81646,
      "close_try": 30.81646,
      "close_usd": 0,
      "volume": 0
    },
    {
      "update_date": 1755464400,
      "open": 0,
      "highest": 0,
      "lowest": 0,
      "close": 30.841324,
      "close_try": 30.841324,
      "close_usd": 0,
      "volume": 0
    },
    {
      "update_date": 1755550800,
      "open": 0,
      "highest": 0,
      "lowest": 0,
      "close": 30.712164,
      "close_try": 30.712164,
      "close_usd": 0,
      "volume": 0
    },
    {
      "update_date": 1755637200,
      "open": 0,
      "highest": 0,
      "lowest": 0,
      "close": 30.717412,
      "close_try": 30.717412,
      "close_usd": 0,
      "volume": 0
    },
    {
      "update_date": 1755723600,
      "open": 0,
      "highest": 0,
      "lowest": 0,
      "close": 30.634974,
      "close_try": 30.634974,
      "close_usd": 0,
      "volume": 0
    },
    {
      "update_date": 1755810000,
      "open": 0,
      "highest": 0,
      "lowest": 0,
      "close": 30.773936,
      "close_try": 30.773936,
      "close_usd": 0,
      "volume": 0
    },
    {
      "update_date": 1755896400,
      "open": 0,
      "highest": 0,
      "lowest": 0,
      "close": 30.773936,
      "close_try": 30.773936,
      "close_usd": 0,
      "volume": 0
    },
    {
      "update_date": 1755982800,
      "open": 0,
      "highest": 0,
      "lowest": 0,
      "close": 30.800663,
      "close_try": 30.800663,
      "close_usd": 0,
      "volume": 0
    },
    {
      "update_date": 1756069200,
      "open": 0,
      "highest": 0,
      "lowest": 0,
      "close": 30.766334,
      "close_try": 30.766334,
      "close_usd": 0,
      "volume": 0
    },
    {
      "update_date": 1756155600,
      "open": 0,
      "highest": 0,
      "lowest": 0,
      "close": 30.838268,
      "close_try": 30.838268,
      "close_usd": 0,
      "volume": 0
    },
    {
      "update_date": 1756242000,
      "open": 0,
      "highest": 0,
      "lowest": 0,
      "close": 30.944535,
      "close_try": 30.944535,
      "close_usd": 0,
      "volume": 0
    },
    {
      "update_date": 1756328400,
      "open": 0,
      "highest": 0,
      "lowest": 0,
      "close": 31.066252,
      "close_try": 31.066252,
      "close_usd": 0,
      "volume": 0
    },
    {
      "update_date": 1756414800,
      "open": 0,
      "highest": 0,
      "lowest": 0,
      "close": 31.065114,
      "close_try": 31.065114,
      "close_usd": 0,
      "volume": 0
    },
    {
      "update_date": 1756501200,
      "open": 0,
      "highest": 0,
      "lowest": 0,
      "close": 31.060564,
      "close_try": 31.060564,
      "close_usd": 0,
      "volume": 0
    },
    {
      "update_date": 1756587600,
      "open": 0,
      "highest": 0,
      "lowest": 0,
      "close": 31.080924,
      "close_try": 31.080924,
      "close_usd": 0,
      "volume": 0
    },
    {
      "update_date": 1756674000,
      "open": 0,
      "highest": 0,
      "lowest": 0,
      "close": 31.0875,
      "close_try": 31.0875,
      "close_usd": 0,
      "volume": 0
    },
    {
      "update_date": 1756760400,
      "open": 0,
      "highest": 0,
      "lowest": 0,
      "close": 31.131335,
      "close_try": 31.131335,
      "close_usd": 0,
      "volume": 0
    },
    {
      "update_date": 1756846800,
      "open": 0,
      "highest": 0,
      "lowest": 0,
      "close": 30.962046,
      "close_try": 30.962046,
      "close_usd": 0,
      "volume": 0
    },
    {
      "update_date": 1756933200,
      "open": 0,
      "highest": 0,
      "lowest": 0,
      "close": 30.938175,
      "close_try": 30.938175,
      "close_usd": 0,
      "volume": 0
    },
    {
      "update_date": 1757019600,
      "open": 0,
      "highest": 0,
      "lowest": 0,
      "close": 30.983853,
      "close_try": 30.983853,
      "close_usd": 0,
      "volume": 0
    },
    {
      "update_date": 1757106000,
      "open": 0,
      "highest": 0,
      "lowest": 0,
      "close": 30.979388,
      "close_try": 30.979388,
      "close_usd": 0,
      "volume": 0
    },
    {
      "update_date": 1757192400,
      "open": 0,
      "highest": 0,
      "lowest": 0,
      "close": 30.983629,
      "close_try": 30.983629,
      "close_usd": 0,
      "volume": 0
    },
    {
      "update_date": 1757278800,
      "open": 0,
      "highest": 0,
      "lowest": 0,
      "close": 31.051826,
      "close_try": 31.051826,
      "close_usd": 0,
      "volume": 0
    },
    {
      "update_date": 1757365200,
      "open": 0,
      "highest": 0,
      "lowest": 0,
      "close": 30.967104,
      "close_try": 30.967104,
      "close_usd": 0,
      "volume": 0
    },
    {
      "update_date": 1757451600,
      "open": 0,
      "highest": 0,
      "lowest": 0,
      "close": 30.934901,
      "close_try": 30.934901,
      "close_usd": 0,
      "volume": 0
    },
    {
      "update_date": 1757538000,
      "open": 0,
      "highest": 0,
      "lowest": 0,
      "close": 31.004259,
      "close_try": 31.004259,
      "close_usd": 0,
      "volume": 0
    },
    {
      "update_date": 1757624400,
      "open": 0,
      "highest": 0,
      "lowest": 0,
      "close": 31.037993,
      "close_try": 31.037993,
      "close_usd": 0,
      "volume": 0
    },
    {
      "update_date": 1757710800,
      "open": 0,
      "highest": 0,
      "lowest": 0,
      "close": 31.044709,
      "close_try": 31.044709,
      "close_usd": 0,
      "volume": 0
    },
    {
      "update_date": 1757797200,
      "open": 0,
      "highest": 0,
      "lowest": 0,
      "close": 31.053675,
      "close_try": 31.053675,
      "close_usd": 0,
      "volume": 0
    },
    {
      "update_date": 1757883600,
      "open": 0,
      "highest": 0,
      "lowest": 0,
      "close": 31.127111,
      "close_try": 31.127111,
      "close_usd": 0,
      "volume": 0
    },
    {
      "update_date": 1757970000,
      "open": 0,
      "highest": 0,
      "lowest": 0,
      "close": 31.196627,
      "close_try": 31.196627,
      "close_usd": 0,
      "volume": 0
    },
    {
      "update_date": 1758056400,
      "open": 0,
      "highest": 0,
      "lowest": 0,
      "close": 31.278676,
      "close_try": 31.278676,
      "close_usd": 0,
      "volume": 0
    },
    {
      "update_date": 1758142800,
      "open": 0,
      "highest": 0,
      "lowest": 0,
      "close": 31.262517,
      "close_try": 31.262517,
      "close_usd": 0,
      "volume": 0
    },
    {
      "update_date": 1758229200,
      "open": 0,
      "highest": 0,
      "lowest": 0,
      "close": 31.394968,
      "close_try": 31.394968,
      "close_usd": 0,
      "volume": 0
    },
    {
      "update_date": 1758315600,
      "open": 0,
      "highest": 0,
      "lowest": 0,
      "close": 31.394968,
      "close_try": 31.394968,
      "close_usd": 0,
      "volume": 0
    },
    {
      "update_date": 1758402000,
      "open": 0,
      "highest": 0,
      "lowest": 0,
      "close": 31.399511,
      "close_try": 31.399511,
      "close_usd": 0,
      "volume": 0
    },
    {
      "update_date": 1758488400,
      "open": 0,
      "highest": 0,
      "lowest": 0,
      "close": 31.2925,
      "close_try": 31.2925,
      "close_usd": 0,
      "volume": 0
    },
    {
      "update_date": 1758574800,
      "open": 0,
      "highest": 0,
      "lowest": 0,
      "close": 31.295252,
      "close_try": 31.295252,
      "close_usd": 0,
      "volume": 0
    },
    {
      "update_date": 1758661200,
      "open": 0,
      "highest": 0,
      "lowest": 0,
      "close": 31.185077,
      "close_try": 31.185077,
      "close_usd": 0,
      "volume": 0
    },
    {
      "update_date": 1758747600,
      "open": 0,
      "highest": 0,
      "lowest": 0,
      "close": 31.101945,
      "close_try": 31.101945,
      "close_usd": 0,
      "volume": 0
    },
    {
      "update_date": 1758834000,
      "open": 0,
      "highest": 0,
      "lowest": 0,
      "close": 30.924215,
      "close_try": 30.924215,
      "close_usd": 0,
      "volume": 0
    },
    {
      "update_date": 1758920400,
      "open": 0,
      "highest": 0,
      "lowest": 0,
      "close": 30.877052,
      "close_try": 30.877052,
      "close_usd": 0,
      "volume": 0
    },
    {
      "update_date": 1759006800,
      "open": 0,
      "highest": 0,
      "lowest": 0,
      "close": 30.877052,
      "close_try": 30.877052,
      "close_usd": 0,
      "volume": 0
    },
    {
      "update_date": 1759093200,
      "open": 0,
      "highest": 0,
      "lowest": 0,
      "close": 31.03675,
      "close_try": 31.03675,
      "close_usd": 0,
      "volume": 0
    },
    {
      "update_date": 1759179600,
      "open": 0,
      "highest": 0,
      "lowest": 0,
      "close": 30.957844,
      "close_try": 30.957844,
      "close_usd": 0,
      "volume": 0
    },
    {
      "update_date": 1759266000,
      "open": 0,
      "highest": 0,
      "lowest": 0,
      "close": 30.953589,
      "close_try": 30.953589,
      "close_usd": 0,
      "volume": 0
    },
    {
      "update_date": 1759352400,
      "open": 0,
      "highest": 0,
      "lowest": 0,
      "close": 30.901569,
      "close_try": 30.901569,
      "close_usd": 0,
      "volume": 0
    },
    {
      "update_date": 1759438800,
      "open": 0,
      "highest": 0,
      "lowest": 0,
      "close": 30.98987,
      "close_try": 30.98987,
      "close_usd": 0,
      "volume": 0
    },
    {
      "update_date": 1759525200,
      "open": 0,
      "highest": 0,
      "lowest": 0,
      "close": 30.994298,
      "close_try": 30.994298,
      "close_usd": 0,
      "volume": 0
    },
    {
      "update_date": 1759611600,
      "open": 0,
      "highest": 0,
      "lowest": 0,
      "close": 30.992095,
      "close_try": 30.992095,
      "close_usd": 0,
      "volume": 0
    },
    {
      "update_date": 1759698000,
      "open": 0,
      "highest": 0,
      "lowest": 0,
      "close": 31.012662,
      "close_try": 31.012662,
      "close_usd": 0,
      "volume": 0
    },
    {
      "update_date": 1759784400,
      "open": 0,
      "highest": 0,
      "lowest": 0,
      "close": 31.01103,
      "close_try": 31.01103,
      "close_usd": 0,
      "volume": 0
    },
    {
      "update_date": 1759870800,
      "open": 0,
      "highest": 0,
      "lowest": 0,
      "close": 31.007173,
      "close_try": 31.007173,
      "close_usd": 0,
      "volume": 0
    },
    {
      "update_date": 1759957200,
      "open": 0,
      "highest": 0,
      "lowest": 0,
      "close": 30.859611,
      "close_try": 30.859611,
      "close_usd": 0,
      "volume": 0
    },
    {
      "update_date": 1760043600,
      "open": 0,
      "highest": 0,
      "lowest": 0,
      "close": 30.978129,
      "close_try": 30.978129,
      "close_usd": 0,
      "volume": 0
    },
    {
      "update_date": 1760130000,
      "open": 0,
      "highest": 0,
      "lowest": 0,
      "close": 30.971505,
      "close_try": 30.971505,
      "close_usd": 0,
      "volume": 0
    },
    {
      "update_date": 1760216400,
      "open": 0,
      "highest": 0,
      "lowest": 0,
      "close": 30.998062,
      "close_try": 30.998062,
      "close_usd": 0,
      "volume": 0
    },
    {
      "update_date": 1760302800,
      "open": 0,
      "highest": 0,
      "lowest": 0,
      "close": 30.882121,
      "close_try": 30.882121,
      "close_usd": 0,
      "volume": 0
    },
    {
      "update_date": 1760389200,
      "open": 0,
      "highest": 0,
      "lowest": 0,
      "close": 30.893483,
      "close_try": 30.893483,
      "close_usd": 0,
      "volume": 0
    },
    {
      "update_date": 1760475600,
      "open": 0,
      "highest": 0,
      "lowest": 0,
      "close": 30.905774,
      "close_try": 30.905774,
      "close_usd": 0,
      "volume": 0
    },
    {
      "update_date": 1760562000,
      "open": 0,
      "highest": 0,
      "lowest": 0,
      "close": 30.876886,
      "close_try": 30.876886,
      "close_usd": 0,
      "volume": 0
    },
    {
      "update_date": 1760648400,
      "open": 0,
      "highest": 0,
      "lowest": 0,
      "close": 30.416233,
      "close_try": 30.416233,
      "close_usd": 0,
      "volume": 0
    }
  ]
}