{
  "asset_key": "2-GBP",
  "date_range": {
    "start": "2015-10-20T13:27:36.053743",
    "end": "2025-10-17T13:27:36.053743",
    "days": 430
  },
  "archive": [
    {
      "update_date": 1723582800,
      "open": 0,
      "highest": 0,
      "lowest": 0,
      "close": 45.058975,
      "close_try": 45.058975,
      "close_usd": 0,
      "volume": 0
    },
    {
      "update_date": 1723669200,
      "open": 0,
      "highest": 0,
      "lowest": 0,
      "close": 45.153651,
      "close_try": 45.153651,
      "close_usd": 0,
      "volume": 0
    },
    {
      "update_date": 1723755600,
      "open": 0,
      "highest": 0,
      "lowest": 0,
      "close": 45.593534,
      "close_try": 45.593534,
      "close_usd": 0,
      "volume": 0
    },
    {
      "update_date": 1723842000,
      "open": 0,
      "highest": 0,
      "lowest": 0,
      "close": 45.593534,
      "close_try": 45.593534,
      "close_usd": 0,
      "volume": 0
    },
    {
      "update_date": 1723928400,
      "open": 0,
      "highest": 0,
      "lowest": 0,
      "close": 45.593534,
      "close_try": 45.593534,
      "close_usd": 0,
      "volume": 0
    },
    {
      "update_date": 1724014800,
      "open": 0,
      "highest": 0,
      "lowest": 0,
      "close": 45.550502,
      "close_try": 45.550502,
      "close_usd": 0,
      "volume": 0
    },
    {
      "update_date": 1724101200,
      "open": 0,
      "highest": 0,
      "lowest": 0,
      "close": 46.030349,
      "close_try": 46.030349,
      "close_usd": 0,
      "volume": 0
    },
    {
      "update_date": 1724187600,
      "open": 0,
      "highest": 0,
      "lowest": 0,
      "close": 46.406455,
      "close_try": 46.406455,
      "close_usd": 0,
      "volume": 0
    },
    {
      "update_date": 1724274000,
      "open": 0,
      "highest": 0,
      "lowest": 0,
      "close": 46.373849,
      "close_try": 46.373849,
      "close_usd": 0,
      "volume": 0
    },
    {
      "update_date": 1724360400,
      "open": 0,
      "highest": 0,
      "lowest": 0,
      "close": 46.948834,
      "close_try": 46.948834,
      "close_usd": 0,
      "volume": 0
    },
    {
      "update_date": 1724446800,
      "open": 0,
      "highest": 0,
      "lowest": 0,
      "close": 46.95242,
      "close_try": 46.95242,
      "close_usd": 0,
      "volume": 0
    },
    {
      "update_date": 1724533200,
      "open": 0,
      "highest": 0,
      "lowest": 0,
      "close": 46.95242,
      "close_try": 46.95242,
      "close_usd": 0,
      "volume": 0
    },
    {
      "update_date": 1724619600,
      "open": 0,
      "highest": 0,
      "lowest": 0,
      "close": 46.843597,
      "close_try": 46.843597,
      "close_usd": 0,
      "volume": 0
    },
    {
      "update_date": 1724706000,
      "open": 0,
      "highest": 0,
      "lowest": 0,
      "close": 46.878622,
      "close_try": 46.878622,
      "close_usd": 0,
      "volume": 0
    },
    {
      "update_date": 1724792400,
      "open": 0,
      "highest": 0,
      "lowest": 0,
      "close": 45.88334,
      "close_try": 45.88334,
      "close_usd": 0,
      "volume": 0
    },
    {
      "update_date": 1724878800,
      "open": 0,
      "highest": 0,
      "lowest": 0,
      "close": 46.616418,
      "close_try": 46.616418,
      "close_usd": 0,
      "volume": 0
    },
    {
      "update_date": 1724965200,
      "open": 0,
      "highest": 0,
      "lowest": 0,
      "close": 46.481903,
      "close_try": 46.481903,
      "close_usd": 0,
      "volume": 0
    },
    {
      "update_date": 1725051600,
      "open": 0,
      "highest": 0,
      "lowest": 0,
      "close": 46.492552,
      "close_try": 46.492552,
      "close_usd": 0,
      "volume": 0
    },
    {
      "update_date": 1725138000,
      "open": 0,
      "highest": 0,
      "lowest": 0,
      "close": 46.474826,
      "close_try": 46.474826,
      "close_usd": 0,
      "volume": 0
    },
    {
      "update_date": 1725224400,
      "open": 0,
      "highest": 0,
      "lowest": 0,
      "close": 46.372886,
      "close_try": 46.372886,
      "close_usd": 0,
      "volume": 0
    },
    {
      "update_date": 1725310800,
      "open": 0,
      "highest": 0,
      "lowest": 0,
      "close": 46.349273,
      "close_try": 46.349273,
      "close_usd": 0,
      "volume": 0
    },
    {
      "update_date": 1725397200,
      "open": 0,
      "highest": 0,
      "lowest": 0,
      "close": 46.598772,
      "close_try": 46.598772,
      "close_usd": 0,
      "volume": 0
    },
    {
      "update_date": 1725483600,
      "open": 0,
      "highest": 0,
      "lowest": 0,
      "close": 46.578991,
      "close_try": 46.578991,
      "close_usd": 0,
      "volume": 0
    },
    {
      "update_date": 1725570000,
      "open": 0,
      "highest": 0,
      "lowest": 0,
      "close": 46.382809,
      "close_try": 46.382809,
      "close_usd": 0,
      "volume": 0
    },
    {
      "update_date": 1725656400,
      "open": 0,
      "highest": 0,
      "lowest": 0,
      "close": 46.368689,
      "close_try": 46.368689,
      "close_usd": 0,
      "volume": 0
    },
    {
      "update_date": 1725742800,
      "open": 0,
      "highest": 0,
      "lowest": 0,
      "close": 46.347475,
      "close_try": 46.347475,
      "close_usd": 0,
      "volume": 0
    },
    {
      "update_date": 1725829200,
      "open": 0,
      "highest": 0,
      "lowest": 0,
      "close": 46.412281,
      "close_try": 46.412281,
      "close_usd": 0,
      "volume": 0
    },
    {
      "update_date": 1725915600,
      "open": 0,
      "highest": 0,
      "lowest": 0,
      "close": 46.401007,
      "close_try": 46.401007,
      "close_usd": 0,
      "volume": 0
    },
    {
      "update_date": 1726002000,
      "open": 0,
      "highest": 0,
      "lowest": 0,
      "close": 46.200316,
      "close_try": 46.200316,
      "close_usd": 0,
      "volume": 0
    },
    {
      "update_date": 1726088400,
      "open": 0,
      "highest": 0,
      "lowest": 0,
      "close": 46.487201,
      "close_try": 46.487201,
      "close_usd": 0,
      "volume": 0
    },
    {
      "update_date": 1726174800,
      "open": 0,
      "highest": 0,
      "lowest": 0,
      "close": 46.487201,
      "close_try": 46.487201,
      "close_usd": 0,
      "volume": 0
    },
    {
      "update_date": 1726261200,
      "open": 0,
      "highest": 0,
      "lowest": 0,
      "close": 46.487201,
      "close_try": 46.487201,
      "close_usd": 0,
      "volume": 0
    },
    {
      "update_date": 1726347600,
      "open": 0,
      "highest": 0,
      "lowest": 0,
      "close": 46.497821,
      "close_try": 46.497821,
      "close_usd": 0,
      "volume": 0
    },
    {
      "update_date": 1726434000,
      "open": 0,
      "highest": 0,
      "lowest": 0,
      "close": 46.8166,
      "close_try": 46.8166,
      "close_usd": 0,
      "volume": 0
    },
    {
      "update_date": 1726520400,
      "open": 0,
      "highest": 0,
      "lowest": 0,
      "close": 46.747707,
      "close_try": 46.747707,
      "close_usd": 0,
      "volume": 0
    },
    {
      "update_date": 1726606800,
      "open": 0,
      "highest": 0,
      "lowest": 0,
      "close": 46.83027,
      "close_try": 46.83027,
      "close_usd": 0,
      "volume": 0
    },
    {
      "update_date": 1726693200,
      "open": 0,
      "highest": 0,
      "lowest": 0,
      "close": 47.050349,
      "close_try": 47.050349,
      "close_usd": 0,
      "volume": 0
    },
    {
      "update_date": 1726779600,
      "open": 0,
      "highest": 0,
      "lowest": 0,
      "close": 47.363502,
      "close_try": 47.363502,
      "close_usd": 0,
      "volume": 0
    },
    {
      "update_date": 1726866000,
      "open": 0,
      "highest": 0,
      "lowest": 0,
      "close": 47.363502,
      "close_try": 47.363502,
      "close_usd": 0,
      "volume": 0
    },
    {
      "update_date": 1726952400,
      "open": 0,
      "highest": 0,
      "lowest": 0,
      "close": 47.363502,
      "close_try": 47.363502,
      "close_usd": 0,
      "volume": 0
    },
    {
      "update_date": 1727038800,
      "open": 0,
      "highest": 0,
      "lowest": 0,
      "close": 47.479344,
      "close_try": 47.479344,
      "close_usd": 0,
      "volume": 0
    },
    {
      "update_date": 1727125200,
      "open": 0,
      "highest": 0,
      "lowest": 0,
      "close": 47.673463,
      "close_try": 47.673463,
      "close_usd": 0,
      "volume": 0
    },
    {
      "update_date": 1727211600,
      "open": 0,
      "highest": 0,
      "lowest": 0,
      "close": 47.411004,
      "close_try": 47.411004,
      "close_usd": 0,
      "volume": 0
    },
    {
      "update_date": 1727298000,
      "open": 0,
      "highest": 0,
      "lowest": 0,
      "close": 47.721238,
      "close_try": 47.721238,
      "close_usd": 0,
      "volume": 0
    },
    {
      "update_date": 1727384400,
      "open": 0,
      "highest": 0,
      "lowest": 0,
      "close": 47.605636,
      "close_try": 47.605636,
      "close_usd": 0,
      "volume": 0
    },
    {
      "update_date": 1727470800,
      "open": 0,
      "highest": 0,
      "lowest": 0,
      "close": 47.612752,
      "close_try": 47.612752,
      "close_usd": 0,
      "volume": 0
    },
    {
      "update_date": 1727557200,
      "open": 0,
      "highest": 0,
      "lowest": 0,
      "close": 47.612752,
      "close_try": 47.612752,
      "close_usd": 0,
      "volume": 0
    },
    {
      "update_date": 1727643600,
      "open": 0,
      "highest": 0,
      "lowest": 0,
      "close": 47.661412,
      "close_try": 47.661412,
      "close_usd": 0,
      "volume": 0
    },
    {
      "update_date": 1727730000,
      "open": 0,
      "highest": 0,
      "lowest": 0,
      "close": 47.333066,
      "close_try": 47.333066,
      "close_usd": 0,
      "volume": 0
    },
    {
      "update_date": 1727816400,
      "open": 0,
      "highest": 0,
      "lowest": 0,
      "close": 47.308999,
      "close_try": 47.308999,
      "close_usd": 0,
      "volume": 0
    },
    {
      "update_date": 1727902800,
      "open": 0,
      "highest": 0,
      "lowest": 0,
      "close": 46.725937,
      "close_try": 46.725937,
      "close_usd": 0,
      "volume": 0
    },
    {
      "update_date": 1727989200,
      "open": 0,
      "highest": 0,
      "lowest": 0,
      "close": 46.856006,
      "close_try": 46.856006,
      "close_usd": 0,
      "volume": 0
    },
    {
      "update_date": 1728075600,
      "open": 0,
      "highest": 0,
      "lowest": 0,
      "close": 46.838135,
      "close_try": 46.838135,
      "close_usd": 0,
      "volume": 0
    },
    {
      "update_date": 1728162000,
      "open": 0,
      "highest": 0,
      "lowest": 0,
      "close": 46.802461,
      "close_try": 46.802461,
      "close_usd": 0,
      "volume": 0
    },
    {
      "update_date": 1728248400,
      "open": 0,
      "highest": 0,
      "lowest": 0,
      "close": 46.691041,
      "close_try": 46.691041,
      "close_usd": 0,
      "volume": 0
    },
    {
      "update_date": 1728334800,
      "open": 0,
      "highest": 0,
      "lowest": 0,
      "close": 46.773923,
      "close_try": 46.773923,
      "close_usd": 0,
      "volume": 0
    },
    {
      "update_date": 1728421200,
      "open": 0,
      "highest": 0,
      "lowest": 0,
      "close": 46.626146,
      "close_try": 46.626146,
      "close_usd": 0,
      "volume": 0
    },
    {
      "update_date": 1728507600,
      "open": 0,
      "highest": 0,
      "lowest": 0,
      "close": 46.524501,
      "close_try": 46.524501,
      "close_usd": 0,
      "volume": 0
    },
    {
      "update_date": 1728594000,
      "open": 0,
      "highest": 0,
      "lowest": 0,
      "close": 46.946909,
      "close_try": 46.946909,
      "close_usd": 0,
      "volume": 0
    },
    {
      "update_date": 1728680400,
      "open": 0,
      "highest": 0,
      "lowest": 0,
      "close": 46.950499,
      "close_try": 46.950499,
      "close_usd": 0,
      "volume": 0
    },
    {
      "update_date": 1728766800,
      "open": 0,
      "highest": 0,
      "lowest": 0,
      "close": 46.950499,
      "close_try": 46.950499,
      "close_usd": 0,
      "volume": 0
    },
    {
      "update_date": 1728853200,
      "open": 0,
      "highest": 0,
      "lowest": 0,
      "close": 46.734044,
      "close_try": 46.734044,
      "close_usd": 0,
      "volume": 0
    },
    {
      "update_date": 1728939600,
      "open": 0,
      "highest": 0,
      "lowest": 0,
      "close": 45.714783,
      "close_try": 45.714783,
      "close_usd": 0,
      "volume": 0
    },
    {
      "update_date": 1729026000,
      "open": 0,
      "highest": 0,
      "lowest": 0,
      "close": 46.363761,
      "close_try": 46.363761,
      "close_usd": 0,
      "volume": 0
    },
    {
      "update_date": 1729112400,
      "open": 0,
      "highest": 0,
      "lowest": 0,
      "close": 46.504516,
      "close_try": 46.504516,
      "close_usd": 0,
      "volume": 0
    },
    {
      "update_date": 1729198800,
      "open": 0,
      "highest": 0,
      "lowest": 0,
      "close": 46.819784,
      "close_try": 46.819784,
      "close_usd": 0,
      "volume": 0
    },
    {
      "update_date": 1729285200,
      "open": 0,
      "highest": 0,
      "lowest": 0,
      "close": 46.823399,
      "close_try": 46.823399,
      "close_usd": 0,
      "volume": 0
    },
    {
      "update_date": 1729371600,
      "open": 0,
      "highest": 0,
      "lowest": 0,
      "close": 46.801851,
      "close_try": 46.801851,
      "close_usd": 0,
      "volume": 0
    },
    {
      "update_date": 1729458000,
      "open": 0,
      "highest": 0,
      "lowest": 0,
      "close": 46.497033,
      "close_try": 46.497033,
      "close_usd": 0,
      "volume": 0
    },
    {
      "update_date": 1729544400,
      "open": 0,
      "highest": 0,
      "lowest": 0,
      "close": 46.508204,
      "close_try": 46.508204,
      "close_usd": 0,
      "volume": 0
    },
    {
      "update_date": 1729630800,
      "open": 0,
      "highest": 0,
      "lowest": 0,
      "close": 46.428427,
      "close_try": 46.428427,
      "close_usd": 0,
      "volume": 0
    },
    {
      "update_date": 1729717200,
      "open": 0,
      "highest": 0,
      "lowest": 0,
      "close": 46.556733,
      "close_try": 46.556733,
      "close_usd": 0,
      "volume": 0
    },
    {
      "update_date": 1729803600,
      "open": 0,
      "highest": 0,
      "lowest": 0,
      "close": 46.641316,
      "close_try": 46.641316,
      "close_usd": 0,
      "volume": 0
    },
    {
      "update_date": 1729890000,
      "open": 0,
      "highest": 0,
      "lowest": 0,
      "close": 46.644942,
      "close_try": 46.644942,
      "close_usd": 0,
      "volume": 0
    },
    {
      "update_date": 1729976400,
      "open": 0,
      "highest": 0,
      "lowest": 0,
      "close": 46.684473,
      "close_try": 46.684473,
      "close_usd": 0,
      "volume": 0
    },
    {
      "update_date": 1730062800,
      "open": 0,
      "highest": 0,
      "lowest": 0,
      "close": 46.673702,
      "close_try": 46.673702,
      "close_usd": 0,
      "volume": 0
    },
    {
      "update_date": 1730149200,
      "open": 0,
      "highest": 0,
      "lowest": 0,
      "close": 46.83197,
      "close_try": 46.83197,
      "close_usd": 0,
      "volume": 0
    },
    {
      "update_date": 1730235600,
      "open": 0,
      "highest": 0,
      "lowest": 0,
      "close": 46.175385,
      "close_try": 46.175385,
      "close_usd": 0,
      "volume": 0
    },
    {
      "update_date": 1730322000,
      "open": 0,
      "highest": 0,
      "lowest": 0,
      "close": 46.026858,
      "close_try": 46.026858,
      "close_usd": 0,
      "volume": 0
    },
    {
      "update_date": 1730408400,
      "open": 0,
      "highest": 0,
      "lowest": 0,
      "close": 46.404436,
      "close_try": 46.404436,
      "close_usd": 0,
      "volume": 0
    },
    {
      "update_date": 1730494800,
      "open": 0,
      "highest": 0,
      "lowest": 0,
      "close": 46.433188,
      "close_try": 46.433188,
      "close_usd": 0,
      "volume": 0
    },
    {
      "update_date": 1730581200,
      "open": 0,
      "highest": 0,
      "lowest": 0,
      "close": 46.589946,
      "close_try": 46.589946,
      "close_usd": 0,
      "volume": 0
    },
    {
      "update_date": 1730667600,
      "open": 0,
      "highest": 0,
      "lowest": 0,
      "close": 46.210103,
      "close_try": 46.210103,
      "close_usd": 0,
      "volume": 0
    },
    {
      "update_date": 1730754000,
      "open": 0,
      "highest": 0,
      "lowest": 0,
      "close": 46.791482,
      "close_try": 46.791482,
      "close_usd": 0,
      "volume": 0
    },
    {
      "update_date": 1730840400,
      "open": 0,
      "highest": 0,
      "lowest": 0,
      "close": 45.996147,
      "close_try": 45.996147,
      "close_usd": 0,
      "volume": 0
    },
    {
      "update_date": 1730926800,
      "open": 0,
      "highest": 0,
      "lowest": 0,
      "close": 46.106368,
      "close_try": 46.106368,
      "close_usd": 0,
      "volume": 0
    },
    {
      "update_date": 1731013200,
      "open": 0,
      "highest": 0,
      "lowest": 0,
      "close": 46.597751,
      "close_try": 46.597751,
      "close_usd": 0,
      "volume": 0
    },
    {
      "update_date": 1731099600,
      "open": 0,
      "highest": 0,
      "lowest": 0,
      "close": 46.612184,
      "close_try": 46.612184,
      "close_usd": 0,
      "volume": 0
    },
    {
      "update_date": 1731186000,
      "open": 0,
      "highest": 0,
      "lowest": 0,
      "close": 46.572522,
      "close_try": 46.572522,
      "close_usd": 0,
      "volume": 0
    },
    {
      "update_date": 1731272400,
      "open": 0,
      "highest": 0,
      "lowest": 0,
      "close": 46.158485,
      "close_try": 46.158485,
      "close_usd": 0,
      "volume": 0
    },
    {
      "update_date": 1731358800,
      "open": 0,
      "highest": 0,
      "lowest": 0,
      "close": 45.75313,
      "close_try": 45.75313,
      "close_usd": 0,
      "volume": 0
    },
    {
      "update_date": 1731445200,
      "open": 0,
      "highest": 0,
      "lowest": 0,
      "close": 45.443185,
      "close_try": 45.443185,
      "close_usd": 0,
      "volume": 0
    },
    {
      "update_date": 1731531600,
      "open": 0,
      "highest": 0,
      "lowest": 0,
      "close": 45.278368,
      "close_try": 45.278368,
      "close_usd": 0,
      "volume": 0
    },
    {
      "update_date": 1731618000,
      "open": 0,
      "highest": 0,
      "lowest": 0,
      "close": 45.369316,
      "close_try": 45.369316,
      "close_usd": 0,
      "volume": 0
    },
    {
      "update_date": 1731704400,
      "open": 0,
      "highest": 0,
      "lowest": 0,
      "close": 45.426873,
      "close_try": 45.426873,
      "close_usd": 0,
      "volume": 0
    },
    {
      "update_date": 1731790800,
      "open": 0,
      "highest": 0,
      "lowest": 0,
      "close": 45.426873,
      "close_try": 45.426873,
      "close_usd": 0,
      "volume": 0
    },
    {
      "update_date": 1731877200,
      "open": 0,
      "highest": 0,
      "lowest": 0,
      "close": 45.644096,
      "close_try": 45.644096,
      "close_usd": 0,
      "volume": 0
    },
    {
      "update_date": 1731963600,
      "open": 0,
      "highest": 0,
      "lowest": 0,
      "close": 45.526117,
      "close_try": 45.526117,
      "close_usd": 0,
      "volume": 0
    },
    {
      "update_date": 1732050000,
      "open": 0,
      "highest": 0,
      "lowest": 0,
      "close": 45.27126,
      "close_try": 45.27126,
      "close_usd": 0,
      "volume": 0
    },
    {
      "update_date": 1732136400,
      "open": 0,
      "highest": 0,
      "lowest": 0,
      "close": 45.235905,
      "close_try": 45.235905,
      "close_usd": 0,
      "volume": 0
    },
    {
      "update_date": 1732222800,
      "open": 0,
      "highest": 0,
      "lowest": 0,
      "close": 45.213339,
      "close_try": 45.213339,
      "close_usd": 0,
      "volume": 0
    },
    {
      "update_date": 1732309200,
      "open": 0,
      "highest": 0,
      "lowest": 0,
      "close": 45.28689,
      "close_try": 45.28689,
      "close_usd": 0,
      "volume": 0
    },
    {
      "update_date": 1732395600,
      "open": 0,
      "highest": 0,
      "lowest": 0,
      "close": 45.482005,
      "close_try": 45.482005,
      "close_usd": 0,
      "volume": 0
    },
    {
      "update_date": 1732482000,
      "open": 0,
      "highest": 0,
      "lowest": 0,
      "close": 45.261364,
      "close_try": 45.261364,
      "close_usd": 0,
      "volume": 0
    },
    {
      "update_date": 1732568400,
      "open": 0,
      "highest": 0,
      "lowest": 0,
      "close": 45.302761,
      "close_try": 45.302761,
      "close_usd": 0,
      "volume": 0
    },
    {
      "update_date": 1732654800,
      "open": 0,
      "highest": 0,
      "lowest": 0,
      "close": 44.761754,
      "close_try": 44.761754,
      "close_usd": 0,
      "volume": 0
    },
    {
      "update_date": 1732741200,
      "open": 0,
      "highest": 0,
      "lowest": 0,
      "close": 45.725897,
      "close_try": 45.725897,
      "close_usd": 0,
      "volume": 0
    },
    {
      "update_date": 1732827600,
      "open": 0,
      "highest": 0,
      "lowest": 0,
      "close": 46.178851,
      "close_try": 46.178851,
      "close_usd": 0,
      "volume": 0
    },
    {
      "update_date": 1732914000,
      "open": 0,
      "highest": 0,
      "lowest": 0,
      "close": 46.167023,
      "close_try": 46.167023,
      "close_usd": 0,
      "volume": 0
    },
    {
      "update_date": 1733000400,
      "open": 0,
      "highest": 0,
      "lowest": 0,
      "close": 46.192937,
      "close_try": 46.192937,
      "close_usd": 0,
      "volume": 0
    },
    {
      "update_date": 1733086800,
      "open": 0,
      "highest": 0,
      "lowest": 0,
      "close": 45.608973,
      "close_try": 45.608973,
      "close_usd": 0,
      "volume": 0
    },
    {
      "update_date": 1733173200,
      "open": 0,
      "highest": 0,
      "lowest": 0,
      "close": 45.701946,
      "close_try": 45.701946,
      "close_usd": 0,
      "volume": 0
    },
    {
      "update_date": 1733259600,
      "open": 0,
      "highest": 0,
      "lowest": 0,
      "close": 45.677491,
      "close_try": 45.677491,
      "close_usd": 0,
      "volume": 0
    },
    {
      "update_date": 1733346000,
      "open": 0,
      "highest": 0,
      "lowest": 0,
      "close": 45.946469,
      "close_try": 45.946469,
      "close_usd": 0,
      "volume": 0
    },
    {
      "update_date": 1733432400,
      "open": 0,
      "highest": 0,
      "lowest": 0,
      "close": 46.160747,
      "close_try": 46.160747,
      "close_usd": 0,
      "volume": 0
    },
    {
      "update_date": 1733518800,
      "open": 0,
      "highest": 0,
      "lowest": 0,
      "close": 46.171609,
      "close_try": 46.171609,
      "close_usd": 0,
      "volume": 0
    },
    {
      "update_date": 1733605200,
      "open": 0,
      "highest": 0,
      "lowest": 0,
      "close": 46.149848,
      "close_try": 46.149848,
      "close_usd": 0,
      "volume": 0
    },
    {
      "update_date": 1733691600,
      "open": 0,
      "highest": 0,
      "lowest": 0,
      "close": 46.229815,
      "close_try": 46.229815,
      "close_usd": 0,
      "volume": 0
    },
    {
      "update_date": 1733778000,
      "open": 0,
      "highest": 0,
      "lowest": 0,
      "close": 46.341228,
      "close_try": 46.341228,
      "close_usd": 0,
      "volume": 0
    },
    {
      "update_date": 1733864400,
      "open": 0,
      "highest": 0,
      "lowest": 0,
      "close": 46.13352,
      "close_try": 46.13352,
      "close_usd": 0,
      "volume": 0
    },
    {
      "update_date": 1733950800,
      "open": 0,
      "highest": 0,
      "lowest": 0,
      "close": 46.018762,
      "close_try": 46.018762,
      "close_usd": 0,
      "volume": 0
    },
    {
      "update_date": 1734037200,
      "open": 0,
      "highest": 0,
      "lowest": 0,
      "close": 45.643335,
      "close_try": 45.643335,
      "close_usd": 0,
      "volume": 0
    },
    {
      "update_date": 1734123600,
      "open": 0,
      "highest": 0,
      "lowest": 0,
      "close": 45.661828,
      "close_try": 45.661828,
      "close_usd": 0,
      "volume": 0
    },
    {
      "update_date": 1734210000,
      "open": 0,
      "highest": 0,
      "lowest": 0,
      "close": 45.65456,
      "close_try": 45.65456,
      "close_usd": 0,
      "volume": 0
    },
    {
      "update_date": 1734296400,
      "open": 0,
      "highest": 0,
      "lowest": 0,
      "close": 46.029221,
      "close_try": 46.029221,
      "close_usd": 0,
      "volume": 0
    },
    {
      "update_date": 1734382800,
      "open": 0,
      "highest": 0,
      "lowest": 0,
      "close": 45.249723,
      "close_try": 45.249723,
      "close_usd": 0,
      "volume": 0
    },
    {
      "update_date": 1734469200,
      "open": 0,
      "highest": 0,
      "lowest": 0,
      "close": 45.898261,
      "close_try": 45.898261,
      "close_usd": 0,
      "volume": 0
    },
    {
      "update_date": 1734555600,
      "open": 0,
      "highest": 0,
      "lowest": 0,
      "close": 45.554125,
      "close_try": 45.554125,
      "close_usd": 0,
      "volume": 0
    },
    {
      "update_date": 1734642000,
      "open": 0,
      "highest": 0,
      "lowest": 0,
      "close": 45.9449,
      "close_try": 45.9449,
      "close_usd": 0,
      "volume": 0
    },
    {
      "update_date": 1734728400,
      "open": 0,
      "highest": 0,
      "lowest": 0,
      "close": 45.926644,
      "close_try": 45.926644,
      "close_usd": 0,
      "volume": 0
    },
    {
      "update_date": 1734814800,
      "open": 0,
      "highest": 0,
      "lowest": 0,
      "close": 45.930295,
      "close_try": 45.930295,
      "close_usd": 0,
      "volume": 0
    },
    {
      "update_date": 1734901200,
      "open": 0,
      "highest": 0,
      "lowest": 0,
      "close": 45.833508,
      "close_try": 45.833508,
      "close_usd": 0,
      "volume": 0
    },
    {
      "update_date": 1734987600,
      "open": 0,
      "highest": 0,
      "lowest": 0,
      "close": 45.827391,
      "close_try": 45.827391,
      "close_usd": 0,
      "volume": 0
    },
    {
      "update_date": 1735074000,
      "open": 0,
      "highest": 0,
      "lowest": 0,
      "close": 45.948567,
      "close_try": 45.948567,
      "close_usd": 0,
      "volume": 0
    },
    {
      "update_date": 1735160400,
      "open": 0,
      "highest": 0,
      "lowest": 0,
      "close": 45.726727,
      "close_try": 45.726727,
      "close_usd": 0,
      "volume": 0
    },
    {
      "update_date": 1735246800,
      "open": 0,
      "highest": 0,
      "lowest": 0,
      "close": 46.012778,
      "close_try": 46.012778,
      "close_usd": 0,
      "volume": 0
    },
    {
      "update_date": 1735333200,
      "open": 0,
      "highest": 0,
      "lowest": 0,
      "close": 46.026128,
      "close_try": 46.026128,
      "close_usd": 0,
      "volume": 0
    },
    {
      "update_date": 1735419600,
      "open": 0,
      "highest": 0,
      "lowest": 0,
      "close": 46.011503,
      "close_try": 46.011503,
      "close_usd": 0,
      "volume": 0
    },
    {
      "update_date": 1735506000,
      "open": 0,
      "highest": 0,
      "lowest": 0,
      "close": 45.974444,
      "close_try": 45.974444,
      "close_usd": 0,
      "volume": 0
    },
    {
      "update_date": 1735592400,
      "open": 0,
      "highest": 0,
      "lowest": 0,
      "close": 46.014113,
      "close_try": 46.014113,
      "close_usd": 0,
      "volume": 0
    },
    {
      "update_date": 1735678800,
      "open": 0,
      "highest": 0,
      "lowest": 0,
      "close": 45.988394,
      "close_try": 45.988394,
      "close_usd": 0,
      "volume": 0
    },
    {
      "update_date": 1735765200,
      "open": 0,
      "highest": 0,
      "lowest": 0,
      "close": 45.398878,
      "close_try": 45.398878,
      "close_usd": 0,
      "volume": 0
    },
    {
      "update_date": 1735851600,
      "open": 0,
      "highest": 0,
      "lowest": 0,
      "close": 45.479628,
      "close_try": 45.479628,
      "close_usd": 0,
      "volume": 0
    },
    {
      "update_date": 1735938000,
      "open": 0,
      "highest": 0,
      "lowest": 0,
      "close": 45.45702,
      "close_try": 45.45702,
      "close_usd": 0,
      "volume": 0
    },
    {
      "update_date": 1736024400,
      "open": 0,
      "highest": 0,
      "lowest": 0,
      "close": 45.45702,
      "close_try": 45.45702,
      "close_usd": 0,
      "volume": 0
    },
    {
      "update_date": 1736110800,
      "open": 0,
      "highest": 0,
      "lowest": 0,
      "close": 46.273116,
      "close_try": 46.273116,
      "close_usd": 0,
      "volume": 0
    },
    {
      "update_date": 1736197200,
      "open": 0,
      "highest": 0,
      "lowest": 0,
      "close": 45.942066,
      "close_try": 45.942066,
      "close_usd": 0,
      "volume": 0
    },
    {
      "update_date": 1736283600,
      "open": 0,
      "highest": 0,
      "lowest": 0,
      "close": 45.539564,
      "close_try": 45.539564,
      "close_usd": 0,
      "volume": 0
    },
    {
      "update_date": 1736370000,
      "open": 0,
      "highest": 0,
      "lowest": 0,
      "close": 45.347976,
      "close_try": 45.347976,
      "close_usd": 0,
      "volume": 0
    },
    {
      "update_date": 1736456400,
      "open": 0,
      "highest": 0,
      "lowest": 0,
      "close": 45.065172,
      "close_try": 45.065172,
      "close_usd": 0,
      "volume": 0
    },
    {
      "update_date": 1736542800,
      "open": 0,
      "highest": 0,
      "lowest": 0,
      "close": 45.074362,
      "close_try": 45.074362,
      "close_usd": 0,
      "volume": 0
    },
    {
      "update_date": 1736629200,
      "open": 0,
      "highest": 0,
      "lowest": 0,
      "close": 45.037474,
      "close_try": 45.037474,
      "close_usd": 0,
      "volume": 0
    },
    {
      "update_date": 1736715600,
      "open": 0,
      "highest": 0,
      "lowest": 0,
      "close": 45.072181,
      "close_try": 45.072181,
      "close_usd": 0,
      "volume": 0
    },
    {
      "update_date": 1736802000,
      "open": 0,
      "highest": 0,
      "lowest": 0,
      "close": 45.677701,
      "close_try": 45.677701,
      "close_usd": 0,
      "volume": 0
    },
    {
      "update_date": 1736888400,
      "open": 0,
      "highest": 0,
      "lowest": 0,
      "close": 45.527219,
      "close_try": 45.527219,
      "close_usd": 0,
      "volume": 0
    },
    {
      "update_date": 1736974800,
      "open": 0,
      "highest": 0,
      "lowest": 0,
      "close": 45.486312,
      "close_try": 45.486312,
      "close_usd": 0,
      "volume": 0
    },
    {
      "update_date": 1737061200,
      "open": 0,
      "highest": 0,
      "lowest": 0,
      "close": 45.619437,
      "close_try": 45.619437,
      "close_usd": 0,
      "volume": 0
    },
    {
      "update_date": 1737147600,
      "open": 0,
      "highest": 0,
      "lowest": 0,
      "close": 45.622398,
      "close_try": 45.622398,
      "close_usd": 0,
      "volume": 0
    },
    {
      "update_date": 1737234000,
      "open": 0,
      "highest": 0,
      "lowest": 0,
      "close": 45.622398,
      "close_try": 45.622398,
      "close_usd": 0,
      "volume": 0
    },
    {
      "update_date": 1737320400,
      "open": 0,
      "highest": 0,
      "lowest": 0,
      "close": 45.975551,
      "close_try": 45.975551,
      "close_usd": 0,
      "volume": 0
    },
    {
      "update_date": 1737406800,
      "open": 0,
      "highest": 0,
      "lowest": 0,
      "close": 46.080319,
      "close_try": 46.080319,
      "close_usd": 0,
      "volume": 0
    },
    {
      "update_date": 1737493200,
      "open": 0,
      "highest": 0,
      "lowest": 0,
      "close": 45.898395,
      "close_try": 45.898395,
      "close_usd": 0,
      "volume": 0
    },
    {
      "update_date": 1737579600,
      "open": 0,
      "highest": 0,
      "lowest": 0,
      "close": 46.063483,
      "close_try": 46.063483,
      "close_usd": 0,
      "volume": 0
    },
    {
      "update_date": 1737666000,
      "open": 0,
      "highest": 0,
      "lowest": 0,
      "close": 46.959256,
      "close_try": 46.959256,
      "close_usd": 0,
      "volume": 0
    },
    {
      "update_date": 1737752400,
      "open": 0,
      "highest": 0,
      "lowest": 0,
      "close": 46.925174,
      "close_try": 46.925174,
      "close_usd": 0,
      "volume": 0
    },
    {
      "update_date": 1737838800,
      "open": 0,
      "highest": 0,
      "lowest": 0,
      "close": 46.891395,
      "close_try": 46.891395,
      "close_usd": 0,
      "volume": 0
    },
    {
      "update_date": 1737925200,
      "open": 0,
      "highest": 0,
      "lowest": 0,
      "close": 46.794273,
      "close_try": 46.794273,
      "close_usd": 0,
      "volume": 0
    },
    {
      "update_date": 1738011600,
      "open": 0,
      "highest": 0,
      "lowest": 0,
      "close": 46.686631,
      "close_try": 46.686631,
      "close_usd": 0,
      "volume": 0
    },
    {
      "update_date": 1738098000,
      "open": 0,
      "highest": 0,
      "lowest": 0,
      "close": 46.666585,
      "close_try": 46.666585,
      "close_usd": 0,
      "volume": 0
    },
    {
      "update_date": 1738184400,
      "open": 0,
      "highest": 0,
      "lowest": 0,
      "close": 46.610617,
      "close_try": 46.610617,
      "close_usd": 0,
      "volume": 0
    },
    {
      "update_date": 1738270800,
      "open": 0,
      "highest": 0,
      "lowest": 0,
      "close": 46.604445,
      "close_try": 46.604445,
      "close_usd": 0,
      "volume": 0
    },
    {
      "update_date": 1738357200,
      "open": 0,
      "highest": 0,
      "lowest": 0,
      "close": 46.580681,
      "close_try": 46.580681,
      "close_usd": 0,
      "volume": 0
    },
    {
      "update_date": 1738443600,
      "open": 0,
      "highest": 0,
      "lowest": 0,
      "close": 46.205911,
      "close_try": 46.205911,
      "close_usd": 0,
      "volume": 0
    },
    {
      "update_date": 1738530000,
      "open": 0,
      "highest": 0,
      "lowest": 0,
      "close": 46.602041,
      "close_try": 46.602041,
      "close_usd": 0,
      "volume": 0
    },
    {
      "update_date": 1738616400,
      "open": 0,
      "highest": 0,
      "lowest": 0,
      "close": 47.05268,
      "close_try": 47.05268,
      "close_usd": 0,
      "volume": 0
    },
    {
      "update_date": 1738702800,
      "open": 0,
      "highest": 0,
      "lowest": 0,
      "close": 46.978803,
      "close_try": 46.978803,
      "close_usd": 0,
      "volume": 0
    },
    {
      "update_date": 1738789200,
      "open": 0,
      "highest": 0,
      "lowest": 0,
      "close": 46.871888,
      "close_try": 46.871888,
      "close_usd": 0,
      "volume": 0
    },
    {
      "update_date": 1738875600,
      "open": 0,
      "highest": 0,
      "lowest": 0,
      "close": 46.615782,
      "close_try": 46.615782,
      "close_usd": 0,
      "volume": 0
    },
    {
      "update_date": 1738962000,
      "open": 0,
      "highest": 0,
      "lowest": 0,
      "close": 46.639036,
      "close_try": 46.639036,
      "close_usd": 0,
      "volume": 0
    },
    {
      "update_date": 1739048400,
      "open": 0,
      "highest": 0,
      "lowest": 0,
      "close": 46.601425,
      "close_try": 46.601425,
      "close_usd": 0,
      "volume": 0
    },
    {
      "update_date": 1739134800,
      "open": 0,
      "highest": 0,
      "lowest": 0,
      "close": 46.632053,
      "close_try": 46.632053,
      "close_usd": 0,
      "volume": 0
    },
    {
      "update_date": 1739221200,
      "open": 0,
      "highest": 0,
      "lowest": 0,
      "close": 47.00736,
      "close_try": 47.00736,
      "close_usd": 0,
      "volume": 0
    },
    {
      "update_date": 1739307600,
      "open": 0,
      "highest": 0,
      "lowest": 0,
      "close": 47.079824,
      "close_try": 47.079824,
      "close_usd": 0,
      "volume": 0
    },
    {
      "update_date": 1739394000,
      "open": 0,
      "highest": 0,
      "lowest": 0,
      "close": 47.471402,
      "close_try": 47.471402,
      "close_usd": 0,
      "volume": 0
    },
    {
      "update_date": 1739480400,
      "open": 0,
      "highest": 0,
      "lowest": 0,
      "close": 47.717442,
      "close_try": 47.717442,
      "close_usd": 0,
      "volume": 0
    },
    {
      "update_date": 1739566800,
      "open": 0,
      "highest": 0,
      "lowest": 0,
      "close": 47.717442,
      "close_try": 47.717442,
      "close_usd": 0,
      "volume": 0
    },
    {
      "update_date": 1739653200,
      "open": 0,
      "highest": 0,
      "lowest": 0,
      "close": 47.751582,
      "close_try": 47.751582,
      "close_usd": 0,
      "volume": 0
    },
    {
      "update_date": 1739739600,
      "open": 0,
      "highest": 0,
      "lowest": 0,
      "close": 47.929784,
      "close_try": 47.929784,
      "close_usd": 0,
      "volume": 0
    },
    {
      "update_date": 1739826000,
      "open": 0,
      "highest": 0,
      "lowest": 0,
      "close": 47.858898,
      "close_try": 47.858898,
      "close_usd": 0,
      "volume": 0
    },
    {
      "update_date": 1739912400,
      "open": 0,
      "highest": 0,
      "lowest": 0,
      "close": 47.860404,
      "close_try": 47.860404,
      "close_usd": 0,
      "volume": 0
    },
    {
      "update_date": 1739998800,
      "open": 0,
      "highest": 0,
      "lowest": 0,
      "close": 48.001202,
      "close_try": 48.001202,
      "close_usd": 0,
      "volume": 0
    },
    {
      "update_date": 1740085200,
      "open": 0,
      "highest": 0,
      "lowest": 0,
      "close": 48.19945,
      "close_try": 48.19945,
      "close_usd": 0,
      "volume": 0
    },
    {
      "update_date": 1740171600,
      "open": 0,
      "highest": 0,
      "lowest": 0,
      "close": 48.19945,
      "close_try": 48.19945,
      "close_usd": 0,
      "volume": 0
    },
    {
      "update_date": 1740258000,
      "open": 0,
      "highest": 0,
      "lowest": 0,
      "close": 48.332983,
      "close_try": 48.332983,
      "close_usd": 0,
      "volume": 0
    },
    {
      "update_date": 1740344400,
      "open": 0,
      "highest": 0,
      "lowest": 0,
      "close": 48.169834,
      "close_try": 48.169834,
      "close_usd": 0,
      "volume": 0
    },
    {
      "update_date": 1740430800,
      "open": 0,
      "highest": 0,
      "lowest": 0,
      "close": 48.100152,
      "close_try": 48.100152,
      "close_usd": 0,
      "volume": 0
    },
    {
      "update_date": 1740517200,
      "open": 0,
      "highest": 0,
      "lowest": 0,
      "close": 48.09837,
      "close_try": 48.09837,
      "close_usd": 0,
      "volume": 0
    },
    {
      "update_date": 1740603600,
      "open": 0,
      "highest": 0,
      "lowest": 0,
      "close": 47.851299,
      "close_try": 47.851299,
      "close_usd": 0,
      "volume": 0
    },
    {
      "update_date": 1740690000,
      "open": 0,
      "highest": 0,
      "lowest": 0,
      "close": 48.097442,
      "close_try": 48.097442,
      "close_usd": 0,
      "volume": 0
    },
    {
      "update_date": 1740776400,
      "open": 0,
      "highest": 0,
      "lowest": 0,
      "close": 48.124229,
      "close_try": 48.124229,
      "close_usd": 0,
      "volume": 0
    },
    {
      "update_date": 1740862800,
      "open": 0,
      "highest": 0,
      "lowest": 0,
      "close": 48.151016,
      "close_try": 48.151016,
      "close_usd": 0,
      "volume": 0
    },
    {
      "update_date": 1740949200,
      "open": 0,
      "highest": 0,
      "lowest": 0,
      "close": 48.205301,
      "close_try": 48.205301,
      "close_usd": 0,
      "volume": 0
    },
    {
      "update_date": 1741035600,
      "open": 0,
      "highest": 0,
      "lowest": 0,
      "close": 48.596684,
      "close_try": 48.596684,
      "close_usd": 0,
      "volume": 0
    },
    {
      "update_date": 1741122000,
      "open": 0,
      "highest": 0,
      "lowest": 0,
      "close": 49.033691,
      "close_try": 49.033691,
      "close_usd": 0,
      "volume": 0
    },
    {
      "update_date": 1741208400,
      "open": 0,
      "highest": 0,
      "lowest": 0,
      "close": 49.014691,
      "close_try": 49.014691,
      "close_usd": 0,
      "volume": 0
    },
    {
      "update_date": 1741294800,
      "open": 0,
      "highest": 0,
      "lowest": 0,
      "close": 49.411088,
      "close_try": 49.411088,
      "close_usd": 0,
      "volume": 0
    },
    {
      "update_date": 1741381200,
      "open": 0,
      "highest": 0,
      "lowest": 0,
      "close": 49.421969,
      "close_try": 49.421969,
      "close_usd": 0,
      "volume": 0
    },
    {
      "update_date": 1741467600,
      "open": 0,
      "highest": 0,
      "lowest": 0,
      "close": 49.360782,
      "close_try": 49.360782,
      "close_usd": 0,
      "volume": 0
    },
    {
      "update_date": 1741554000,
      "open": 0,
      "highest": 0,
      "lowest": 0,
      "close": 49.110867,
      "close_try": 49.110867,
      "close_usd": 0,
      "volume": 0
    },
    {
      "update_date": 1741640400,
      "open": 0,
      "highest": 0,
      "lowest": 0,
      "close": 49.507739,
      "close_try": 49.507739,
      "close_usd": 0,
      "volume": 0
    },
    {
      "update_date": 1741726800,
      "open": 0,
      "highest": 0,
      "lowest": 0,
      "close": 49.5072,
      "close_try": 49.5072,
      "close_usd": 0,
      "volume": 0
    },
    {
      "update_date": 1741813200,
      "open": 0,
      "highest": 0,
      "lowest": 0,
      "close": 49.531227,
      "close_try": 49.531227,
      "close_usd": 0,
      "volume": 0
    },
    {
      "update_date": 1741899600,
      "open": 0,
      "highest": 0,
      "lowest": 0,
      "close": 49.652701,
      "close_try": 49.652701,
      "close_usd": 0,
      "volume": 0
    },
    {
      "update_date": 1741986000,
      "open": 0,
      "highest": 0,
      "lowest": 0,
      "close": 49.648832,
      "close_try": 49.648832,
      "close_usd": 0,
      "volume": 0
    },
    {
      "update_date": 1742072400,
      "open": 0,
      "highest": 0,
      "lowest": 0,
      "close": 49.643537,
      "close_try": 49.643537,
      "close_usd": 0,
      "volume": 0
    },
    {
      "update_date": 1742158800,
      "open": 0,
      "highest": 0,
      "lowest": 0,
      "close": 49.671464,
      "close_try": 49.671464,
      "close_usd": 0,
      "volume": 0
    },
    {
      "update_date": 1742245200,
      "open": 0,
      "highest": 0,
      "lowest": 0,
      "close": 49.97414,
      "close_try": 49.97414,
      "close_usd": 0,
      "volume": 0
    },
    {
      "update_date": 1742331600,
      "open": 0,
      "highest": 0,
      "lowest": 0,
      "close": 52.272999,
      "close_try": 52.272999,
      "close_usd": 0,
      "volume": 0
    },
    {
      "update_date": 1742418000,
      "open": 0,
      "highest": 0,
      "lowest": 0,
      "close": 51.526309,
      "close_try": 51.526309,
      "close_usd": 0,
      "volume": 0
    },
    {
      "update_date": 1742504400,
      "open": 0,
      "highest": 0,
      "lowest": 0,
      "close": 51.966603,
      "close_try": 51.966603,
      "close_usd": 0,
      "volume": 0
    },
    {
      "update_date": 1742590800,
      "open": 0,
      "highest": 0,
      "lowest": 0,
      "close": 51.966603,
      "close_try": 51.966603,
      "close_usd": 0,
      "volume": 0
    },
    {
      "update_date": 1742677200,
      "open": 0,
      "highest": 0,
      "lowest": 0,
      "close": 51.62926,
      "close_try": 51.62926,
      "close_usd": 0,
      "volume": 0
    },
    {
      "update_date": 1742763600,
      "open": 0,
      "highest": 0,
      "lowest": 0,
      "close": 51.559414,
      "close_try": 51.559414,
      "close_usd": 0,
      "volume": 0
    },
    {
      "update_date": 1742850000,
      "open": 0,
      "highest": 0,
      "lowest": 0,
      "close": 51.635198,
      "close_try": 51.635198,
      "close_usd": 0,
      "volume": 0
    },
    {
      "update_date": 1742936400,
      "open": 0,
      "highest": 0,
      "lowest": 0,
      "close": 51.550142,
      "close_try": 51.550142,
      "close_usd": 0,
      "volume": 0
    },
    {
      "update_date": 1743022800,
      "open": 0,
      "highest": 0,
      "lowest": 0,
      "close": 51.186115,
      "close_try": 51.186115,
      "close_usd": 0,
      "volume": 0
    },
    {
      "update_date": 1743109200,
      "open": 0,
      "highest": 0,
      "lowest": 0,
      "close": 51.400095,
      "close_try": 51.400095,
      "close_usd": 0,
      "volume": 0
    },
    {
      "update_date": 1743195600,
      "open": 0,
      "highest": 0,
      "lowest": 0,
      "close": 51.41203,
      "close_try": 51.41203,
      "close_usd": 0,
      "volume": 0
    },
    {
      "update_date": 1743282000,
      "open": 0,
      "highest": 0,
      "lowest": 0,
      "close": 51.363217,
      "close_try": 51.363217,
      "close_usd": 0,
      "volume": 0
    },
    {
      "update_date": 1743368400,
      "open": 0,
      "highest": 0,
      "lowest": 0,
      "close": 51.295707,
      "close_try": 51.295707,
      "close_usd": 0,
      "volume": 0
    },
    {
      "update_date": 1743454800,
      "open": 0,
      "highest": 0,
      "lowest": 0,
      "close": 51.319532,
      "close_try": 51.319532,
      "close_usd": 0,
      "volume": 0
    },
    {
      "update_date": 1743541200,
      "open": 0,
      "highest": 0,
      "lowest": 0,
      "close": 51.417096,
      "close_try": 51.417096,
      "close_usd": 0,
      "volume": 0
    },
    {
      "update_date": 1743627600,
      "open": 0,
      "highest": 0,
      "lowest": 0,
      "close": 51.778933,
      "close_try": 51.778933,
      "close_usd": 0,
      "volume": 0
    },
    {
      "update_date": 1743714000,
      "open": 0,
      "highest": 0,
      "lowest": 0,
      "close": 51.267418,
      "close_try": 51.267418,
      "close_usd": 0,
      "volume": 0
    },
    {
      "update_date": 1743800400,
      "open": 0,
      "highest": 0,
      "lowest": 0,
      "close": 51.267418,
      "close_try": 51.267418,
      "close_usd": 0,
      "volume": 0
    },
    {
      "update_date": 1743886800,
      "open": 0,
      "highest": 0,
      "lowest": 0,
      "close": 51.00101,
      "close_try": 51.00101,
      "close_usd": 0,
      "volume": 0
    },
    {
      "update_date": 1743973200,
      "open": 0,
      "highest": 0,
      "lowest": 0,
      "close": 50.279882,
      "close_try": 50.279882,
      "close_usd": 0,
      "volume": 0
    },
    {
      "update_date": 1744059600,
      "open": 0,
      "highest": 0,
      "lowest": 0,
      "close": 50.441822,
      "close_try": 50.441822,
      "close_usd": 0,
      "volume": 0
    },
    {
      "update_date": 1744146000,
      "open": 0,
      "highest": 0,
      "lowest": 0,
      "close": 50.655113,
      "close_try": 50.655113,
      "close_usd": 0,
      "volume": 0
    },
    {
      "update_date": 1744232400,
      "open": 0,
      "highest": 0,
      "lowest": 0,
      "close": 51.273041,
      "close_try": 51.273041,
      "close_usd": 0,
      "volume": 0
    },
    {
      "update_date": 1744318800,
      "open": 0,
      "highest": 0,
      "lowest": 0,
      "close": 51.833413,
      "close_try": 51.833413,
      "close_usd": 0,
      "volume": 0
    },
    {
      "update_date": 1744405200,
      "open": 0,
      "highest": 0,
      "lowest": 0,
      "close": 51.785892,
      "close_try": 51.785892,
      "close_usd": 0,
      "volume": 0
    },
    {
      "update_date": 1744491600,
      "open": 0,
      "highest": 0,
      "lowest": 0,
      "close": 51.842612,
      "close_try": 51.842612,
      "close_usd": 0,
      "volume": 0
    },
    {
      "update_date": 1744578000,
      "open": 0,
      "highest": 0,
      "lowest": 0,
      "close": 52.138659,
      "close_try": 52.138659,
      "close_usd": 0,
      "volume": 0
    },
    {
      "update_date": 1744664400,
      "open": 0,
      "highest": 0,
      "lowest": 0,
      "close": 52.373783,
      "close_try": 52.373783,
      "close_usd": 0,
      "volume": 0
    },
    {
      "update_date": 1744750800,
      "open": 0,
      "highest": 0,
      "lowest": 0,
      "close": 52.479078,
      "close_try": 52.479078,
      "close_usd": 0,
      "volume": 0
    },
    {
      "update_date": 1744837200,
      "open": 0,
      "highest": 0,
      "lowest": 0,
      "close": 52.539183,
      "close_try": 52.539183,
      "close_usd": 0,
      "volume": 0
    },
    {
      "update_date": 1744923600,
      "open": 0,
      "highest": 0,
      "lowest": 0,
      "close": 52.844866,
      "close_try": 52.844866,
      "close_usd": 0,
      "volume": 0
    },
    {
      "update_date": 1745010000,
      "open": 0,
      "highest": 0,
      "lowest": 0,
      "close": 52.852833,
      "close_try": 52.852833,
      "close_usd": 0,
      "volume": 0
    },
    {
      "update_date": 1745096400,
      "open": 0,
      "highest": 0,
      "lowest": 0,
      "close": 52.789248,
      "close_try": 52.789248,
      "close_usd": 0,
      "volume": 0
    },
    {
      "update_date": 1745182800,
      "open": 0,
      "highest": 0,
      "lowest": 0,
      "close": 53.127367,
      "close_try": 53.127367,
      "close_usd": 0,
      "volume": 0
    },
    {
      "update_date": 1745269200,
      "open": 0,
      "highest": 0,
      "lowest": 0,
      "close": 53.024276,
      "close_try": 53.024276,
      "close_usd": 0,
      "volume": 0
    },
    {
      "update_date": 1745355600,
      "open": 0,
      "highest": 0,
      "lowest": 0,
      "close": 52.739699,
      "close_try": 52.739699,
      "close_usd": 0,
      "volume": 0
    },
    {
      "update_date": 1745442000,
      "open": 0,
      "highest": 0,
      "lowest": 0,
      "close": 53.10613,
      "close_try": 53.10613,
      "close_usd": 0,
      "volume": 0
    },
    {
      "update_date": 1745528400,
      "open": 0,
      "highest": 0,
      "lowest": 0,
      "close": 53.167602,
      "close_try": 53.167602,
      "close_usd": 0,
      "volume": 0
    },
    {
      "update_date": 1745614800,
      "open": 0,
      "highest": 0,
      "lowest": 0,
      "close": 53.171628,
      "close_try": 53.171628,
      "close_usd": 0,
      "volume": 0
    },
    {
      "update_date": 1745701200,
      "open": 0,
      "highest": 0,
      "lowest": 0,
      "close": 53.143682,
      "close_try": 53.143682,
      "close_usd": 0,
      "volume": 0
    },
    {
      "update_date": 1745787600,
      "open": 0,
      "highest": 0,
      "lowest": 0,
      "close": 53.669704,
      "close_try": 53.669704,
      "close_usd": 0,
      "volume": 0
    },
    {
      "update_date": 1745874000,
      "open": 0,
      "highest": 0,
      "lowest": 0,
      "close": 53.779986,
      "close_try": 53.779986,
      "close_usd": 0,
      "volume": 0
    },
    {
      "update_date": 1745960400,
      "open": 0,
      "highest": 0,
      "lowest": 0,
      "close": 53.47088,
      "close_try": 53.47088,
      "close_usd": 0,
      "volume": 0
    },
    {
      "update_date": 1746046800,
      "open": 0,
      "highest": 0,
      "lowest": 0,
      "close": 53.27037,
      "close_try": 53.27037,
      "close_usd": 0,
      "volume": 0
    },
    {
      "update_date": 1746133200,
      "open": 0,
      "highest": 0,
      "lowest": 0,
      "close": 53.217027,
      "close_try": 53.217027,
      "close_usd": 0,
      "volume": 0
    },
    {
      "update_date": 1746219600,
      "open": 0,
      "highest": 0,
      "lowest": 0,
      "close": 53.225031,
      "close_try": 53.225031,
      "close_usd": 0,
      "volume": 0
    },
    {
      "update_date": 1746306000,
      "open": 0,
      "highest": 0,
      "lowest": 0,
      "close": 53.184935,
      "close_try": 53.184935,
      "close_usd": 0,
      "volume": 0
    },
    {
      "update_date": 1746392400,
      "open": 0,
      "highest": 0,
      "lowest": 0,
      "close": 53.280718,
      "close_try": 53.280718,
      "close_usd": 0,
      "volume": 0
    },
    {
      "update_date": 1746478800,
      "open": 0,
      "highest": 0,
      "lowest": 0,
      "close": 52.772935,
      "close_try": 52.772935,
      "close_usd": 0,
      "volume": 0
    },
    {
      "update_date": 1746565200,
      "open": 0,
      "highest": 0,
      "lowest": 0,
      "close": 53.387669,
      "close_try": 53.387669,
      "close_usd": 0,
      "volume": 0
    },
    {
      "update_date": 1746651600,
      "open": 0,
      "highest": 0,
      "lowest": 0,
      "close": 53.155425,
      "close_try": 53.155425,
      "close_usd": 0,
      "volume": 0
    },
    {
      "update_date": 1746738000,
      "open": 0,
      "highest": 0,
      "lowest": 0,
      "close": 53.599771,
      "close_try": 53.599771,
      "close_usd": 0,
      "volume": 0
    },
    {
      "update_date": 1746824400,
      "open": 0,
      "highest": 0,
      "lowest": 0,
      "close": 53.599771,
      "close_try": 53.599771,
      "close_usd": 0,
      "volume": 0
    },
    {
      "update_date": 1746910800,
      "open": 0,
      "highest": 0,
      "lowest": 0,
      "close": 53.454778,
      "close_try": 53.454778,
      "close_usd": 0,
      "volume": 0
    },
    {
      "update_date": 1746997200,
      "open": 0,
      "highest": 0,
      "lowest": 0,
      "close": 53.127168,
      "close_try": 53.127168,
      "close_usd": 0,
      "volume": 0
    },
    {
      "update_date": 1747083600,
      "open": 0,
      "highest": 0,
      "lowest": 0,
      "close": 53.637108,
      "close_try": 53.637108,
      "close_usd": 0,
      "volume": 0
    },
    {
      "update_date": 1747170000,
      "open": 0,
      "highest": 0,
      "lowest": 0,
      "close": 53.379256,
      "close_try": 53.379256,
      "close_usd": 0,
      "volume": 0
    },
    {
      "update_date": 1747256400,
      "open": 0,
      "highest": 0,
      "lowest": 0,
      "close": 53.680868,
      "close_try": 53.680868,
      "close_usd": 0,
      "volume": 0
    },
    {
      "update_date": 1747342800,
      "open": 0,
      "highest": 0,
      "lowest": 0,
      "close": 53.995868,
      "close_try": 53.995868,
      "close_usd": 0,
      "volume": 0
    },
    {
      "update_date": 1747429200,
      "open": 0,
      "highest": 0,
      "lowest": 0,
      "close": 53.975532,
      "close_try": 53.975532,
      "close_usd": 0,
      "volume": 0
    },
    {
      "update_date": 1747515600,
      "open": 0,
      "highest": 0,
      "lowest": 0,
      "close": 54.020223,
      "close_try": 54.020223,
      "close_usd": 0,
      "volume": 0
    },
    {
      "update_date": 1747602000,
      "open": 0,
      "highest": 0,
      "lowest": 0,
      "close": 54.254854,
      "close_try": 54.254854,
      "close_usd": 0,
      "volume": 0
    },
    {
      "update_date": 1747688400,
      "open": 0,
      "highest": 0,
      "lowest": 0,
      "close": 54.209268,
      "close_try": 54.209268,
      "close_usd": 0,
      "volume": 0
    },
    {
      "update_date": 1747774800,
      "open": 0,
      "highest": 0,
      "lowest": 0,
      "close": 54.356525,
      "close_try": 54.356525,
      "close_usd": 0,
      "volume": 0
    },
    {
      "update_date": 1747861200,
      "open": 0,
      "highest": 0,
      "lowest": 0,
      "close": 54.381712,
      "close_try": 54.381712,
      "close_usd": 0,
      "volume": 0
    },
    {
      "update_date": 1747947600,
      "open": 0,
      "highest": 0,
      "lowest": 0,
      "close": 55.044555,
      "close_try": 55.044555,
      "close_usd": 0,
      "volume": 0
    },
    {
      "update_date": 1748034000,
      "open": 0,
      "highest": 0,
      "lowest": 0,
      "close": 55.028281,
      "close_try": 55.028281,
      "close_usd": 0,
      "volume": 0
    },
    {
      "update_date": 1748120400,
      "open": 0,
      "highest": 0,
      "lowest": 0,
      "close": 54.94933,
      "close_try": 54.94933,
      "close_usd": 0,
      "volume": 0
    },
    {
      "update_date": 1748206800,
      "open": 0,
      "highest": 0,
      "lowest": 0,
      "close": 54.995411,
      "close_try": 54.995411,
      "close_usd": 0,
      "volume": 0
    },
    {
      "update_date": 1748293200,
      "open": 0,
      "highest": 0,
      "lowest": 0,
      "close": 54.898173,
      "close_try": 54.898173,
      "close_usd": 0,
      "volume": 0
    },
    {
      "update_date": 1748379600,
      "open": 0,
      "highest": 0,
      "lowest": 0,
      "close": 54.874551,
      "close_try": 54.874551,
      "close_usd": 0,
      "volume": 0
    },
    {
      "update_date": 1748466000,
      "open": 0,
      "highest": 0,
      "lowest": 0,
      "close": 54.929382,
      "close_try": 54.929382,
      "close_usd": 0,
      "volume": 0
    },
    {
      "update_date": 1748552400,
      "open": 0,
      "highest": 0,
      "lowest": 0,
      "close": 54.984278,
      "close_try": 54.984278,
      "close_usd": 0,
      "volume": 0
    },
    {
      "update_date": 1748638800,
      "open": 0,
      "highest": 0,
      "lowest": 0,
      "close": 55.004718,
      "close_try": 55.004718,
      "close_usd": 0,
      "volume": 0
    },
    {
      "update_date": 1748725200,
      "open": 0,
      "highest": 0,
      "lowest": 0,
      "close": 55.061215,
      "close_try": 55.061215,
      "close_usd": 0,
      "volume": 0
    },
    {
      "update_date": 1748811600,
      "open": 0,
      "highest": 0,
      "lowest": 0,
      "close": 55.292372,
      "close_try": 55.292372,
      "close_usd": 0,
      "volume": 0
    },
    {
      "update_date": 1748898000,
      "open": 0,
      "highest": 0,
      "lowest": 0,
      "close": 55.241046,
      "close_try": 55.241046,
      "close_usd": 0,
      "volume": 0
    },
    {
      "update_date": 1748984400,
      "open": 0,
      "highest": 0,
      "lowest": 0,
      "close": 55.32098,
      "close_try": 55.32098,
      "close_usd": 0,
      "volume": 0
    },
    {
      "update_date": 1749070800,
      "open": 0,
      "highest": 0,
      "lowest": 0,
      "close": 55.346407,
      "close_try": 55.346407,
      "close_usd": 0,
      "volume": 0
    },
    {
      "update_date": 1749157200,
      "open": 0,
      "highest": 0,
      "lowest": 0,
      "close": 55.082085,
      "close_try": 55.082085,
      "close_usd": 0,
      "volume": 0
    },
    {
      "update_date": 1749243600,
      "open": 0,
      "highest": 0,
      "lowest": 0,
      "close": 55.082085,
      "close_try": 55.082085,
      "close_usd": 0,
      "volume": 0
    },
    {
      "update_date": 1749330000,
      "open": 0,
      "highest": 0,
      "lowest": 0,
      "close": 55.102451,
      "close_try": 55.102451,
      "close_usd": 0,
      "volume": 0
    },
    {
      "update_date": 1749416400,
      "open": 0,
      "highest": 0,
      "lowest": 0,
      "close": 55.286704,
      "close_try": 55.286704,
      "close_usd": 0,
      "volume": 0
    },
    {
      "update_date": 1749502800,
      "open": 0,
      "highest": 0,
      "lowest": 0,
      "close": 54.959926,
      "close_try": 54.959926,
      "close_usd": 0,
      "volume": 0
    },
    {
      "update_date": 1749589200,
      "open": 0,
      "highest": 0,
      "lowest": 0,
      "close": 55.163511,
      "close_try": 55.163511,
      "close_usd": 0,
      "volume": 0
    },
    {
      "update_date": 1749675600,
      "open": 0,
      "highest": 0,
      "lowest": 0,
      "close": 55.84351,
      "close_try": 55.84351,
      "close_usd": 0,
      "volume": 0
    },
    {
      "update_date": 1749762000,
      "open": 0,
      "highest": 0,
      "lowest": 0,
      "close": 56.33043,
      "close_try": 56.33043,
      "close_usd": 0,
      "volume": 0
    },
    {
      "update_date": 1749848400,
      "open": 0,
      "highest": 0,
      "lowest": 0,
      "close": 56.293057,
      "close_try": 56.293057,
      "close_usd": 0,
      "volume": 0
    },
    {
      "update_date": 1749934800,
      "open": 0,
      "highest": 0,
      "lowest": 0,
      "close": 56.317931,
      "close_try": 56.317931,
      "close_usd": 0,
      "volume": 0
    },
    {
      "update_date": 1750021200,
      "open": 0,
      "highest": 0,
      "lowest": 0,
      "close": 55.55221,
      "close_try": 55.55221,
      "close_usd": 0,
      "volume": 0
    },
    {
      "update_date": 1750107600,
      "open": 0,
      "highest": 0,
      "lowest": 0,
      "close": 55.067584,
      "close_try": 55.067584,
      "close_usd": 0,
      "volume": 0
    },
    {
      "update_date": 1750194000,
      "open": 0,
      "highest": 0,
      "lowest": 0,
      "close": 55.277443,
      "close_try": 55.277443,
      "close_usd": 0,
      "volume": 0
    },
    {
      "update_date": 1750280400,
      "open": 0,
      "highest": 0,
      "lowest": 0,
      "close": 55.404617,
      "close_try": 55.404617,
      "close_usd": 0,
      "volume": 0
    },
    {
      "update_date": 1750366800,
      "open": 0,
      "highest": 0,
      "lowest": 0,
      "close": 55.580878,
      "close_try": 55.580878,
      "close_usd": 0,
      "volume": 0
    },
    {
      "update_date": 1750453200,
      "open": 0,
      "highest": 0,
      "lowest": 0,
      "close": 55.580878,
      "close_try": 55.580878,
      "close_usd": 0,
      "volume": 0
    },
    {
      "update_date": 1750539600,
      "open": 0,
      "highest": 0,
      "lowest": 0,
      "close": 55.423183,
      "close_try": 55.423183,
      "close_usd": 0,
      "volume": 0
    },
    {
      "update_date": 1750626000,
      "open": 0,
      "highest": 0,
      "lowest": 0,
      "close": 56.639411,
      "close_try": 56.639411,
      "close_usd": 0,
      "volume": 0
    },
    {
      "update_date": 1750712400,
      "open": 0,
      "highest": 0,
      "lowest": 0,
      "close": 56.141438,
      "close_try": 56.141438,
      "close_usd": 0,
      "volume": 0
    },
    {
      "update_date": 1750798800,
      "open": 0,
      "highest": 0,
      "lowest": 0,
      "close": 56.546663,
      "close_try": 56.546663,
      "close_usd": 0,
      "volume": 0
    },
    {
      "update_date": 1750885200,
      "open": 0,
      "highest": 0,
      "lowest": 0,
      "close": 56.840719,
      "close_try": 56.840719,
      "close_usd": 0,
      "volume": 0
    },
    {
      "update_date": 1750971600,
      "open": 0,
      "highest": 0,
      "lowest": 0,
      "close": 57.289126,
      "close_try": 57.289126,
      "close_usd": 0,
      "volume": 0
    },
    {
      "update_date": 1751058000,
      "open": 0,
      "highest": 0,
      "lowest": 0,
      "close": 57.264017,
      "close_try": 57.264017,
      "close_usd": 0,
      "volume": 0
    },
    {
      "update_date": 1751144400,
      "open": 0,
      "highest": 0,
      "lowest": 0,
      "close": 57.293249,
      "close_try": 57.293249,
      "close_usd": 0,
      "volume": 0
    },
    {
      "update_date": 1751230800,
      "open": 0,
      "highest": 0,
      "lowest": 0,
      "close": 56.923945,
      "close_try": 56.923945,
      "close_usd": 0,
      "volume": 0
    },
    {
      "update_date": 1751317200,
      "open": 0,
      "highest": 0,
      "lowest": 0,
      "close": 57.021768,
      "close_try": 57.021768,
      "close_usd": 0,
      "volume": 0
    },
    {
      "update_date": 1751403600,
      "open": 0,
      "highest": 0,
      "lowest": 0,
      "close": 56.361848,
      "close_try": 56.361848,
      "close_usd": 0,
      "volume": 0
    },
    {
      "update_date": 1751490000,
      "open": 0,
      "highest": 0,
      "lowest": 0,
      "close": 56.600389,
      "close_try": 56.600389,
      "close_usd": 0,
      "volume": 0
    },
    {
      "update_date": 1751576400,
      "open": 0,
      "highest": 0,
      "lowest": 0,
      "close": 56.8526,
      "close_try": 56.8526,
      "close_usd": 0,
      "volume": 0
    },
    {
      "update_date": 1751662800,
      "open": 0,
      "highest": 0,
      "lowest": 0,
      "close": 56.8526,
      "close_try": 56.8526,
      "close_usd": 0,
      "volume": 0
    },
    {
      "update_date": 1751749200,
      "open": 0,
      "highest": 0,
      "lowest": 0,
      "close": 56.996239,
      "close_try": 56.996239,
      "close_usd": 0,
      "volume": 0
    },
    {
      "update_date": 1751835600,
      "open": 0,
      "highest": 0,
      "lowest": 0,
      "close": 56.621742,
      "close_try": 56.621742,
      "close_usd": 0,
      "volume": 0
    },
    {
      "update_date": 1751922000,
      "open": 0,
      "highest": 0,
      "lowest": 0,
      "close": 56.617297,
      "close_try": 56.617297,
      "close_usd": 0,
      "volume": 0
    },
    {
      "update_date": 1752008400,
      "open": 0,
      "highest": 0,
      "lowest": 0,
      "close": 56.632202,
      "close_try": 56.632202,
      "close_usd": 0,
      "volume": 0
    },
    {
      "update_date": 1752094800,
      "open": 0,
      "highest": 0,
      "lowest": 0,
      "close": 56.648412,
      "close_try": 56.648412,
      "close_usd": 0,
      "volume": 0
    },
    {
      "update_date": 1752181200,
      "open": 0,
      "highest": 0,
      "lowest": 0,
      "close": 56.419452,
      "close_try": 56.419452,
      "close_usd": 0,
      "volume": 0
    },
    {
      "update_date": 1752267600,
      "open": 0,
      "highest": 0,
      "lowest": 0,
      "close": 56.440363,
      "close_try": 56.440363,
      "close_usd": 0,
      "volume": 0
    },
    {
      "update_date": 1752354000,
      "open": 0,
      "highest": 0,
      "lowest": 0,
      "close": 56.411063,
      "close_try": 56.411063,
      "close_usd": 0,
      "volume": 0
    },
    {
      "update_date": 1752440400,
      "open": 0,
      "highest": 0,
      "lowest": 0,
      "close": 56.272509,
      "close_try": 56.272509,
      "close_usd": 0,
      "volume": 0
    },
    {
      "update_date": 1752526800,
      "open": 0,
      "highest": 0,
      "lowest": 0,
      "close": 56.080007,
      "close_try": 56.080007,
      "close_usd": 0,
      "volume": 0
    },
    {
      "update_date": 1752613200,
      "open": 0,
      "highest": 0,
      "lowest": 0,
      "close": 56.22837,
      "close_try": 56.22837,
      "close_usd": 0,
      "volume": 0
    },
    {
      "update_date": 1752699600,
      "open": 0,
      "highest": 0,
      "lowest": 0,
      "close": 56.203605,
      "close_try": 56.203605,
      "close_usd": 0,
      "volume": 0
    },
    {
      "update_date": 1752786000,
      "open": 0,
      "highest": 0,
      "lowest": 0,
      "close": 56.373586,
      "close_try": 56.373586,
      "close_usd": 0,
      "volume": 0
    },
    {
      "update_date": 1752872400,
      "open": 0,
      "highest": 0,
      "lowest": 0,
      "close": 56.373586,
      "close_try": 56.373586,
      "close_usd": 0,
      "volume": 0
    },
    {
      "update_date": 1752958800,
      "open": 0,
      "highest": 0,
      "lowest": 0,
      "close": 56.49969,
      "close_try": 56.49969,
      "close_usd": 0,
      "volume": 0
    },
    {
      "update_date": 1753045200,
      "open": 0,
      "highest": 0,
      "lowest": 0,
      "close": 56.714046,
      "close_try": 56.714046,
      "close_usd": 0,
      "volume": 0
    },
    {
      "update_date": 1753131600,
      "open": 0,
      "highest": 0,
      "lowest": 0,
      "close": 56.914329,
      "close_try": 56.914329,
      "close_usd": 0,
      "volume": 0
    },
    {
      "update_date": 1753218000,
      "open": 0,
      "highest": 0,
      "lowest": 0,
      "close": 57.148374,
      "close_try": 57.148374,
      "close_usd": 0,
      "volume": 0
    },
    {
      "update_date": 1753304400,
      "open": 0,
      "highest": 0,
      "lowest": 0,
      "close": 56.356065,
      "close_try": 56.356065,
      "close_usd": 0,
      "volume": 0
    },
    {
      "update_date": 1753390800,
      "open": 0,
      "highest": 0,
      "lowest": 0,
      "close": 56.701488,
      "close_try": 56.701488,
      "close_usd": 0,
      "volume": 0
    },
    {
      "update_date": 1753477200,
      "open": 0,
      "highest": 0,
      "lowest": 0,
      "close": 56.7057,
      "close_try": 56.7057,
      "close_usd": 0,
      "volume": 0
    },
    {
      "update_date": 1753563600,
      "open": 0,
      "highest": 0,
      "lowest": 0,
      "close": 56.680387,
      "close_try": 56.680387,
      "close_usd": 0,
      "volume": 0
    },
    {
      "update_date": 1753650000,
      "open": 0,
      "highest": 0,
      "lowest": 0,
      "close": 56.365391,
      "close_try": 56.365391,
      "close_usd": 0,
      "volume": 0
    },
    {
      "update_date": 1753736400,
      "open": 0,
      "highest": 0,
      "lowest": 0,
      "close": 56.474163,
      "close_try": 56.474163,
      "close_usd": 0,
      "volume": 0
    },
    {
      "update_date": 1753822800,
      "open": 0,
      "highest": 0,
      "lowest": 0,
      "close": 55.89001,
      "close_try": 55.89001,
      "close_usd": 0,
      "volume": 0
    },
    {
      "update_date": 1753909200,
      "open": 0,
      "highest": 0,
      "lowest": 0,
      "close": 55.868467,
      "close_try": 55.868467,
      "close_usd": 0,
      "volume": 0
    },
    {
      "update_date": 1753995600,
      "open": 0,
      "highest": 0,
      "lowest": 0,
      "close": 56.143725,
      "close_try": 56.143725,
      "close_usd": 0,
      "volume": 0
    },
    {
      "update_date": 1754082000,
      "open": 0,
      "highest": 0,
      "lowest": 0,
      "close": 56.147946,
      "close_try": 56.147946,
      "close_usd": 0,
      "volume": 0
    },
    {
      "update_date": 1754168400,
      "open": 0,
      "highest": 0,
      "lowest": 0,
      "close": 56.181758,
      "close_try": 56.181758,
      "close_usd": 0,
      "volume": 0
    },
    {
      "update_date": 1754254800,
      "open": 0,
      "highest": 0,
      "lowest": 0,
      "close": 56.222085,
      "close_try": 56.222085,
      "close_usd": 0,
      "volume": 0
    },
    {
      "update_date": 1754341200,
      "open": 0,
      "highest": 0,
      "lowest": 0,
      "close": 56.257874,
      "close_try": 56.257874,
      "close_usd": 0,
      "volume": 0
    },
    {
      "update_date": 1754427600,
      "open": 0,
      "highest": 0,
      "lowest": 0,
      "close": 56.460308,
      "close_try": 56.460308,
      "close_usd": 0,
      "volume": 0
    },
    {
      "update_date": 1754514000,
      "open": 0,
      "highest": 0,
      "lowest": 0,
      "close": 56.924537,
      "close_try": 56.924537,
      "close_usd": 0,
      "volume": 0
    },
    {
      "update_date": 1754600400,
      "open": 0,
      "highest": 0,
      "lowest": 0,
      "close": 57.030719,
      "close_try": 57.030719,
      "close_usd": 0,
      "volume": 0
    },
    {
      "update_date": 1754686800,
      "open": 0,
      "highest": 0,
      "lowest": 0,
      "close": 57.013749,
      "close_try": 57.013749,
      "close_usd": 0,
      "volume": 0
    },
    {
      "update_date": 1754773200,
      "open": 0,
      "highest": 0,
      "lowest": 0,
      "close": 57.144737,
      "close_try": 57.144737,
      "close_usd": 0,
      "volume": 0
    },
    {
      "update_date": 1754859600,
      "open": 0,
      "highest": 0,
      "lowest": 0,
      "close": 56.954591,
      "close_try": 56.954591,
      "close_usd": 0,
      "volume": 0
    },
    {
      "update_date": 1754946000,
      "open": 0,
      "highest": 0,
      "lowest": 0,
      "close": 57.258908,
      "close_try": 57.258908,
      "close_usd": 0,
      "volume": 0
    },
    {
      "update_date": 1755032400,
      "open": 0,
      "highest": 0,
      "lowest": 0,
      "close": 57.613806,
      "close_try": 57.613806,
      "close_usd": 0,
      "volume": 0
    },
    {
      "update_date": 1755118800,
      "open": 0,
      "highest": 0,
      "lowest": 0,
      "close": 57.558124,
      "close_try": 57.558124,
      "close_usd": 0,
      "volume": 0
    },
    {
      "update_date": 1755205200,
      "open": 0,
      "highest": 0,
      "lowest": 0,
      "close": 57.686689,
      "close_try": 57.686689,
      "close_usd": 0,
      "volume": 0
    },
    {
      "update_date": 1755291600,
      "open": 0,
      "highest": 0,
      "lowest": 0,
      "close": 57.686689,
      "close_try": 57.686689,
      "close_usd": 0,
      "volume": 0
    },
    {
      "update_date": 1755378000,
      "open": 0,
      "highest": 0,
      "lowest": 0,
      "close": 57.707937,
      "close_try": 57.707937,
      "close_usd": 0,
      "volume": 0
    },
    {
      "update_date": 1755464400,
      "open": 0,
      "highest": 0,
      "lowest": 0,
      "close": 57.4955,
      "close_try": 57.4955,
      "close_usd": 0,
      "volume": 0
    },
    {
      "update_date": 1755550800,
      "open": 0,
      "highest": 0,
      "lowest": 0,
      "close": 57.460794,
      "close_try": 57.460794,
      "close_usd": 0,
      "volume": 0
    },
    {
      "update_date": 1755637200,
      "open": 0,
      "highest": 0,
      "lowest": 0,
      "close": 57.345988,
      "close_try": 57.345988,
      "close_usd": 0,
      "volume": 0
    },
    {
      "update_date": 1755723600,
      "open": 0,
      "highest": 0,
      "lowest": 0,
      "close": 57.174179,
      "close_try": 57.174179,
      "close_usd": 0,
      "volume": 0
    },
    {
      "update_date": 1755810000,
      "open": 0,
      "highest": 0,
      "lowest": 0,
      "close": 57.567564,
      "close_try": 57.567564,
      "close_usd": 0,
      "volume": 0
    },
    {
      "update_date": 1755896400,
      "open": 0,
      "highest": 0,
      "lowest": 0,
      "close": 57.567564,
      "close_try": 57.567564,
      "close_usd": 0,
      "volume": 0
    },
    {
      "update_date": 1755982800,
      "open": 0,
      "highest": 0,
      "lowest": 0,
      "close": 57.525041,
      "close_try": 57.525041,
      "close_usd": 0,
      "volume": 0
    },
    {
      "update_date": 1756069200,
      "open": 0,
      "highest": 0,
      "lowest": 0,
      "close": 57.362483,
      "close_try": 57.362483,
      "close_usd": 0,
      "volume": 0
    },
    {
      "update_date": 1756155600,
      "open": 0,
      "highest": 0,
      "lowest": 0,
      "close": 57.528901,
      "close_try": 57.528901,
      "close_usd": 0,
      "volume": 0
    },
    {
      "update_date": 1756242000,
      "open": 0,
      "highest": 0,
      "lowest": 0,
      "close": 57.603834,
      "close_try": 57.603834,
      "close_usd": 0,
      "volume": 0
    },
    {
      "update_date": 1756328400,
      "open": 0,
      "highest": 0,
      "lowest": 0,
      "close": 57.731079,
      "close_try": 57.731079,
      "close_usd": 0,
      "volume": 0
    },
    {
      "update_date": 1756414800,
      "open": 0,
      "highest": 0,
      "lowest": 0,
      "close": 57.652501,
      "close_try": 57.652501,
      "close_usd": 0,
      "volume": 0
    },
    {
      "update_date": 1756501200,
      "open": 0,
      "highest": 0,
      "lowest": 0,
      "close": 57.652501,
      "close_try": 57.652501,
      "close_usd": 0,
      "volume": 0
    },
    {
      "update_date": 1756587600,
      "open": 0,
      "highest": 0,
      "lowest": 0,
      "close": 57.631147,
      "close_try": 57.631147,
      "close_usd": 0,
      "volume": 0
    },
    {
      "update_date": 1756674000,
      "open": 0,
      "highest": 0,
      "lowest": 0,
      "close": 57.898604,
      "close_try": 57.898604,
      "close_usd": 0,
      "volume": 0
    },
    {
      "update_date": 1756760400,
      "open": 0,
      "highest": 0,
      "lowest": 0,
      "close": 57.446041,
      "close_try": 57.446041,
      "close_usd": 0,
      "volume": 0
    },
    {
      "update_date": 1756846800,
      "open": 0,
      "highest": 0,
      "lowest": 0,
      "close": 57.418516,
      "close_try": 57.418516,
      "close_usd": 0,
      "volume": 0
    },
    {
      "update_date": 1756933200,
      "open": 0,
      "highest": 0,
      "lowest": 0,
      "close": 57.430917,
      "close_try": 57.430917,
      "close_usd": 0,
      "volume": 0
    },
    {
      "update_date": 1757019600,
      "open": 0,
      "highest": 0,
      "lowest": 0,
      "close": 57.88741,
      "close_try": 57.88741,
      "close_usd": 0,
      "volume": 0
    },
    {
      "update_date": 1757106000,
      "open": 0,
      "highest": 0,
      "lowest": 0,
      "close": 57.88741,
      "close_try": 57.88741,
      "close_usd": 0,
      "volume": 0
    },
    {
      "update_date": 1757192400,
      "open": 0,
      "highest": 0,
      "lowest": 0,
      "close": 57.877919,
      "close_try": 57.877919,
      "close_usd": 0,
      "volume": 0
    },
    {
      "update_date": 1757278800,
      "open": 0,
      "highest": 0,
      "lowest": 0,
      "close": 58.055312,
      "close_try": 58.055312,
      "close_usd": 0,
      "volume": 0
    },
    {
      "update_date": 1757365200,
      "open": 0,
      "highest": 0,
      "lowest": 0,
      "close": 57.995967,
      "close_try": 57.995967,
      "close_usd": 0,
      "volume": 0
    },
    {
      "update_date": 1757451600,
      "open": 0,
      "highest": 0,
      "lowest": 0,
      "close": 58.019627,
      "close_try": 58.019627,
      "close_usd": 0,
      "volume": 0
    },
    {
      "update_date": 1757538000,
      "open": 0,
      "highest": 0,
      "lowest": 0,
      "close": 58.199674,
      "close_try": 58.199674,
      "close_usd": 0,
      "volume": 0
    },
    {
      "update_date": 1757624400,
      "open": 0,
      "highest": 0,
      "lowest": 0,
      "close": 58.257628,
      "close_try": 58.257628,
      "close_usd": 0,
      "volume": 0
    },
    {
      "update_date": 1757710800,
      "open": 0,
      "highest": 0,
      "lowest": 0,
      "close": 58.253338,
      "close_try": 58.253338,
      "close_usd": 0,
      "volume": 0
    },
    {
      "update_date": 1757797200,
      "open": 0,
      "highest": 0,
      "lowest": 0,
      "close": 58.24476,
      "close_try": 58.24476,
      "close_usd": 0,
      "volume": 0
    },
    {
      "update_date": 1757883600,
      "open": 0,
      "highest": 0,
      "lowest": 0,
      "close": 58.326278,
      "close_try": 58.326278,
      "close_usd": 0,
      "volume": 0
    },
    {
      "update_date": 1757970000,
      "open": 0,
      "highest": 0,
      "lowest": 0,
      "close": 58.479415,
      "close_try": 58.479415,
      "close_usd": 0,
      "volume": 0
    },
    {
      "update_date": 1758056400,
      "open": 0,
      "highest": 0,
      "lowest": 0,
      "close": 58.691545,
      "close_try": 58.691545,
      "close_usd": 0,
      "volume": 0
    },
    {
      "update_date": 1758142800,
      "open": 0,
      "highest": 0,
      "lowest": 0,
      "close": 58.46668,
      "close_try": 58.46668,
      "close_usd": 0,
      "volume": 0
    },
    {
      "update_date": 1758229200,
      "open": 0,
      "highest": 0,
      "lowest": 0,
      "close": 58.286913,
      "close_try": 58.286913,
      "close_usd": 0,
      "volume": 0
    },
    {
      "update_date": 1758315600,
      "open": 0,
      "highest": 0,
      "lowest": 0,
      "close": 58.286913,
      "close_try": 58.286913,
      "close_usd": 0,
      "volume": 0
    },
    {
      "update_date": 1758402000,
      "open": 0,
      "highest": 0,
      "lowest": 0,
      "close": 58.356116,
      "close_try": 58.356116,
      "close_usd": 0,
      "volume": 0
    },
    {
      "update_date": 1758488400,
      "open": 0,
      "highest": 0,
      "lowest": 0,
      "close": 58.421439,
      "close_try": 58.421439,
      "close_usd": 0,
      "volume": 0
    },
    {
      "update_date": 1758574800,
      "open": 0,
      "highest": 0,
      "lowest": 0,
      "close": 58.559058,
      "close_try": 58.559058,
      "close_usd": 0,
      "volume": 0
    },
    {
      "update_date": 1758661200,
      "open": 0,
      "highest": 0,
      "lowest": 0,
      "close": 58.26792,
      "close_try": 58.26792,
      "close_usd": 0,
      "volume": 0
    },
    {
      "update_date": 1758747600,
      "open": 0,
      "highest": 0,
      "lowest": 0,
      "close": 57.854632,
      "close_try": 57.854632,
      "close_usd": 0,
      "volume": 0
    },
    {
      "update_date": 1758834000,
      "open": 0,
      "highest": 0,
      "lowest": 0,
      "close": 57.803759,
      "close_try": 57.803759,
      "close_usd": 0,
      "volume": 0
    },
    {
      "update_date": 1758920400,
      "open": 0,
      "highest": 0,
      "lowest": 0,
      "close": 57.719942,
      "close_try": 57.719942,
      "close_usd": 0,
      "volume": 0
    },
    {
      "update_date": 1759006800,
      "open": 0,
      "highest": 0,
      "lowest": 0,
      "close": 57.719942,
      "close_try": 57.719942,
      "close_usd": 0,
      "volume": 0
    },
    {
      "update_date": 1759093200,
      "open": 0,
      "highest": 0,
      "lowest": 0,
      "close": 57.98445,
      "close_try": 57.98445,
      "close_usd": 0,
      "volume": 0
    },
    {
      "update_date": 1759179600,
      "open": 0,
      "highest": 0,
      "lowest": 0,
      "close": 57.952415,
      "close_try": 57.952415,
      "close_usd": 0,
      "volume": 0
    },
    {
      "update_date": 1759266000,
      "open": 0,
      "highest": 0,
      "lowest": 0,
      "close": 58.135977,
      "close_try": 58.135977,
      "close_usd": 0,
      "volume": 0
    },
    {
      "update_date": 1759352400,
      "open": 0,
      "highest": 0,
      "lowest": 0,
      "close": 57.995012,
      "close_try": 57.995012,
      "close_usd": 0,
      "volume": 0
    },
    {
      "update_date": 1759438800,
      "open": 0,
      "highest": 0,
      "lowest": 0,
      "close": 58.262378,
      "close_try": 58.262378,
      "close_usd": 0,
      "volume": 0
    },
    {
      "update_date": 1759525200,
      "open": 0,
      "highest": 0,
      "lowest": 0,
      "close": 58.275326,
      "close_try": 58.275326,
      "close_usd": 0,
      "volume": 0
    },
    {
      "update_date": 1759611600,
      "open": 0,
      "highest": 0,
      "lowest": 0,
      "close": 58.106737,
      "close_try": 58.106737,
      "close_usd": 0,
      "volume": 0
    },
    {
      "update_date": 1759698000,
      "open": 0,
      "highest": 0,
      "lowest": 0,
      "close": 58.314866,
      "close_try": 58.314866,
      "close_usd": 0,
      "volume": 0
    },
    {
      "update_date": 1759784400,
      "open": 0,
      "highest": 0,
      "lowest": 0,
      "close": 58.064753,
      "close_try": 58.064753,
      "close_usd": 0,
      "volume": 0
    },
    {
      "update_date": 1759870800,
      "open": 0,
      "highest": 0,
      "lowest": 0,
      "close": 57.99182,
      "close_try": 57.99182,
      "close_usd": 0,
      "volume": 0
    },
    {
      "update_date": 1759957200,
      "open": 0,
      "highest": 0,
      "lowest": 0,
      "close": 57.576989,
      "close_try": 57.576989,
      "close_usd": 0,
      "volume": 0
    },
    {
      "update_date": 1760043600,
      "open": 0,
      "highest": 0,
      "lowest": 0,
      "close": 57.945777,
      "close_try": 57.945777,
      "close_usd": 0,
      "volume": 0
    },
    {
      "update_date": 1760130000,
      "open": 0,
      "highest": 0,
      "lowest": 0,
      "close": 57.945777,
      "close_try": 57.945777,
      "close_usd": 0,
      "volume": 0
    },
    {
      "update_date": 1760216400,
      "open": 0,
      "highest": 0,
      "lowest": 0,
      "close": 57.958811,
      "close_try": 57.958811,
      "close_usd": 0,
      "volume": 0
    },
    {
      "update_date": 1760302800,
      "open": 0,
      "highest": 0,
      "lowest": 0,
      "close": 57.80632,
      "close_try": 57.80632,
      "close_usd": 0,
      "volume": 0
    },
    {
      "update_date": 1760389200,
      "open": 0,
      "highest": 0,
      "lowest": 0,
      "close": 57.783416,
      "close_try": 57.783416,
      "close_usd": 0,
      "volume": 0
    },
    {
      "update_date": 1760475600,
      "open": 0,
      "highest": 0,
      "lowest": 0,
      "close": 58.158044,
      "close_try": 58.158044,
      "close_usd": 0,
      "volume": 0
    },
    {
      "update_date": 1760562000,
      "open": 0,
      "highest": 0,
      "lowest": 0,
      "close": 58.29239,
      "close_try": 58.29239,
      "close_usd": 0,
      "volume": 0
    },
    {
      "update_date": 1760648400,
      "open": 0,
      "highest": 0,
      "lowest": 0,
      "close": 57.312394,
      "close_try": 57.312394,
      "close_usd": 0,
      "volume": 0
    }
  ]
}