{
  "asset_key": "2-QAR",
  "date_range": {
    "start": "2015-10-20T13:27:36.053743",
    "end": "2025-10-17T13:27:36.053743",
    "days": 430
  },
  "archive": [
    {
      "update_date": 1723582800,
      "open": 0,
      "highest": 0,
      "lowest": 0,
      "close": 9.660449,
      "close_try": 9.660449,
      "close_usd": 0,
      "volume": 0
    },
    {
      "update_date": 1723669200,
      "open": 0,
      "highest": 0,
      "lowest": 0,
      "close": 9.662672,
      "close_try": 9.662672,
      "close_usd": 0,
      "volume": 0
    },
    {
      "update_date": 1723755600,
      "open": 0,
      "highest": 0,
      "lowest": 0,
      "close": 9.686714,
      "close_try": 9.686714,
      "close_usd": 0,
      "volume": 0
    },
    {
      "update_date": 1723842000,
      "open": 0,
      "highest": 0,
      "lowest": 0,
      "close": 9.686714,
      "close_try": 9.686714,
      "close_usd": 0,
      "volume": 0
    },
    {
      "update_date": 1723928400,
      "open": 0,
      "highest": 0,
      "lowest": 0,
      "close": 9.682712,
      "close_try": 9.682712,
      "close_usd": 0,
      "volume": 0
    },
    {
      "update_date": 1724014800,
      "open": 0,
      "highest": 0,
      "lowest": 0,
      "close": 9.641827,
      "close_try": 9.641827,
      "close_usd": 0,
      "volume": 0
    },
    {
      "update_date": 1724101200,
      "open": 0,
      "highest": 0,
      "lowest": 0,
      "close": 9.712007,
      "close_try": 9.712007,
      "close_usd": 0,
      "volume": 0
    },
    {
      "update_date": 1724187600,
      "open": 0,
      "highest": 0,
      "lowest": 0,
      "close": 9.750224,
      "close_try": 9.750224,
      "close_usd": 0,
      "volume": 0
    },
    {
      "update_date": 1724274000,
      "open": 0,
      "highest": 0,
      "lowest": 0,
      "close": 9.751017,
      "close_try": 9.751017,
      "close_usd": 0,
      "volume": 0
    },
    {
      "update_date": 1724360400,
      "open": 0,
      "highest": 0,
      "lowest": 0,
      "close": 9.771626,
      "close_try": 9.771626,
      "close_usd": 0,
      "volume": 0
    },
    {
      "update_date": 1724446800,
      "open": 0,
      "highest": 0,
      "lowest": 0,
      "close": 9.771626,
      "close_try": 9.771626,
      "close_usd": 0,
      "volume": 0
    },
    {
      "update_date": 1724533200,
      "open": 0,
      "highest": 0,
      "lowest": 0,
      "close": 9.771626,
      "close_try": 9.771626,
      "close_usd": 0,
      "volume": 0
    },
    {
      "update_date": 1724619600,
      "open": 0,
      "highest": 0,
      "lowest": 0,
      "close": 9.76968,
      "close_try": 9.76968,
      "close_usd": 0,
      "volume": 0
    },
    {
      "update_date": 1724706000,
      "open": 0,
      "highest": 0,
      "lowest": 0,
      "close": 9.725106,
      "close_try": 9.725106,
      "close_usd": 0,
      "volume": 0
    },
    {
      "update_date": 1724792400,
      "open": 0,
      "highest": 0,
      "lowest": 0,
      "close": 9.559796,
      "close_try": 9.559796,
      "close_usd": 0,
      "volume": 0
    },
    {
      "update_date": 1724878800,
      "open": 0,
      "highest": 0,
      "lowest": 0,
      "close": 9.740353,
      "close_try": 9.740353,
      "close_usd": 0,
      "volume": 0
    },
    {
      "update_date": 1724965200,
      "open": 0,
      "highest": 0,
      "lowest": 0,
      "close": 9.740353,
      "close_try": 9.740353,
      "close_usd": 0,
      "volume": 0
    },
    {
      "update_date": 1725051600,
      "open": 0,
      "highest": 0,
      "lowest": 0,
      "close": 9.740353,
      "close_try": 9.740353,
      "close_usd": 0,
      "volume": 0
    },
    {
      "update_date": 1725138000,
      "open": 0,
      "highest": 0,
      "lowest": 0,
      "close": 9.740353,
      "close_try": 9.740353,
      "close_usd": 0,
      "volume": 0
    },
    {
      "update_date": 1725224400,
      "open": 0,
      "highest": 0,
      "lowest": 0,
      "close": 9.704205,
      "close_try": 9.704205,
      "close_usd": 0,
      "volume": 0
    },
    {
      "update_date": 1725310800,
      "open": 0,
      "highest": 0,
      "lowest": 0,
      "close": 9.723669,
      "close_try": 9.723669,
      "close_usd": 0,
      "volume": 0
    },
    {
      "update_date": 1725397200,
      "open": 0,
      "highest": 0,
      "lowest": 0,
      "close": 9.751475,
      "close_try": 9.751475,
      "close_usd": 0,
      "volume": 0
    },
    {
      "update_date": 1725483600,
      "open": 0,
      "highest": 0,
      "lowest": 0,
      "close": 9.723669,
      "close_try": 9.723669,
      "close_usd": 0,
      "volume": 0
    },
    {
      "update_date": 1725570000,
      "open": 0,
      "highest": 0,
      "lowest": 0,
      "close": 9.718108,
      "close_try": 9.718108,
      "close_usd": 0,
      "volume": 0
    },
    {
      "update_date": 1725656400,
      "open": 0,
      "highest": 0,
      "lowest": 0,
      "close": 9.718108,
      "close_try": 9.718108,
      "close_usd": 0,
      "volume": 0
    },
    {
      "update_date": 1725742800,
      "open": 0,
      "highest": 0,
      "lowest": 0,
      "close": 9.718108,
      "close_try": 9.718108,
      "close_usd": 0,
      "volume": 0
    },
    {
      "update_date": 1725829200,
      "open": 0,
      "highest": 0,
      "lowest": 0,
      "close": 9.768158,
      "close_try": 9.768158,
      "close_usd": 0,
      "volume": 0
    },
    {
      "update_date": 1725915600,
      "open": 0,
      "highest": 0,
      "lowest": 0,
      "close": 9.759817,
      "close_try": 9.759817,
      "close_usd": 0,
      "volume": 0
    },
    {
      "update_date": 1726002000,
      "open": 0,
      "highest": 0,
      "lowest": 0,
      "close": 9.743226,
      "close_try": 9.743226,
      "close_usd": 0,
      "volume": 0
    },
    {
      "update_date": 1726088400,
      "open": 0,
      "highest": 0,
      "lowest": 0,
      "close": 9.743226,
      "close_try": 9.743226,
      "close_usd": 0,
      "volume": 0
    },
    {
      "update_date": 1726174800,
      "open": 0,
      "highest": 0,
      "lowest": 0,
      "close": 9.743226,
      "close_try": 9.743226,
      "close_usd": 0,
      "volume": 0
    },
    {
      "update_date": 1726261200,
      "open": 0,
      "highest": 0,
      "lowest": 0,
      "close": 9.743226,
      "close_try": 9.743226,
      "close_usd": 0,
      "volume": 0
    },
    {
      "update_date": 1726347600,
      "open": 0,
      "highest": 0,
      "lowest": 0,
      "close": 9.743226,
      "close_try": 9.743226,
      "close_usd": 0,
      "volume": 0
    },
    {
      "update_date": 1726434000,
      "open": 0,
      "highest": 0,
      "lowest": 0,
      "close": 9.743226,
      "close_try": 9.743226,
      "close_usd": 0,
      "volume": 0
    },
    {
      "update_date": 1726520400,
      "open": 0,
      "highest": 0,
      "lowest": 0,
      "close": 9.771024,
      "close_try": 9.771024,
      "close_usd": 0,
      "volume": 0
    },
    {
      "update_date": 1726606800,
      "open": 0,
      "highest": 0,
      "lowest": 0,
      "close": 9.768245,
      "close_try": 9.768245,
      "close_usd": 0,
      "volume": 0
    },
    {
      "update_date": 1726693200,
      "open": 0,
      "highest": 0,
      "lowest": 0,
      "close": 9.743226,
      "close_try": 9.743226,
      "close_usd": 0,
      "volume": 0
    },
    {
      "update_date": 1726779600,
      "open": 0,
      "highest": 0,
      "lowest": 0,
      "close": 9.779364,
      "close_try": 9.779364,
      "close_usd": 0,
      "volume": 0
    },
    {
      "update_date": 1726866000,
      "open": 0,
      "highest": 0,
      "lowest": 0,
      "close": 9.779364,
      "close_try": 9.779364,
      "close_usd": 0,
      "volume": 0
    },
    {
      "update_date": 1726952400,
      "open": 0,
      "highest": 0,
      "lowest": 0,
      "close": 9.779364,
      "close_try": 9.779364,
      "close_usd": 0,
      "volume": 0
    },
    {
      "update_date": 1727038800,
      "open": 0,
      "highest": 0,
      "lowest": 0,
      "close": 9.787622,
      "close_try": 9.787622,
      "close_usd": 0,
      "volume": 0
    },
    {
      "update_date": 1727125200,
      "open": 0,
      "highest": 0,
      "lowest": 0,
      "close": 9.779281,
      "close_try": 9.779281,
      "close_usd": 0,
      "volume": 0
    },
    {
      "update_date": 1727211600,
      "open": 0,
      "highest": 0,
      "lowest": 0,
      "close": 9.790403,
      "close_try": 9.790403,
      "close_usd": 0,
      "volume": 0
    },
    {
      "update_date": 1727298000,
      "open": 0,
      "highest": 0,
      "lowest": 0,
      "close": 9.787622,
      "close_try": 9.787622,
      "close_usd": 0,
      "volume": 0
    },
    {
      "update_date": 1727384400,
      "open": 0,
      "highest": 0,
      "lowest": 0,
      "close": 9.794574,
      "close_try": 9.794574,
      "close_usd": 0,
      "volume": 0
    },
    {
      "update_date": 1727470800,
      "open": 0,
      "highest": 0,
      "lowest": 0,
      "close": 9.794574,
      "close_try": 9.794574,
      "close_usd": 0,
      "volume": 0
    },
    {
      "update_date": 1727557200,
      "open": 0,
      "highest": 0,
      "lowest": 0,
      "close": 9.794574,
      "close_try": 9.794574,
      "close_usd": 0,
      "volume": 0
    },
    {
      "update_date": 1727643600,
      "open": 0,
      "highest": 0,
      "lowest": 0,
      "close": 9.804584,
      "close_try": 9.804584,
      "close_usd": 0,
      "volume": 0
    },
    {
      "update_date": 1727730000,
      "open": 0,
      "highest": 0,
      "lowest": 0,
      "close": 9.801525,
      "close_try": 9.801525,
      "close_usd": 0,
      "volume": 0
    },
    {
      "update_date": 1727816400,
      "open": 0,
      "highest": 0,
      "lowest": 0,
      "close": 9.810562,
      "close_try": 9.810562,
      "close_usd": 0,
      "volume": 0
    },
    {
      "update_date": 1727902800,
      "open": 0,
      "highest": 0,
      "lowest": 0,
      "close": 9.795964,
      "close_try": 9.795964,
      "close_usd": 0,
      "volume": 0
    },
    {
      "update_date": 1727989200,
      "open": 0,
      "highest": 0,
      "lowest": 0,
      "close": 9.820989,
      "close_try": 9.820989,
      "close_usd": 0,
      "volume": 0
    },
    {
      "update_date": 1728075600,
      "open": 0,
      "highest": 0,
      "lowest": 0,
      "close": 9.820989,
      "close_try": 9.820989,
      "close_usd": 0,
      "volume": 0
    },
    {
      "update_date": 1728162000,
      "open": 0,
      "highest": 0,
      "lowest": 0,
      "close": 9.820989,
      "close_try": 9.820989,
      "close_usd": 0,
      "volume": 0
    },
    {
      "update_date": 1728248400,
      "open": 0,
      "highest": 0,
      "lowest": 0,
      "close": 9.819321,
      "close_try": 9.819321,
      "close_usd": 0,
      "volume": 0
    },
    {
      "update_date": 1728334800,
      "open": 0,
      "highest": 0,
      "lowest": 0,
      "close": 9.818281,
      "close_try": 9.818281,
      "close_usd": 0,
      "volume": 0
    },
    {
      "update_date": 1728421200,
      "open": 0,
      "highest": 0,
      "lowest": 0,
      "close": 9.812722,
      "close_try": 9.812722,
      "close_usd": 0,
      "volume": 0
    },
    {
      "update_date": 1728507600,
      "open": 0,
      "highest": 0,
      "lowest": 0,
      "close": 9.798823,
      "close_try": 9.798823,
      "close_usd": 0,
      "volume": 0
    },
    {
      "update_date": 1728594000,
      "open": 0,
      "highest": 0,
      "lowest": 0,
      "close": 9.882495,
      "close_try": 9.882495,
      "close_usd": 0,
      "volume": 0
    },
    {
      "update_date": 1728680400,
      "open": 0,
      "highest": 0,
      "lowest": 0,
      "close": 9.882495,
      "close_try": 9.882495,
      "close_usd": 0,
      "volume": 0
    },
    {
      "update_date": 1728766800,
      "open": 0,
      "highest": 0,
      "lowest": 0,
      "close": 9.882495,
      "close_try": 9.882495,
      "close_usd": 0,
      "volume": 0
    },
    {
      "update_date": 1728853200,
      "open": 0,
      "highest": 0,
      "lowest": 0,
      "close": 9.843716,
      "close_try": 9.843716,
      "close_usd": 0,
      "volume": 0
    },
    {
      "update_date": 1728939600,
      "open": 0,
      "highest": 0,
      "lowest": 0,
      "close": 9.603058,
      "close_try": 9.603058,
      "close_usd": 0,
      "volume": 0
    },
    {
      "update_date": 1729026000,
      "open": 0,
      "highest": 0,
      "lowest": 0,
      "close": 9.817667,
      "close_try": 9.817667,
      "close_usd": 0,
      "volume": 0
    },
    {
      "update_date": 1729112400,
      "open": 0,
      "highest": 0,
      "lowest": 0,
      "close": 9.831573,
      "close_try": 9.831573,
      "close_usd": 0,
      "volume": 0
    },
    {
      "update_date": 1729198800,
      "open": 0,
      "highest": 0,
      "lowest": 0,
      "close": 9.866551,
      "close_try": 9.866551,
      "close_usd": 0,
      "volume": 0
    },
    {
      "update_date": 1729285200,
      "open": 0,
      "highest": 0,
      "lowest": 0,
      "close": 9.866551,
      "close_try": 9.866551,
      "close_usd": 0,
      "volume": 0
    },
    {
      "update_date": 1729371600,
      "open": 0,
      "highest": 0,
      "lowest": 0,
      "close": 9.866551,
      "close_try": 9.866551,
      "close_usd": 0,
      "volume": 0
    },
    {
      "update_date": 1729458000,
      "open": 0,
      "highest": 0,
      "lowest": 0,
      "close": 9.849847,
      "close_try": 9.849847,
      "close_usd": 0,
      "volume": 0
    },
    {
      "update_date": 1729544400,
      "open": 0,
      "highest": 0,
      "lowest": 0,
      "close": 9.852213,
      "close_try": 9.852213,
      "close_usd": 0,
      "volume": 0
    },
    {
      "update_date": 1729630800,
      "open": 0,
      "highest": 0,
      "lowest": 0,
      "close": 9.883255,
      "close_try": 9.883255,
      "close_usd": 0,
      "volume": 0
    },
    {
      "update_date": 1729717200,
      "open": 0,
      "highest": 0,
      "lowest": 0,
      "close": 9.869335,
      "close_try": 9.869335,
      "close_usd": 0,
      "volume": 0
    },
    {
      "update_date": 1729803600,
      "open": 0,
      "highest": 0,
      "lowest": 0,
      "close": 9.897175,
      "close_try": 9.897175,
      "close_usd": 0,
      "volume": 0
    },
    {
      "update_date": 1729890000,
      "open": 0,
      "highest": 0,
      "lowest": 0,
      "close": 9.897175,
      "close_try": 9.897175,
      "close_usd": 0,
      "volume": 0
    },
    {
      "update_date": 1729976400,
      "open": 0,
      "highest": 0,
      "lowest": 0,
      "close": 9.897175,
      "close_try": 9.897175,
      "close_usd": 0,
      "volume": 0
    },
    {
      "update_date": 1730062800,
      "open": 0,
      "highest": 0,
      "lowest": 0,
      "close": 9.897175,
      "close_try": 9.897175,
      "close_usd": 0,
      "volume": 0
    },
    {
      "update_date": 1730149200,
      "open": 0,
      "highest": 0,
      "lowest": 0,
      "close": 9.897175,
      "close_try": 9.897175,
      "close_usd": 0,
      "volume": 0
    },
    {
      "update_date": 1730235600,
      "open": 0,
      "highest": 0,
      "lowest": 0,
      "close": 9.798823,
      "close_try": 9.798823,
      "close_usd": 0,
      "volume": 0
    },
    {
      "update_date": 1730322000,
      "open": 0,
      "highest": 0,
      "lowest": 0,
      "close": 9.812722,
      "close_try": 9.812722,
      "close_usd": 0,
      "volume": 0
    },
    {
      "update_date": 1730408400,
      "open": 0,
      "highest": 0,
      "lowest": 0,
      "close": 9.880797,
      "close_try": 9.880797,
      "close_usd": 0,
      "volume": 0
    },
    {
      "update_date": 1730494800,
      "open": 0,
      "highest": 0,
      "lowest": 0,
      "close": 9.880797,
      "close_try": 9.880797,
      "close_usd": 0,
      "volume": 0
    },
    {
      "update_date": 1730581200,
      "open": 0,
      "highest": 0,
      "lowest": 0,
      "close": 9.883577,
      "close_try": 9.883577,
      "close_usd": 0,
      "volume": 0
    },
    {
      "update_date": 1730667600,
      "open": 0,
      "highest": 0,
      "lowest": 0,
      "close": 9.81435,
      "close_try": 9.81435,
      "close_usd": 0,
      "volume": 0
    },
    {
      "update_date": 1730754000,
      "open": 0,
      "highest": 0,
      "lowest": 0,
      "close": 9.88239,
      "close_try": 9.88239,
      "close_usd": 0,
      "volume": 0
    },
    {
      "update_date": 1730840400,
      "open": 0,
      "highest": 0,
      "lowest": 0,
      "close": 9.819021,
      "close_try": 9.819021,
      "close_usd": 0,
      "volume": 0
    },
    {
      "update_date": 1730926800,
      "open": 0,
      "highest": 0,
      "lowest": 0,
      "close": 9.78627,
      "close_try": 9.78627,
      "close_usd": 0,
      "volume": 0
    },
    {
      "update_date": 1731013200,
      "open": 0,
      "highest": 0,
      "lowest": 0,
      "close": 9.922207,
      "close_try": 9.922207,
      "close_usd": 0,
      "volume": 0
    },
    {
      "update_date": 1731099600,
      "open": 0,
      "highest": 0,
      "lowest": 0,
      "close": 9.922207,
      "close_try": 9.922207,
      "close_usd": 0,
      "volume": 0
    },
    {
      "update_date": 1731186000,
      "open": 0,
      "highest": 0,
      "lowest": 0,
      "close": 9.922207,
      "close_try": 9.922207,
      "close_usd": 0,
      "volume": 0
    },
    {
      "update_date": 1731272400,
      "open": 0,
      "highest": 0,
      "lowest": 0,
      "close": 9.875392,
      "close_try": 9.875392,
      "close_usd": 0,
      "volume": 0
    },
    {
      "update_date": 1731358800,
      "open": 0,
      "highest": 0,
      "lowest": 0,
      "close": 9.875097,
      "close_try": 9.875097,
      "close_usd": 0,
      "volume": 0
    },
    {
      "update_date": 1731445200,
      "open": 0,
      "highest": 0,
      "lowest": 0,
      "close": 9.840623,
      "close_try": 9.840623,
      "close_usd": 0,
      "volume": 0
    },
    {
      "update_date": 1731531600,
      "open": 0,
      "highest": 0,
      "lowest": 0,
      "close": 9.839789,
      "close_try": 9.839789,
      "close_usd": 0,
      "volume": 0
    },
    {
      "update_date": 1731618000,
      "open": 0,
      "highest": 0,
      "lowest": 0,
      "close": 9.901078,
      "close_try": 9.901078,
      "close_usd": 0,
      "volume": 0
    },
    {
      "update_date": 1731704400,
      "open": 0,
      "highest": 0,
      "lowest": 0,
      "close": 9.901078,
      "close_try": 9.901078,
      "close_usd": 0,
      "volume": 0
    },
    {
      "update_date": 1731790800,
      "open": 0,
      "highest": 0,
      "lowest": 0,
      "close": 9.901078,
      "close_try": 9.901078,
      "close_usd": 0,
      "volume": 0
    },
    {
      "update_date": 1731877200,
      "open": 0,
      "highest": 0,
      "lowest": 0,
      "close": 9.926197,
      "close_try": 9.926197,
      "close_usd": 0,
      "volume": 0
    },
    {
      "update_date": 1731963600,
      "open": 0,
      "highest": 0,
      "lowest": 0,
      "close": 9.87394,
      "close_try": 9.87394,
      "close_usd": 0,
      "volume": 0
    },
    {
      "update_date": 1732050000,
      "open": 0,
      "highest": 0,
      "lowest": 0,
      "close": 9.87451,
      "close_try": 9.87451,
      "close_usd": 0,
      "volume": 0
    },
    {
      "update_date": 1732136400,
      "open": 0,
      "highest": 0,
      "lowest": 0,
      "close": 9.874079,
      "close_try": 9.874079,
      "close_usd": 0,
      "volume": 0
    },
    {
      "update_date": 1732222800,
      "open": 0,
      "highest": 0,
      "lowest": 0,
      "close": 9.922712,
      "close_try": 9.922712,
      "close_usd": 0,
      "volume": 0
    },
    {
      "update_date": 1732309200,
      "open": 0,
      "highest": 0,
      "lowest": 0,
      "close": 9.936468,
      "close_try": 9.936468,
      "close_usd": 0,
      "volume": 0
    },
    {
      "update_date": 1732395600,
      "open": 0,
      "highest": 0,
      "lowest": 0,
      "close": 9.936468,
      "close_try": 9.936468,
      "close_usd": 0,
      "volume": 0
    },
    {
      "update_date": 1732482000,
      "open": 0,
      "highest": 0,
      "lowest": 0,
      "close": 9.934708,
      "close_try": 9.934708,
      "close_usd": 0,
      "volume": 0
    },
    {
      "update_date": 1732568400,
      "open": 0,
      "highest": 0,
      "lowest": 0,
      "close": 9.951441,
      "close_try": 9.951441,
      "close_usd": 0,
      "volume": 0
    },
    {
      "update_date": 1732654800,
      "open": 0,
      "highest": 0,
      "lowest": 0,
      "close": 9.738523,
      "close_try": 9.738523,
      "close_usd": 0,
      "volume": 0
    },
    {
      "update_date": 1732741200,
      "open": 0,
      "highest": 0,
      "lowest": 0,
      "close": 9.941533,
      "close_try": 9.941533,
      "close_usd": 0,
      "volume": 0
    },
    {
      "update_date": 1732827600,
      "open": 0,
      "highest": 0,
      "lowest": 0,
      "close": 9.99618,
      "close_try": 9.99618,
      "close_usd": 0,
      "volume": 0
    },
    {
      "update_date": 1732914000,
      "open": 0,
      "highest": 0,
      "lowest": 0,
      "close": 9.999108,
      "close_try": 9.999108,
      "close_usd": 0,
      "volume": 0
    },
    {
      "update_date": 1733000400,
      "open": 0,
      "highest": 0,
      "lowest": 0,
      "close": 9.969817,
      "close_try": 9.969817,
      "close_usd": 0,
      "volume": 0
    },
    {
      "update_date": 1733086800,
      "open": 0,
      "highest": 0,
      "lowest": 0,
      "close": 9.94377,
      "close_try": 9.94377,
      "close_usd": 0,
      "volume": 0
    },
    {
      "update_date": 1733173200,
      "open": 0,
      "highest": 0,
      "lowest": 0,
      "close": 9.917937,
      "close_try": 9.917937,
      "close_usd": 0,
      "volume": 0
    },
    {
      "update_date": 1733259600,
      "open": 0,
      "highest": 0,
      "lowest": 0,
      "close": 9.89,
      "close_try": 9.89,
      "close_usd": 0,
      "volume": 0
    },
    {
      "update_date": 1733346000,
      "open": 0,
      "highest": 0,
      "lowest": 0,
      "close": 9.910015,
      "close_try": 9.910015,
      "close_usd": 0,
      "volume": 0
    },
    {
      "update_date": 1733432400,
      "open": 0,
      "highest": 0,
      "lowest": 0,
      "close": 9.965611,
      "close_try": 9.965611,
      "close_usd": 0,
      "volume": 0
    },
    {
      "update_date": 1733518800,
      "open": 0,
      "highest": 0,
      "lowest": 0,
      "close": 9.965611,
      "close_try": 9.965611,
      "close_usd": 0,
      "volume": 0
    },
    {
      "update_date": 1733605200,
      "open": 0,
      "highest": 0,
      "lowest": 0,
      "close": 9.965611,
      "close_try": 9.965611,
      "close_usd": 0,
      "volume": 0
    },
    {
      "update_date": 1733691600,
      "open": 0,
      "highest": 0,
      "lowest": 0,
      "close": 10.003317,
      "close_try": 10.003317,
      "close_usd": 0,
      "volume": 0
    },
    {
      "update_date": 1733778000,
      "open": 0,
      "highest": 0,
      "lowest": 0,
      "close": 9.97951,
      "close_try": 9.97951,
      "close_usd": 0,
      "volume": 0
    },
    {
      "update_date": 1733864400,
      "open": 0,
      "highest": 0,
      "lowest": 0,
      "close": 9.955048,
      "close_try": 9.955048,
      "close_usd": 0,
      "volume": 0
    },
    {
      "update_date": 1733950800,
      "open": 0,
      "highest": 0,
      "lowest": 0,
      "close": 10.020998,
      "close_try": 10.020998,
      "close_usd": 0,
      "volume": 0
    },
    {
      "update_date": 1734037200,
      "open": 0,
      "highest": 0,
      "lowest": 0,
      "close": 9.977512,
      "close_try": 9.977512,
      "close_usd": 0,
      "volume": 0
    },
    {
      "update_date": 1734123600,
      "open": 0,
      "highest": 0,
      "lowest": 0,
      "close": 9.955152,
      "close_try": 9.955152,
      "close_usd": 0,
      "volume": 0
    },
    {
      "update_date": 1734210000,
      "open": 0,
      "highest": 0,
      "lowest": 0,
      "close": 9.952407,
      "close_try": 9.952407,
      "close_usd": 0,
      "volume": 0
    },
    {
      "update_date": 1734296400,
      "open": 0,
      "highest": 0,
      "lowest": 0,
      "close": 9.97951,
      "close_try": 9.97951,
      "close_usd": 0,
      "volume": 0
    },
    {
      "update_date": 1734382800,
      "open": 0,
      "highest": 0,
      "lowest": 0,
      "close": 9.792994,
      "close_try": 9.792994,
      "close_usd": 0,
      "volume": 0
    },
    {
      "update_date": 1734469200,
      "open": 0,
      "highest": 0,
      "lowest": 0,
      "close": 10.019817,
      "close_try": 10.019817,
      "close_usd": 0,
      "volume": 0
    },
    {
      "update_date": 1734555600,
      "open": 0,
      "highest": 0,
      "lowest": 0,
      "close": 10.020234,
      "close_try": 10.020234,
      "close_usd": 0,
      "volume": 0
    },
    {
      "update_date": 1734642000,
      "open": 0,
      "highest": 0,
      "lowest": 0,
      "close": 10.049144,
      "close_try": 10.049144,
      "close_usd": 0,
      "volume": 0
    },
    {
      "update_date": 1734728400,
      "open": 0,
      "highest": 0,
      "lowest": 0,
      "close": 10.049144,
      "close_try": 10.049144,
      "close_usd": 0,
      "volume": 0
    },
    {
      "update_date": 1734814800,
      "open": 0,
      "highest": 0,
      "lowest": 0,
      "close": 10.050527,
      "close_try": 10.050527,
      "close_usd": 0,
      "volume": 0
    },
    {
      "update_date": 1734901200,
      "open": 0,
      "highest": 0,
      "lowest": 0,
      "close": 10.055955,
      "close_try": 10.055955,
      "close_usd": 0,
      "volume": 0
    },
    {
      "update_date": 1734987600,
      "open": 0,
      "highest": 0,
      "lowest": 0,
      "close": 10.051777,
      "close_try": 10.051777,
      "close_usd": 0,
      "volume": 0
    },
    {
      "update_date": 1735074000,
      "open": 0,
      "highest": 0,
      "lowest": 0,
      "close": 10.101719,
      "close_try": 10.101719,
      "close_usd": 0,
      "volume": 0
    },
    {
      "update_date": 1735160400,
      "open": 0,
      "highest": 0,
      "lowest": 0,
      "close": 10.056091,
      "close_try": 10.056091,
      "close_usd": 0,
      "volume": 0
    },
    {
      "update_date": 1735246800,
      "open": 0,
      "highest": 0,
      "lowest": 0,
      "close": 10.077898,
      "close_try": 10.077898,
      "close_usd": 0,
      "volume": 0
    },
    {
      "update_date": 1735333200,
      "open": 0,
      "highest": 0,
      "lowest": 0,
      "close": 10.080822,
      "close_try": 10.080822,
      "close_usd": 0,
      "volume": 0
    },
    {
      "update_date": 1735419600,
      "open": 0,
      "highest": 0,
      "lowest": 0,
      "close": 10.080822,
      "close_try": 10.080822,
      "close_usd": 0,
      "volume": 0
    },
    {
      "update_date": 1735506000,
      "open": 0,
      "highest": 0,
      "lowest": 0,
      "close": 10.099201,
      "close_try": 10.099201,
      "close_usd": 0,
      "volume": 0
    },
    {
      "update_date": 1735592400,
      "open": 0,
      "highest": 0,
      "lowest": 0,
      "close": 10.124439,
      "close_try": 10.124439,
      "close_usd": 0,
      "volume": 0
    },
    {
      "update_date": 1735678800,
      "open": 0,
      "highest": 0,
      "lowest": 0,
      "close": 10.124439,
      "close_try": 10.124439,
      "close_usd": 0,
      "volume": 0
    },
    {
      "update_date": 1735765200,
      "open": 0,
      "highest": 0,
      "lowest": 0,
      "close": 10.100455,
      "close_try": 10.100455,
      "close_usd": 0,
      "volume": 0
    },
    {
      "update_date": 1735851600,
      "open": 0,
      "highest": 0,
      "lowest": 0,
      "close": 10.080967,
      "close_try": 10.080967,
      "close_usd": 0,
      "volume": 0
    },
    {
      "update_date": 1735938000,
      "open": 0,
      "highest": 0,
      "lowest": 0,
      "close": 10.080828,
      "close_try": 10.080828,
      "close_usd": 0,
      "volume": 0
    },
    {
      "update_date": 1736024400,
      "open": 0,
      "highest": 0,
      "lowest": 0,
      "close": 10.083607,
      "close_try": 10.083607,
      "close_usd": 0,
      "volume": 0
    },
    {
      "update_date": 1736110800,
      "open": 0,
      "highest": 0,
      "lowest": 0,
      "close": 10.180753,
      "close_try": 10.180753,
      "close_usd": 0,
      "volume": 0
    },
    {
      "update_date": 1736197200,
      "open": 0,
      "highest": 0,
      "lowest": 0,
      "close": 10.138693,
      "close_try": 10.138693,
      "close_usd": 0,
      "volume": 0
    },
    {
      "update_date": 1736283600,
      "open": 0,
      "highest": 0,
      "lowest": 0,
      "close": 10.147479,
      "close_try": 10.147479,
      "close_usd": 0,
      "volume": 0
    },
    {
      "update_date": 1736370000,
      "open": 0,
      "highest": 0,
      "lowest": 0,
      "close": 10.145901,
      "close_try": 10.145901,
      "close_usd": 0,
      "volume": 0
    },
    {
      "update_date": 1736456400,
      "open": 0,
      "highest": 0,
      "lowest": 0,
      "close": 10.168497,
      "close_try": 10.168497,
      "close_usd": 0,
      "volume": 0
    },
    {
      "update_date": 1736542800,
      "open": 0,
      "highest": 0,
      "lowest": 0,
      "close": 10.168079,
      "close_try": 10.168079,
      "close_usd": 0,
      "volume": 0
    },
    {
      "update_date": 1736629200,
      "open": 0,
      "highest": 0,
      "lowest": 0,
      "close": 10.168079,
      "close_try": 10.168079,
      "close_usd": 0,
      "volume": 0
    },
    {
      "update_date": 1736715600,
      "open": 0,
      "highest": 0,
      "lowest": 0,
      "close": 10.195975,
      "close_try": 10.195975,
      "close_usd": 0,
      "volume": 0
    },
    {
      "update_date": 1736802000,
      "open": 0,
      "highest": 0,
      "lowest": 0,
      "close": 10.307559,
      "close_try": 10.307559,
      "close_usd": 0,
      "volume": 0
    },
    {
      "update_date": 1736888400,
      "open": 0,
      "highest": 0,
      "lowest": 0,
      "close": 10.241986,
      "close_try": 10.241986,
      "close_usd": 0,
      "volume": 0
    },
    {
      "update_date": 1736974800,
      "open": 0,
      "highest": 0,
      "lowest": 0,
      "close": 10.268571,
      "close_try": 10.268571,
      "close_usd": 0,
      "volume": 0
    },
    {
      "update_date": 1737061200,
      "open": 0,
      "highest": 0,
      "lowest": 0,
      "close": 10.350801,
      "close_try": 10.350801,
      "close_usd": 0,
      "volume": 0
    },
    {
      "update_date": 1737147600,
      "open": 0,
      "highest": 0,
      "lowest": 0,
      "close": 10.353178,
      "close_try": 10.353178,
      "close_usd": 0,
      "volume": 0
    },
    {
      "update_date": 1737234000,
      "open": 0,
      "highest": 0,
      "lowest": 0,
      "close": 10.325802,
      "close_try": 10.325802,
      "close_usd": 0,
      "volume": 0
    },
    {
      "update_date": 1737320400,
      "open": 0,
      "highest": 0,
      "lowest": 0,
      "close": 10.269879,
      "close_try": 10.269879,
      "close_usd": 0,
      "volume": 0
    },
    {
      "update_date": 1737406800,
      "open": 0,
      "highest": 0,
      "lowest": 0,
      "close": 10.312476,
      "close_try": 10.312476,
      "close_usd": 0,
      "volume": 0
    },
    {
      "update_date": 1737493200,
      "open": 0,
      "highest": 0,
      "lowest": 0,
      "close": 10.2643,
      "close_try": 10.2643,
      "close_usd": 0,
      "volume": 0
    },
    {
      "update_date": 1737579600,
      "open": 0,
      "highest": 0,
      "lowest": 0,
      "close": 10.270278,
      "close_try": 10.270278,
      "close_usd": 0,
      "volume": 0
    },
    {
      "update_date": 1737666000,
      "open": 0,
      "highest": 0,
      "lowest": 0,
      "close": 10.359148,
      "close_try": 10.359148,
      "close_usd": 0,
      "volume": 0
    },
    {
      "update_date": 1737752400,
      "open": 0,
      "highest": 0,
      "lowest": 0,
      "close": 10.354127,
      "close_try": 10.354127,
      "close_usd": 0,
      "volume": 0
    },
    {
      "update_date": 1737838800,
      "open": 0,
      "highest": 0,
      "lowest": 0,
      "close": 10.354127,
      "close_try": 10.354127,
      "close_usd": 0,
      "volume": 0
    },
    {
      "update_date": 1737925200,
      "open": 0,
      "highest": 0,
      "lowest": 0,
      "close": 10.320299,
      "close_try": 10.320299,
      "close_usd": 0,
      "volume": 0
    },
    {
      "update_date": 1738011600,
      "open": 0,
      "highest": 0,
      "lowest": 0,
      "close": 10.334601,
      "close_try": 10.334601,
      "close_usd": 0,
      "volume": 0
    },
    {
      "update_date": 1738098000,
      "open": 0,
      "highest": 0,
      "lowest": 0,
      "close": 10.331812,
      "close_try": 10.331812,
      "close_usd": 0,
      "volume": 0
    },
    {
      "update_date": 1738184400,
      "open": 0,
      "highest": 0,
      "lowest": 0,
      "close": 10.323583,
      "close_try": 10.323583,
      "close_usd": 0,
      "volume": 0
    },
    {
      "update_date": 1738270800,
      "open": 0,
      "highest": 0,
      "lowest": 0,
      "close": 10.351337,
      "close_try": 10.351337,
      "close_usd": 0,
      "volume": 0
    },
    {
      "update_date": 1738357200,
      "open": 0,
      "highest": 0,
      "lowest": 0,
      "close": 10.351895,
      "close_try": 10.351895,
      "close_usd": 0,
      "volume": 0
    },
    {
      "update_date": 1738443600,
      "open": 0,
      "highest": 0,
      "lowest": 0,
      "close": 10.359705,
      "close_try": 10.359705,
      "close_usd": 0,
      "volume": 0
    },
    {
      "update_date": 1738530000,
      "open": 0,
      "highest": 0,
      "lowest": 0,
      "close": 10.349044,
      "close_try": 10.349044,
      "close_usd": 0,
      "volume": 0
    },
    {
      "update_date": 1738616400,
      "open": 0,
      "highest": 0,
      "lowest": 0,
      "close": 10.376442,
      "close_try": 10.376442,
      "close_usd": 0,
      "volume": 0
    },
    {
      "update_date": 1738702800,
      "open": 0,
      "highest": 0,
      "lowest": 0,
      "close": 10.348548,
      "close_try": 10.348548,
      "close_usd": 0,
      "volume": 0
    },
    {
      "update_date": 1738789200,
      "open": 0,
      "highest": 0,
      "lowest": 0,
      "close": 10.376442,
      "close_try": 10.376442,
      "close_usd": 0,
      "volume": 0
    },
    {
      "update_date": 1738875600,
      "open": 0,
      "highest": 0,
      "lowest": 0,
      "close": 10.348765,
      "close_try": 10.348765,
      "close_usd": 0,
      "volume": 0
    },
    {
      "update_date": 1738962000,
      "open": 0,
      "highest": 0,
      "lowest": 0,
      "close": 10.351414,
      "close_try": 10.351414,
      "close_usd": 0,
      "volume": 0
    },
    {
      "update_date": 1739048400,
      "open": 0,
      "highest": 0,
      "lowest": 0,
      "close": 10.351414,
      "close_try": 10.351414,
      "close_usd": 0,
      "volume": 0
    },
    {
      "update_date": 1739134800,
      "open": 0,
      "highest": 0,
      "lowest": 0,
      "close": 10.411109,
      "close_try": 10.411109,
      "close_usd": 0,
      "volume": 0
    },
    {
      "update_date": 1739221200,
      "open": 0,
      "highest": 0,
      "lowest": 0,
      "close": 10.40308,
      "close_try": 10.40308,
      "close_usd": 0,
      "volume": 0
    },
    {
      "update_date": 1739307600,
      "open": 0,
      "highest": 0,
      "lowest": 0,
      "close": 10.418282,
      "close_try": 10.418282,
      "close_usd": 0,
      "volume": 0
    },
    {
      "update_date": 1739394000,
      "open": 0,
      "highest": 0,
      "lowest": 0,
      "close": 10.407782,
      "close_try": 10.407782,
      "close_usd": 0,
      "volume": 0
    },
    {
      "update_date": 1739480400,
      "open": 0,
      "highest": 0,
      "lowest": 0,
      "close": 10.442614,
      "close_try": 10.442614,
      "close_usd": 0,
      "volume": 0
    },
    {
      "update_date": 1739566800,
      "open": 0,
      "highest": 0,
      "lowest": 0,
      "close": 10.442614,
      "close_try": 10.442614,
      "close_usd": 0,
      "volume": 0
    },
    {
      "update_date": 1739653200,
      "open": 0,
      "highest": 0,
      "lowest": 0,
      "close": 10.442614,
      "close_try": 10.442614,
      "close_usd": 0,
      "volume": 0
    },
    {
      "update_date": 1739739600,
      "open": 0,
      "highest": 0,
      "lowest": 0,
      "close": 10.455759,
      "close_try": 10.455759,
      "close_usd": 0,
      "volume": 0
    },
    {
      "update_date": 1739826000,
      "open": 0,
      "highest": 0,
      "lowest": 0,
      "close": 10.468566,
      "close_try": 10.468566,
      "close_usd": 0,
      "volume": 0
    },
    {
      "update_date": 1739912400,
      "open": 0,
      "highest": 0,
      "lowest": 0,
      "close": 10.475796,
      "close_try": 10.475796,
      "close_usd": 0,
      "volume": 0
    },
    {
      "update_date": 1739998800,
      "open": 0,
      "highest": 0,
      "lowest": 0,
      "close": 10.43755,
      "close_try": 10.43755,
      "close_usd": 0,
      "volume": 0
    },
    {
      "update_date": 1740085200,
      "open": 0,
      "highest": 0,
      "lowest": 0,
      "close": 10.512347,
      "close_try": 10.512347,
      "close_usd": 0,
      "volume": 0
    },
    {
      "update_date": 1740171600,
      "open": 0,
      "highest": 0,
      "lowest": 0,
      "close": 10.512347,
      "close_try": 10.512347,
      "close_usd": 0,
      "volume": 0
    },
    {
      "update_date": 1740258000,
      "open": 0,
      "highest": 0,
      "lowest": 0,
      "close": 10.512347,
      "close_try": 10.512347,
      "close_usd": 0,
      "volume": 0
    },
    {
      "update_date": 1740344400,
      "open": 0,
      "highest": 0,
      "lowest": 0,
      "close": 10.538724,
      "close_try": 10.538724,
      "close_usd": 0,
      "volume": 0
    },
    {
      "update_date": 1740430800,
      "open": 0,
      "highest": 0,
      "lowest": 0,
      "close": 10.458243,
      "close_try": 10.458243,
      "close_usd": 0,
      "volume": 0
    },
    {
      "update_date": 1740517200,
      "open": 0,
      "highest": 0,
      "lowest": 0,
      "close": 10.453556,
      "close_try": 10.453556,
      "close_usd": 0,
      "volume": 0
    },
    {
      "update_date": 1740603600,
      "open": 0,
      "highest": 0,
      "lowest": 0,
      "close": 10.479482,
      "close_try": 10.479482,
      "close_usd": 0,
      "volume": 0
    },
    {
      "update_date": 1740690000,
      "open": 0,
      "highest": 0,
      "lowest": 0,
      "close": 10.54228,
      "close_try": 10.54228,
      "close_usd": 0,
      "volume": 0
    },
    {
      "update_date": 1740776400,
      "open": 0,
      "highest": 0,
      "lowest": 0,
      "close": 10.54228,
      "close_try": 10.54228,
      "close_usd": 0,
      "volume": 0
    },
    {
      "update_date": 1740862800,
      "open": 0,
      "highest": 0,
      "lowest": 0,
      "close": 10.54228,
      "close_try": 10.54228,
      "close_usd": 0,
      "volume": 0
    },
    {
      "update_date": 1740949200,
      "open": 0,
      "highest": 0,
      "lowest": 0,
      "close": 10.472539,
      "close_try": 10.472539,
      "close_usd": 0,
      "volume": 0
    },
    {
      "update_date": 1741035600,
      "open": 0,
      "highest": 0,
      "lowest": 0,
      "close": 10.472539,
      "close_try": 10.472539,
      "close_usd": 0,
      "volume": 0
    },
    {
      "update_date": 1741122000,
      "open": 0,
      "highest": 0,
      "lowest": 0,
      "close": 10.472539,
      "close_try": 10.472539,
      "close_usd": 0,
      "volume": 0
    },
    {
      "update_date": 1741208400,
      "open": 0,
      "highest": 0,
      "lowest": 0,
      "close": 10.472539,
      "close_try": 10.472539,
      "close_usd": 0,
      "volume": 0
    },
    {
      "update_date": 1741294800,
      "open": 0,
      "highest": 0,
      "lowest": 0,
      "close": 10.533629,
      "close_try": 10.533629,
      "close_usd": 0,
      "volume": 0
    },
    {
      "update_date": 1741381200,
      "open": 0,
      "highest": 0,
      "lowest": 0,
      "close": 10.537758,
      "close_try": 10.537758,
      "close_usd": 0,
      "volume": 0
    },
    {
      "update_date": 1741467600,
      "open": 0,
      "highest": 0,
      "lowest": 0,
      "close": 10.53921,
      "close_try": 10.53921,
      "close_usd": 0,
      "volume": 0
    },
    {
      "update_date": 1741554000,
      "open": 0,
      "highest": 0,
      "lowest": 0,
      "close": 10.529768,
      "close_try": 10.529768,
      "close_usd": 0,
      "volume": 0
    },
    {
      "update_date": 1741640400,
      "open": 0,
      "highest": 0,
      "lowest": 0,
      "close": 10.555208,
      "close_try": 10.555208,
      "close_usd": 0,
      "volume": 0
    },
    {
      "update_date": 1741726800,
      "open": 0,
      "highest": 0,
      "lowest": 0,
      "close": 10.523015,
      "close_try": 10.523015,
      "close_usd": 0,
      "volume": 0
    },
    {
      "update_date": 1741813200,
      "open": 0,
      "highest": 0,
      "lowest": 0,
      "close": 10.53642,
      "close_try": 10.53642,
      "close_usd": 0,
      "volume": 0
    },
    {
      "update_date": 1741899600,
      "open": 0,
      "highest": 0,
      "lowest": 0,
      "close": 10.577683,
      "close_try": 10.577683,
      "close_usd": 0,
      "volume": 0
    },
    {
      "update_date": 1741986000,
      "open": 0,
      "highest": 0,
      "lowest": 0,
      "close": 10.577683,
      "close_try": 10.577683,
      "close_usd": 0,
      "volume": 0
    },
    {
      "update_date": 1742072400,
      "open": 0,
      "highest": 0,
      "lowest": 0,
      "close": 10.57573,
      "close_try": 10.57573,
      "close_usd": 0,
      "volume": 0
    },
    {
      "update_date": 1742158800,
      "open": 0,
      "highest": 0,
      "lowest": 0,
      "close": 10.534454,
      "close_try": 10.534454,
      "close_usd": 0,
      "volume": 0
    },
    {
      "update_date": 1742245200,
      "open": 0,
      "highest": 0,
      "lowest": 0,
      "close": 10.588216,
      "close_try": 10.588216,
      "close_usd": 0,
      "volume": 0
    },
    {
      "update_date": 1742331600,
      "open": 0,
      "highest": 0,
      "lowest": 0,
      "close": 11.07342,
      "close_try": 11.07342,
      "close_usd": 0,
      "volume": 0
    },
    {
      "update_date": 1742418000,
      "open": 0,
      "highest": 0,
      "lowest": 0,
      "close": 10.94806,
      "close_try": 10.94806,
      "close_usd": 0,
      "volume": 0
    },
    {
      "update_date": 1742504400,
      "open": 0,
      "highest": 0,
      "lowest": 0,
      "close": 11.081777,
      "close_try": 11.081777,
      "close_usd": 0,
      "volume": 0
    },
    {
      "update_date": 1742590800,
      "open": 0,
      "highest": 0,
      "lowest": 0,
      "close": 11.081777,
      "close_try": 11.081777,
      "close_usd": 0,
      "volume": 0
    },
    {
      "update_date": 1742677200,
      "open": 0,
      "highest": 0,
      "lowest": 0,
      "close": 11.026062,
      "close_try": 11.026062,
      "close_usd": 0,
      "volume": 0
    },
    {
      "update_date": 1742763600,
      "open": 0,
      "highest": 0,
      "lowest": 0,
      "close": 10.989847,
      "close_try": 10.989847,
      "close_usd": 0,
      "volume": 0
    },
    {
      "update_date": 1742850000,
      "open": 0,
      "highest": 0,
      "lowest": 0,
      "close": 10.989847,
      "close_try": 10.989847,
      "close_usd": 0,
      "volume": 0
    },
    {
      "update_date": 1742936400,
      "open": 0,
      "highest": 0,
      "lowest": 0,
      "close": 11.017704,
      "close_try": 11.017704,
      "close_usd": 0,
      "volume": 0
    },
    {
      "update_date": 1743022800,
      "open": 0,
      "highest": 0,
      "lowest": 0,
      "close": 10.889382,
      "close_try": 10.889382,
      "close_usd": 0,
      "volume": 0
    },
    {
      "update_date": 1743109200,
      "open": 0,
      "highest": 0,
      "lowest": 0,
      "close": 10.942425,
      "close_try": 10.942425,
      "close_usd": 0,
      "volume": 0
    },
    {
      "update_date": 1743195600,
      "open": 0,
      "highest": 0,
      "lowest": 0,
      "close": 10.942425,
      "close_try": 10.942425,
      "close_usd": 0,
      "volume": 0
    },
    {
      "update_date": 1743282000,
      "open": 0,
      "highest": 0,
      "lowest": 0,
      "close": 10.939638,
      "close_try": 10.939638,
      "close_usd": 0,
      "volume": 0
    },
    {
      "update_date": 1743368400,
      "open": 0,
      "highest": 0,
      "lowest": 0,
      "close": 10.949596,
      "close_try": 10.949596,
      "close_usd": 0,
      "volume": 0
    },
    {
      "update_date": 1743454800,
      "open": 0,
      "highest": 0,
      "lowest": 0,
      "close": 10.939638,
      "close_try": 10.939638,
      "close_usd": 0,
      "volume": 0
    },
    {
      "update_date": 1743541200,
      "open": 0,
      "highest": 0,
      "lowest": 0,
      "close": 10.894875,
      "close_try": 10.894875,
      "close_usd": 0,
      "volume": 0
    },
    {
      "update_date": 1743627600,
      "open": 0,
      "highest": 0,
      "lowest": 0,
      "close": 10.889382,
      "close_try": 10.889382,
      "close_usd": 0,
      "volume": 0
    },
    {
      "update_date": 1743714000,
      "open": 0,
      "highest": 0,
      "lowest": 0,
      "close": 10.977067,
      "close_try": 10.977067,
      "close_usd": 0,
      "volume": 0
    },
    {
      "update_date": 1743800400,
      "open": 0,
      "highest": 0,
      "lowest": 0,
      "close": 10.977067,
      "close_try": 10.977067,
      "close_usd": 0,
      "volume": 0
    },
    {
      "update_date": 1743886800,
      "open": 0,
      "highest": 0,
      "lowest": 0,
      "close": 10.956501,
      "close_try": 10.956501,
      "close_usd": 0,
      "volume": 0
    },
    {
      "update_date": 1743973200,
      "open": 0,
      "highest": 0,
      "lowest": 0,
      "close": 10.921207,
      "close_try": 10.921207,
      "close_usd": 0,
      "volume": 0
    },
    {
      "update_date": 1744059600,
      "open": 0,
      "highest": 0,
      "lowest": 0,
      "close": 10.883895,
      "close_try": 10.883895,
      "close_usd": 0,
      "volume": 0
    },
    {
      "update_date": 1744146000,
      "open": 0,
      "highest": 0,
      "lowest": 0,
      "close": 10.921812,
      "close_try": 10.921812,
      "close_usd": 0,
      "volume": 0
    },
    {
      "update_date": 1744232400,
      "open": 0,
      "highest": 0,
      "lowest": 0,
      "close": 10.889382,
      "close_try": 10.889382,
      "close_usd": 0,
      "volume": 0
    },
    {
      "update_date": 1744318800,
      "open": 0,
      "highest": 0,
      "lowest": 0,
      "close": 10.927145,
      "close_try": 10.927145,
      "close_usd": 0,
      "volume": 0
    },
    {
      "update_date": 1744405200,
      "open": 0,
      "highest": 0,
      "lowest": 0,
      "close": 10.927145,
      "close_try": 10.927145,
      "close_usd": 0,
      "volume": 0
    },
    {
      "update_date": 1744491600,
      "open": 0,
      "highest": 0,
      "lowest": 0,
      "close": 10.906114,
      "close_try": 10.906114,
      "close_usd": 0,
      "volume": 0
    },
    {
      "update_date": 1744578000,
      "open": 0,
      "highest": 0,
      "lowest": 0,
      "close": 10.92673,
      "close_try": 10.92673,
      "close_usd": 0,
      "volume": 0
    },
    {
      "update_date": 1744664400,
      "open": 0,
      "highest": 0,
      "lowest": 0,
      "close": 10.944187,
      "close_try": 10.944187,
      "close_usd": 0,
      "volume": 0
    },
    {
      "update_date": 1744750800,
      "open": 0,
      "highest": 0,
      "lowest": 0,
      "close": 10.941184,
      "close_try": 10.941184,
      "close_usd": 0,
      "volume": 0
    },
    {
      "update_date": 1744837200,
      "open": 0,
      "highest": 0,
      "lowest": 0,
      "close": 10.950994,
      "close_try": 10.950994,
      "close_usd": 0,
      "volume": 0
    },
    {
      "update_date": 1744923600,
      "open": 0,
      "highest": 0,
      "lowest": 0,
      "close": 10.990036,
      "close_try": 10.990036,
      "close_usd": 0,
      "volume": 0
    },
    {
      "update_date": 1745010000,
      "open": 0,
      "highest": 0,
      "lowest": 0,
      "close": 10.990036,
      "close_try": 10.990036,
      "close_usd": 0,
      "volume": 0
    },
    {
      "update_date": 1745096400,
      "open": 0,
      "highest": 0,
      "lowest": 0,
      "close": 10.949767,
      "close_try": 10.949767,
      "close_usd": 0,
      "volume": 0
    },
    {
      "update_date": 1745182800,
      "open": 0,
      "highest": 0,
      "lowest": 0,
      "close": 10.960452,
      "close_try": 10.960452,
      "close_usd": 0,
      "volume": 0
    },
    {
      "update_date": 1745269200,
      "open": 0,
      "highest": 0,
      "lowest": 0,
      "close": 10.987847,
      "close_try": 10.987847,
      "close_usd": 0,
      "volume": 0
    },
    {
      "update_date": 1745355600,
      "open": 0,
      "highest": 0,
      "lowest": 0,
      "close": 10.994835,
      "close_try": 10.994835,
      "close_usd": 0,
      "volume": 0
    },
    {
      "update_date": 1745442000,
      "open": 0,
      "highest": 0,
      "lowest": 0,
      "close": 11.00055,
      "close_try": 11.00055,
      "close_usd": 0,
      "volume": 0
    },
    {
      "update_date": 1745528400,
      "open": 0,
      "highest": 0,
      "lowest": 0,
      "close": 11.034795,
      "close_try": 11.034795,
      "close_usd": 0,
      "volume": 0
    },
    {
      "update_date": 1745614800,
      "open": 0,
      "highest": 0,
      "lowest": 0,
      "close": 11.034795,
      "close_try": 11.034795,
      "close_usd": 0,
      "volume": 0
    },
    {
      "update_date": 1745701200,
      "open": 0,
      "highest": 0,
      "lowest": 0,
      "close": 11.000138,
      "close_try": 11.000138,
      "close_usd": 0,
      "volume": 0
    },
    {
      "update_date": 1745787600,
      "open": 0,
      "highest": 0,
      "lowest": 0,
      "close": 11.018813,
      "close_try": 11.018813,
      "close_usd": 0,
      "volume": 0
    },
    {
      "update_date": 1745874000,
      "open": 0,
      "highest": 0,
      "lowest": 0,
      "close": 11.081468,
      "close_try": 11.081468,
      "close_usd": 0,
      "volume": 0
    },
    {
      "update_date": 1745960400,
      "open": 0,
      "highest": 0,
      "lowest": 0,
      "close": 11.071869,
      "close_try": 11.071869,
      "close_usd": 0,
      "volume": 0
    },
    {
      "update_date": 1746046800,
      "open": 0,
      "highest": 0,
      "lowest": 0,
      "close": 11.084107,
      "close_try": 11.084107,
      "close_usd": 0,
      "volume": 0
    },
    {
      "update_date": 1746133200,
      "open": 0,
      "highest": 0,
      "lowest": 0,
      "close": 11.081445,
      "close_try": 11.081445,
      "close_usd": 0,
      "volume": 0
    },
    {
      "update_date": 1746219600,
      "open": 0,
      "highest": 0,
      "lowest": 0,
      "close": 11.081445,
      "close_try": 11.081445,
      "close_usd": 0,
      "volume": 0
    },
    {
      "update_date": 1746306000,
      "open": 0,
      "highest": 0,
      "lowest": 0,
      "close": 11.04847,
      "close_try": 11.04847,
      "close_usd": 0,
      "volume": 0
    },
    {
      "update_date": 1746392400,
      "open": 0,
      "highest": 0,
      "lowest": 0,
      "close": 11.072315,
      "close_try": 11.072315,
      "close_usd": 0,
      "volume": 0
    },
    {
      "update_date": 1746478800,
      "open": 0,
      "highest": 0,
      "lowest": 0,
      "close": 10.905559,
      "close_try": 10.905559,
      "close_usd": 0,
      "volume": 0
    },
    {
      "update_date": 1746565200,
      "open": 0,
      "highest": 0,
      "lowest": 0,
      "close": 11.096215,
      "close_try": 11.096215,
      "close_usd": 0,
      "volume": 0
    },
    {
      "update_date": 1746651600,
      "open": 0,
      "highest": 0,
      "lowest": 0,
      "close": 11.085985,
      "close_try": 11.085985,
      "close_usd": 0,
      "volume": 0
    },
    {
      "update_date": 1746738000,
      "open": 0,
      "highest": 0,
      "lowest": 0,
      "close": 11.13179,
      "close_try": 11.13179,
      "close_usd": 0,
      "volume": 0
    },
    {
      "update_date": 1746824400,
      "open": 0,
      "highest": 0,
      "lowest": 0,
      "close": 11.13179,
      "close_try": 11.13179,
      "close_usd": 0,
      "volume": 0
    },
    {
      "update_date": 1746910800,
      "open": 0,
      "highest": 0,
      "lowest": 0,
      "close": 11.097746,
      "close_try": 11.097746,
      "close_usd": 0,
      "volume": 0
    },
    {
      "update_date": 1746997200,
      "open": 0,
      "highest": 0,
      "lowest": 0,
      "close": 11.140102,
      "close_try": 11.140102,
      "close_usd": 0,
      "volume": 0
    },
    {
      "update_date": 1747083600,
      "open": 0,
      "highest": 0,
      "lowest": 0,
      "close": 11.131853,
      "close_try": 11.131853,
      "close_usd": 0,
      "volume": 0
    },
    {
      "update_date": 1747170000,
      "open": 0,
      "highest": 0,
      "lowest": 0,
      "close": 11.115091,
      "close_try": 11.115091,
      "close_usd": 0,
      "volume": 0
    },
    {
      "update_date": 1747256400,
      "open": 0,
      "highest": 0,
      "lowest": 0,
      "close": 11.113839,
      "close_try": 11.113839,
      "close_usd": 0,
      "volume": 0
    },
    {
      "update_date": 1747342800,
      "open": 0,
      "highest": 0,
      "lowest": 0,
      "close": 11.22855,
      "close_try": 11.22855,
      "close_usd": 0,
      "volume": 0
    },
    {
      "update_date": 1747429200,
      "open": 0,
      "highest": 0,
      "lowest": 0,
      "close": 11.22855,
      "close_try": 11.22855,
      "close_usd": 0,
      "volume": 0
    },
    {
      "update_date": 1747515600,
      "open": 0,
      "highest": 0,
      "lowest": 0,
      "close": 11.209355,
      "close_try": 11.209355,
      "close_usd": 0,
      "volume": 0
    },
    {
      "update_date": 1747602000,
      "open": 0,
      "highest": 0,
      "lowest": 0,
      "close": 11.220619,
      "close_try": 11.220619,
      "close_usd": 0,
      "volume": 0
    },
    {
      "update_date": 1747688400,
      "open": 0,
      "highest": 0,
      "lowest": 0,
      "close": 11.181104,
      "close_try": 11.181104,
      "close_usd": 0,
      "volume": 0
    },
    {
      "update_date": 1747774800,
      "open": 0,
      "highest": 0,
      "lowest": 0,
      "close": 11.192553,
      "close_try": 11.192553,
      "close_usd": 0,
      "volume": 0
    },
    {
      "update_date": 1747861200,
      "open": 0,
      "highest": 0,
      "lowest": 0,
      "close": 11.199184,
      "close_try": 11.199184,
      "close_usd": 0,
      "volume": 0
    },
    {
      "update_date": 1747947600,
      "open": 0,
      "highest": 0,
      "lowest": 0,
      "close": 11.233169,
      "close_try": 11.233169,
      "close_usd": 0,
      "volume": 0
    },
    {
      "update_date": 1748034000,
      "open": 0,
      "highest": 0,
      "lowest": 0,
      "close": 11.233169,
      "close_try": 11.233169,
      "close_usd": 0,
      "volume": 0
    },
    {
      "update_date": 1748120400,
      "open": 0,
      "highest": 0,
      "lowest": 0,
      "close": 11.198199,
      "close_try": 11.198199,
      "close_usd": 0,
      "volume": 0
    },
    {
      "update_date": 1748206800,
      "open": 0,
      "highest": 0,
      "lowest": 0,
      "close": 11.205553,
      "close_try": 11.205553,
      "close_usd": 0,
      "volume": 0
    },
    {
      "update_date": 1748293200,
      "open": 0,
      "highest": 0,
      "lowest": 0,
      "close": 11.233668,
      "close_try": 11.233668,
      "close_usd": 0,
      "volume": 0
    },
    {
      "update_date": 1748379600,
      "open": 0,
      "highest": 0,
      "lowest": 0,
      "close": 11.258519,
      "close_try": 11.258519,
      "close_usd": 0,
      "volume": 0
    },
    {
      "update_date": 1748466000,
      "open": 0,
      "highest": 0,
      "lowest": 0,
      "close": 11.252974,
      "close_try": 11.252974,
      "close_usd": 0,
      "volume": 0
    },
    {
      "update_date": 1748552400,
      "open": 0,
      "highest": 0,
      "lowest": 0,
      "close": 11.293827,
      "close_try": 11.293827,
      "close_usd": 0,
      "volume": 0
    },
    {
      "update_date": 1748638800,
      "open": 0,
      "highest": 0,
      "lowest": 0,
      "close": 11.293827,
      "close_try": 11.293827,
      "close_usd": 0,
      "volume": 0
    },
    {
      "update_date": 1748725200,
      "open": 0,
      "highest": 0,
      "lowest": 0,
      "close": 11.273504,
      "close_try": 11.273504,
      "close_usd": 0,
      "volume": 0
    },
    {
      "update_date": 1748811600,
      "open": 0,
      "highest": 0,
      "lowest": 0,
      "close": 11.281664,
      "close_try": 11.281664,
      "close_usd": 0,
      "volume": 0
    },
    {
      "update_date": 1748898000,
      "open": 0,
      "highest": 0,
      "lowest": 0,
      "close": 11.29117,
      "close_try": 11.29117,
      "close_usd": 0,
      "volume": 0
    },
    {
      "update_date": 1748984400,
      "open": 0,
      "highest": 0,
      "lowest": 0,
      "close": 11.283223,
      "close_try": 11.283223,
      "close_usd": 0,
      "volume": 0
    },
    {
      "update_date": 1749070800,
      "open": 0,
      "highest": 0,
      "lowest": 0,
      "close": 11.273435,
      "close_try": 11.273435,
      "close_usd": 0,
      "volume": 0
    },
    {
      "update_date": 1749157200,
      "open": 0,
      "highest": 0,
      "lowest": 0,
      "close": 11.255259,
      "close_try": 11.255259,
      "close_usd": 0,
      "volume": 0
    },
    {
      "update_date": 1749243600,
      "open": 0,
      "highest": 0,
      "lowest": 0,
      "close": 11.255259,
      "close_try": 11.255259,
      "close_usd": 0,
      "volume": 0
    },
    {
      "update_date": 1749330000,
      "open": 0,
      "highest": 0,
      "lowest": 0,
      "close": 11.255259,
      "close_try": 11.255259,
      "close_usd": 0,
      "volume": 0
    },
    {
      "update_date": 1749416400,
      "open": 0,
      "highest": 0,
      "lowest": 0,
      "close": 11.276232,
      "close_try": 11.276232,
      "close_usd": 0,
      "volume": 0
    },
    {
      "update_date": 1749502800,
      "open": 0,
      "highest": 0,
      "lowest": 0,
      "close": 11.264287,
      "close_try": 11.264287,
      "close_usd": 0,
      "volume": 0
    },
    {
      "update_date": 1749589200,
      "open": 0,
      "highest": 0,
      "lowest": 0,
      "close": 11.254013,
      "close_try": 11.254013,
      "close_usd": 0,
      "volume": 0
    },
    {
      "update_date": 1749675600,
      "open": 0,
      "highest": 0,
      "lowest": 0,
      "close": 11.334155,
      "close_try": 11.334155,
      "close_usd": 0,
      "volume": 0
    },
    {
      "update_date": 1749762000,
      "open": 0,
      "highest": 0,
      "lowest": 0,
      "close": 11.489406,
      "close_try": 11.489406,
      "close_usd": 0,
      "volume": 0
    },
    {
      "update_date": 1749848400,
      "open": 0,
      "highest": 0,
      "lowest": 0,
      "close": 11.489406,
      "close_try": 11.489406,
      "close_usd": 0,
      "volume": 0
    },
    {
      "update_date": 1749934800,
      "open": 0,
      "highest": 0,
      "lowest": 0,
      "close": 11.440944,
      "close_try": 11.440944,
      "close_usd": 0,
      "volume": 0
    },
    {
      "update_date": 1750021200,
      "open": 0,
      "highest": 0,
      "lowest": 0,
      "close": 11.305246,
      "close_try": 11.305246,
      "close_usd": 0,
      "volume": 0
    },
    {
      "update_date": 1750107600,
      "open": 0,
      "highest": 0,
      "lowest": 0,
      "close": 11.328235,
      "close_try": 11.328235,
      "close_usd": 0,
      "volume": 0
    },
    {
      "update_date": 1750194000,
      "open": 0,
      "highest": 0,
      "lowest": 0,
      "close": 11.379524,
      "close_try": 11.379524,
      "close_usd": 0,
      "volume": 0
    },
    {
      "update_date": 1750280400,
      "open": 0,
      "highest": 0,
      "lowest": 0,
      "close": 11.36551,
      "close_try": 11.36551,
      "close_usd": 0,
      "volume": 0
    },
    {
      "update_date": 1750366800,
      "open": 0,
      "highest": 0,
      "lowest": 0,
      "close": 11.417988,
      "close_try": 11.417988,
      "close_usd": 0,
      "volume": 0
    },
    {
      "update_date": 1750453200,
      "open": 0,
      "highest": 0,
      "lowest": 0,
      "close": 11.417988,
      "close_try": 11.417988,
      "close_usd": 0,
      "volume": 0
    },
    {
      "update_date": 1750539600,
      "open": 0,
      "highest": 0,
      "lowest": 0,
      "close": 11.392378,
      "close_try": 11.392378,
      "close_usd": 0,
      "volume": 0
    },
    {
      "update_date": 1750626000,
      "open": 0,
      "highest": 0,
      "lowest": 0,
      "close": 11.562691,
      "close_try": 11.562691,
      "close_usd": 0,
      "volume": 0
    },
    {
      "update_date": 1750712400,
      "open": 0,
      "highest": 0,
      "lowest": 0,
      "close": 11.384377,
      "close_try": 11.384377,
      "close_usd": 0,
      "volume": 0
    },
    {
      "update_date": 1750798800,
      "open": 0,
      "highest": 0,
      "lowest": 0,
      "close": 11.426282,
      "close_try": 11.426282,
      "close_usd": 0,
      "volume": 0
    },
    {
      "update_date": 1750885200,
      "open": 0,
      "highest": 0,
      "lowest": 0,
      "close": 11.43056,
      "close_try": 11.43056,
      "close_usd": 0,
      "volume": 0
    },
    {
      "update_date": 1750971600,
      "open": 0,
      "highest": 0,
      "lowest": 0,
      "close": 11.530093,
      "close_try": 11.530093,
      "close_usd": 0,
      "volume": 0
    },
    {
      "update_date": 1751058000,
      "open": 0,
      "highest": 0,
      "lowest": 0,
      "close": 11.530093,
      "close_try": 11.530093,
      "close_usd": 0,
      "volume": 0
    },
    {
      "update_date": 1751144400,
      "open": 0,
      "highest": 0,
      "lowest": 0,
      "close": 11.485684,
      "close_try": 11.485684,
      "close_usd": 0,
      "volume": 0
    },
    {
      "update_date": 1751230800,
      "open": 0,
      "highest": 0,
      "lowest": 0,
      "close": 11.448815,
      "close_try": 11.448815,
      "close_usd": 0,
      "volume": 0
    },
    {
      "update_date": 1751317200,
      "open": 0,
      "highest": 0,
      "lowest": 0,
      "close": 11.455218,
      "close_try": 11.455218,
      "close_usd": 0,
      "volume": 0
    },
    {
      "update_date": 1751403600,
      "open": 0,
      "highest": 0,
      "lowest": 0,
      "close": 11.413257,
      "close_try": 11.413257,
      "close_usd": 0,
      "volume": 0
    },
    {
      "update_date": 1751490000,
      "open": 0,
      "highest": 0,
      "lowest": 0,
      "close": 11.448224,
      "close_try": 11.448224,
      "close_usd": 0,
      "volume": 0
    },
    {
      "update_date": 1751576400,
      "open": 0,
      "highest": 0,
      "lowest": 0,
      "close": 11.499757,
      "close_try": 11.499757,
      "close_usd": 0,
      "volume": 0
    },
    {
      "update_date": 1751662800,
      "open": 0,
      "highest": 0,
      "lowest": 0,
      "close": 11.454837,
      "close_try": 11.454837,
      "close_usd": 0,
      "volume": 0
    },
    {
      "update_date": 1751749200,
      "open": 0,
      "highest": 0,
      "lowest": 0,
      "close": 11.485465,
      "close_try": 11.485465,
      "close_usd": 0,
      "volume": 0
    },
    {
      "update_date": 1751835600,
      "open": 0,
      "highest": 0,
      "lowest": 0,
      "close": 11.497712,
      "close_try": 11.497712,
      "close_usd": 0,
      "volume": 0
    },
    {
      "update_date": 1751922000,
      "open": 0,
      "highest": 0,
      "lowest": 0,
      "close": 11.500607,
      "close_try": 11.500607,
      "close_usd": 0,
      "volume": 0
    },
    {
      "update_date": 1752008400,
      "open": 0,
      "highest": 0,
      "lowest": 0,
      "close": 11.51073,
      "close_try": 11.51073,
      "close_usd": 0,
      "volume": 0
    },
    {
      "update_date": 1752094800,
      "open": 0,
      "highest": 0,
      "lowest": 0,
      "close": 11.474113,
      "close_try": 11.474113,
      "close_usd": 0,
      "volume": 0
    },
    {
      "update_date": 1752181200,
      "open": 0,
      "highest": 0,
      "lowest": 0,
      "close": 11.542783,
      "close_try": 11.542783,
      "close_usd": 0,
      "volume": 0
    },
    {
      "update_date": 1752267600,
      "open": 0,
      "highest": 0,
      "lowest": 0,
      "close": 11.542783,
      "close_try": 11.542783,
      "close_usd": 0,
      "volume": 0
    },
    {
      "update_date": 1752354000,
      "open": 0,
      "highest": 0,
      "lowest": 0,
      "close": 11.517976,
      "close_try": 11.517976,
      "close_usd": 0,
      "volume": 0
    },
    {
      "update_date": 1752440400,
      "open": 0,
      "highest": 0,
      "lowest": 0,
      "close": 11.574715,
      "close_try": 11.574715,
      "close_usd": 0,
      "volume": 0
    },
    {
      "update_date": 1752526800,
      "open": 0,
      "highest": 0,
      "lowest": 0,
      "close": 11.573357,
      "close_try": 11.573357,
      "close_usd": 0,
      "volume": 0
    },
    {
      "update_date": 1752613200,
      "open": 0,
      "highest": 0,
      "lowest": 0,
      "close": 11.565606,
      "close_try": 11.565606,
      "close_usd": 0,
      "volume": 0
    },
    {
      "update_date": 1752699600,
      "open": 0,
      "highest": 0,
      "lowest": 0,
      "close": 11.565648,
      "close_try": 11.565648,
      "close_usd": 0,
      "volume": 0
    },
    {
      "update_date": 1752786000,
      "open": 0,
      "highest": 0,
      "lowest": 0,
      "close": 11.60563,
      "close_try": 11.60563,
      "close_usd": 0,
      "volume": 0
    },
    {
      "update_date": 1752872400,
      "open": 0,
      "highest": 0,
      "lowest": 0,
      "close": 11.588672,
      "close_try": 11.588672,
      "close_usd": 0,
      "volume": 0
    },
    {
      "update_date": 1752958800,
      "open": 0,
      "highest": 0,
      "lowest": 0,
      "close": 11.588672,
      "close_try": 11.588672,
      "close_usd": 0,
      "volume": 0
    },
    {
      "update_date": 1753045200,
      "open": 0,
      "highest": 0,
      "lowest": 0,
      "close": 11.607552,
      "close_try": 11.607552,
      "close_usd": 0,
      "volume": 0
    },
    {
      "update_date": 1753131600,
      "open": 0,
      "highest": 0,
      "lowest": 0,
      "close": 11.610913,
      "close_try": 11.610913,
      "close_usd": 0,
      "volume": 0
    },
    {
      "update_date": 1753218000,
      "open": 0,
      "highest": 0,
      "lowest": 0,
      "close": 11.620881,
      "close_try": 11.620881,
      "close_usd": 0,
      "volume": 0
    },
    {
      "update_date": 1753304400,
      "open": 0,
      "highest": 0,
      "lowest": 0,
      "close": 11.548431,
      "close_try": 11.548431,
      "close_usd": 0,
      "volume": 0
    },
    {
      "update_date": 1753390800,
      "open": 0,
      "highest": 0,
      "lowest": 0,
      "close": 11.649554,
      "close_try": 11.649554,
      "close_usd": 0,
      "volume": 0
    },
    {
      "update_date": 1753477200,
      "open": 0,
      "highest": 0,
      "lowest": 0,
      "close": 11.649554,
      "close_try": 11.649554,
      "close_usd": 0,
      "volume": 0
    },
    {
      "update_date": 1753563600,
      "open": 0,
      "highest": 0,
      "lowest": 0,
      "close": 11.622913,
      "close_try": 11.622913,
      "close_usd": 0,
      "volume": 0
    },
    {
      "update_date": 1753650000,
      "open": 0,
      "highest": 0,
      "lowest": 0,
      "close": 11.653325,
      "close_try": 11.653325,
      "close_usd": 0,
      "volume": 0
    },
    {
      "update_date": 1753736400,
      "open": 0,
      "highest": 0,
      "lowest": 0,
      "close": 11.708406,
      "close_try": 11.708406,
      "close_usd": 0,
      "volume": 0
    },
    {
      "update_date": 1753822800,
      "open": 0,
      "highest": 0,
      "lowest": 0,
      "close": 11.659235,
      "close_try": 11.659235,
      "close_usd": 0,
      "volume": 0
    },
    {
      "update_date": 1753909200,
      "open": 0,
      "highest": 0,
      "lowest": 0,
      "close": 11.712091,
      "close_try": 11.712091,
      "close_usd": 0,
      "volume": 0
    },
    {
      "update_date": 1753995600,
      "open": 0,
      "highest": 0,
      "lowest": 0,
      "close": 11.705089,
      "close_try": 11.705089,
      "close_usd": 0,
      "volume": 0
    },
    {
      "update_date": 1754082000,
      "open": 0,
      "highest": 0,
      "lowest": 0,
      "close": 11.705089,
      "close_try": 11.705089,
      "close_usd": 0,
      "volume": 0
    },
    {
      "update_date": 1754168400,
      "open": 0,
      "highest": 0,
      "lowest": 0,
      "close": 11.63135,
      "close_try": 11.63135,
      "close_usd": 0,
      "volume": 0
    },
    {
      "update_date": 1754254800,
      "open": 0,
      "highest": 0,
      "lowest": 0,
      "close": 11.714138,
      "close_try": 11.714138,
      "close_usd": 0,
      "volume": 0
    },
    {
      "update_date": 1754341200,
      "open": 0,
      "highest": 0,
      "lowest": 0,
      "close": 11.711575,
      "close_try": 11.711575,
      "close_usd": 0,
      "volume": 0
    },
    {
      "update_date": 1754427600,
      "open": 0,
      "highest": 0,
      "lowest": 0,
      "close": 11.730162,
      "close_try": 11.730162,
      "close_usd": 0,
      "volume": 0
    },
    {
      "update_date": 1754514000,
      "open": 0,
      "highest": 0,
      "lowest": 0,
      "close": 11.721139,
      "close_try": 11.721139,
      "close_usd": 0,
      "volume": 0
    },
    {
      "update_date": 1754600400,
      "open": 0,
      "highest": 0,
      "lowest": 0,
      "close": 11.735143,
      "close_try": 11.735143,
      "close_usd": 0,
      "volume": 0
    },
    {
      "update_date": 1754686800,
      "open": 0,
      "highest": 0,
      "lowest": 0,
      "close": 11.735143,
      "close_try": 11.735143,
      "close_usd": 0,
      "volume": 0
    },
    {
      "update_date": 1754773200,
      "open": 0,
      "highest": 0,
      "lowest": 0,
      "close": 11.711392,
      "close_try": 11.711392,
      "close_usd": 0,
      "volume": 0
    },
    {
      "update_date": 1754859600,
      "open": 0,
      "highest": 0,
      "lowest": 0,
      "close": 11.738133,
      "close_try": 11.738133,
      "close_usd": 0,
      "volume": 0
    },
    {
      "update_date": 1754946000,
      "open": 0,
      "highest": 0,
      "lowest": 0,
      "close": 11.739673,
      "close_try": 11.739673,
      "close_usd": 0,
      "volume": 0
    },
    {
      "update_date": 1755032400,
      "open": 0,
      "highest": 0,
      "lowest": 0,
      "close": 11.748724,
      "close_try": 11.748724,
      "close_usd": 0,
      "volume": 0
    },
    {
      "update_date": 1755118800,
      "open": 0,
      "highest": 0,
      "lowest": 0,
      "close": 11.743993,
      "close_try": 11.743993,
      "close_usd": 0,
      "volume": 0
    },
    {
      "update_date": 1755205200,
      "open": 0,
      "highest": 0,
      "lowest": 0,
      "close": 11.785277,
      "close_try": 11.785277,
      "close_usd": 0,
      "volume": 0
    },
    {
      "update_date": 1755291600,
      "open": 0,
      "highest": 0,
      "lowest": 0,
      "close": 11.785277,
      "close_try": 11.785277,
      "close_usd": 0,
      "volume": 0
    },
    {
      "update_date": 1755378000,
      "open": 0,
      "highest": 0,
      "lowest": 0,
      "close": 11.728771,
      "close_try": 11.728771,
      "close_usd": 0,
      "volume": 0
    },
    {
      "update_date": 1755464400,
      "open": 0,
      "highest": 0,
      "lowest": 0,
      "close": 11.787097,
      "close_try": 11.787097,
      "close_usd": 0,
      "volume": 0
    },
    {
      "update_date": 1755550800,
      "open": 0,
      "highest": 0,
      "lowest": 0,
      "close": 11.790132,
      "close_try": 11.790132,
      "close_usd": 0,
      "volume": 0
    },
    {
      "update_date": 1755637200,
      "open": 0,
      "highest": 0,
      "lowest": 0,
      "close": 11.799471,
      "close_try": 11.799471,
      "close_usd": 0,
      "volume": 0
    },
    {
      "update_date": 1755723600,
      "open": 0,
      "highest": 0,
      "lowest": 0,
      "close": 11.766285,
      "close_try": 11.766285,
      "close_usd": 0,
      "volume": 0
    },
    {
      "update_date": 1755810000,
      "open": 0,
      "highest": 0,
      "lowest": 0,
      "close": 11.810039,
      "close_try": 11.810039,
      "close_usd": 0,
      "volume": 0
    },
    {
      "update_date": 1755896400,
      "open": 0,
      "highest": 0,
      "lowest": 0,
      "close": 11.810039,
      "close_try": 11.810039,
      "close_usd": 0,
      "volume": 0
    },
    {
      "update_date": 1755982800,
      "open": 0,
      "highest": 0,
      "lowest": 0,
      "close": 11.722833,
      "close_try": 11.722833,
      "close_usd": 0,
      "volume": 0
    },
    {
      "update_date": 1756069200,
      "open": 0,
      "highest": 0,
      "lowest": 0,
      "close": 11.772569,
      "close_try": 11.772569,
      "close_usd": 0,
      "volume": 0
    },
    {
      "update_date": 1756155600,
      "open": 0,
      "highest": 0,
      "lowest": 0,
      "close": 11.81319,
      "close_try": 11.81319,
      "close_usd": 0,
      "volume": 0
    },
    {
      "update_date": 1756242000,
      "open": 0,
      "highest": 0,
      "lowest": 0,
      "close": 11.81193,
      "close_try": 11.81193,
      "close_usd": 0,
      "volume": 0
    },
    {
      "update_date": 1756328400,
      "open": 0,
      "highest": 0,
      "lowest": 0,
      "close": 11.792772,
      "close_try": 11.792772,
      "close_usd": 0,
      "volume": 0
    },
    {
      "update_date": 1756414800,
      "open": 0,
      "highest": 0,
      "lowest": 0,
      "close": 11.786534,
      "close_try": 11.786534,
      "close_usd": 0,
      "volume": 0
    },
    {
      "update_date": 1756501200,
      "open": 0,
      "highest": 0,
      "lowest": 0,
      "close": 11.786534,
      "close_try": 11.786534,
      "close_usd": 0,
      "volume": 0
    },
    {
      "update_date": 1756587600,
      "open": 0,
      "highest": 0,
      "lowest": 0,
      "close": 11.74406,
      "close_try": 11.74406,
      "close_usd": 0,
      "volume": 0
    },
    {
      "update_date": 1756674000,
      "open": 0,
      "highest": 0,
      "lowest": 0,
      "close": 11.833261,
      "close_try": 11.833261,
      "close_usd": 0,
      "volume": 0
    },
    {
      "update_date": 1756760400,
      "open": 0,
      "highest": 0,
      "lowest": 0,
      "close": 11.906664,
      "close_try": 11.906664,
      "close_usd": 0,
      "volume": 0
    },
    {
      "update_date": 1756846800,
      "open": 0,
      "highest": 0,
      "lowest": 0,
      "close": 11.789327,
      "close_try": 11.789327,
      "close_usd": 0,
      "volume": 0
    },
    {
      "update_date": 1756933200,
      "open": 0,
      "highest": 0,
      "lowest": 0,
      "close": 11.86554,
      "close_try": 11.86554,
      "close_usd": 0,
      "volume": 0
    },
    {
      "update_date": 1757019600,
      "open": 0,
      "highest": 0,
      "lowest": 0,
      "close": 11.861509,
      "close_try": 11.861509,
      "close_usd": 0,
      "volume": 0
    },
    {
      "update_date": 1757106000,
      "open": 0,
      "highest": 0,
      "lowest": 0,
      "close": 11.861509,
      "close_try": 11.861509,
      "close_usd": 0,
      "volume": 0
    },
    {
      "update_date": 1757192400,
      "open": 0,
      "highest": 0,
      "lowest": 0,
      "close": 11.789978,
      "close_try": 11.789978,
      "close_usd": 0,
      "volume": 0
    },
    {
      "update_date": 1757278800,
      "open": 0,
      "highest": 0,
      "lowest": 0,
      "close": 11.832858,
      "close_try": 11.832858,
      "close_usd": 0,
      "volume": 0
    },
    {
      "update_date": 1757365200,
      "open": 0,
      "highest": 0,
      "lowest": 0,
      "close": 11.955336,
      "close_try": 11.955336,
      "close_usd": 0,
      "volume": 0
    },
    {
      "update_date": 1757451600,
      "open": 0,
      "highest": 0,
      "lowest": 0,
      "close": 11.848068,
      "close_try": 11.848068,
      "close_usd": 0,
      "volume": 0
    },
    {
      "update_date": 1757538000,
      "open": 0,
      "highest": 0,
      "lowest": 0,
      "close": 11.84774,
      "close_try": 11.84774,
      "close_usd": 0,
      "volume": 0
    },
    {
      "update_date": 1757624400,
      "open": 0,
      "highest": 0,
      "lowest": 0,
      "close": 11.89314,
      "close_try": 11.89314,
      "close_usd": 0,
      "volume": 0
    },
    {
      "update_date": 1757710800,
      "open": 0,
      "highest": 0,
      "lowest": 0,
      "close": 11.89314,
      "close_try": 11.89314,
      "close_usd": 0,
      "volume": 0
    },
    {
      "update_date": 1757797200,
      "open": 0,
      "highest": 0,
      "lowest": 0,
      "close": 11.819199,
      "close_try": 11.819199,
      "close_usd": 0,
      "volume": 0
    },
    {
      "update_date": 1757883600,
      "open": 0,
      "highest": 0,
      "lowest": 0,
      "close": 11.850487,
      "close_try": 11.850487,
      "close_usd": 0,
      "volume": 0
    },
    {
      "update_date": 1757970000,
      "open": 0,
      "highest": 0,
      "lowest": 0,
      "close": 11.839886,
      "close_try": 11.839886,
      "close_usd": 0,
      "volume": 0
    },
    {
      "update_date": 1758056400,
      "open": 0,
      "highest": 0,
      "lowest": 0,
      "close": 11.87676,
      "close_try": 11.87676,
      "close_usd": 0,
      "volume": 0
    },
    {
      "update_date": 1758142800,
      "open": 0,
      "highest": 0,
      "lowest": 0,
      "close": 11.908624,
      "close_try": 11.908624,
      "close_usd": 0,
      "volume": 0
    },
    {
      "update_date": 1758229200,
      "open": 0,
      "highest": 0,
      "lowest": 0,
      "close": 11.948258,
      "close_try": 11.948258,
      "close_usd": 0,
      "volume": 0
    },
    {
      "update_date": 1758315600,
      "open": 0,
      "highest": 0,
      "lowest": 0,
      "close": 11.948258,
      "close_try": 11.948258,
      "close_usd": 0,
      "volume": 0
    },
    {
      "update_date": 1758402000,
      "open": 0,
      "highest": 0,
      "lowest": 0,
      "close": 11.918966,
      "close_try": 11.918966,
      "close_usd": 0,
      "volume": 0
    },
    {
      "update_date": 1758488400,
      "open": 0,
      "highest": 0,
      "lowest": 0,
      "close": 11.94157,
      "close_try": 11.94157,
      "close_usd": 0,
      "volume": 0
    },
    {
      "update_date": 1758574800,
      "open": 0,
      "highest": 0,
      "lowest": 0,
      "close": 11.955581,
      "close_try": 11.955581,
      "close_usd": 0,
      "volume": 0
    },
    {
      "update_date": 1758661200,
      "open": 0,
      "highest": 0,
      "lowest": 0,
      "close": 11.966902,
      "close_try": 11.966902,
      "close_usd": 0,
      "volume": 0
    },
    {
      "update_date": 1758747600,
      "open": 0,
      "highest": 0,
      "lowest": 0,
      "close": 12.001765,
      "close_try": 12.001765,
      "close_usd": 0,
      "volume": 0
    },
    {
      "update_date": 1758834000,
      "open": 0,
      "highest": 0,
      "lowest": 0,
      "close": 11.907785,
      "close_try": 11.907785,
      "close_usd": 0,
      "volume": 0
    },
    {
      "update_date": 1758920400,
      "open": 0,
      "highest": 0,
      "lowest": 0,
      "close": 11.889625,
      "close_try": 11.889625,
      "close_usd": 0,
      "volume": 0
    },
    {
      "update_date": 1759006800,
      "open": 0,
      "highest": 0,
      "lowest": 0,
      "close": 11.860146,
      "close_try": 11.860146,
      "close_usd": 0,
      "volume": 0
    },
    {
      "update_date": 1759093200,
      "open": 0,
      "highest": 0,
      "lowest": 0,
      "close": 11.924223,
      "close_try": 11.924223,
      "close_usd": 0,
      "volume": 0
    },
    {
      "update_date": 1759179600,
      "open": 0,
      "highest": 0,
      "lowest": 0,
      "close": 11.915755,
      "close_try": 11.915755,
      "close_usd": 0,
      "volume": 0
    },
    {
      "update_date": 1759266000,
      "open": 0,
      "highest": 0,
      "lowest": 0,
      "close": 11.941613,
      "close_try": 11.941613,
      "close_usd": 0,
      "volume": 0
    },
    {
      "update_date": 1759352400,
      "open": 0,
      "highest": 0,
      "lowest": 0,
      "close": 11.94688,
      "close_try": 11.94688,
      "close_usd": 0,
      "volume": 0
    },
    {
      "update_date": 1759438800,
      "open": 0,
      "highest": 0,
      "lowest": 0,
      "close": 11.998908,
      "close_try": 11.998908,
      "close_usd": 0,
      "volume": 0
    },
    {
      "update_date": 1759525200,
      "open": 0,
      "highest": 0,
      "lowest": 0,
      "close": 11.998908,
      "close_try": 11.998908,
      "close_usd": 0,
      "volume": 0
    },
    {
      "update_date": 1759611600,
      "open": 0,
      "highest": 0,
      "lowest": 0,
      "close": 11.919179,
      "close_try": 11.919179,
      "close_usd": 0,
      "volume": 0
    },
    {
      "update_date": 1759698000,
      "open": 0,
      "highest": 0,
      "lowest": 0,
      "close": 12.002046,
      "close_try": 12.002046,
      "close_usd": 0,
      "volume": 0
    },
    {
      "update_date": 1759784400,
      "open": 0,
      "highest": 0,
      "lowest": 0,
      "close": 11.974279,
      "close_try": 11.974279,
      "close_usd": 0,
      "volume": 0
    },
    {
      "update_date": 1759870800,
      "open": 0,
      "highest": 0,
      "lowest": 0,
      "close": 11.977408,
      "close_try": 11.977408,
      "close_usd": 0,
      "volume": 0
    },
    {
      "update_date": 1759957200,
      "open": 0,
      "highest": 0,
      "lowest": 0,
      "close": 11.980209,
      "close_try": 11.980209,
      "close_usd": 0,
      "volume": 0
    },
    {
      "update_date": 1760043600,
      "open": 0,
      "highest": 0,
      "lowest": 0,
      "close": 12.007887,
      "close_try": 12.007887,
      "close_usd": 0,
      "volume": 0
    },
    {
      "update_date": 1760130000,
      "open": 0,
      "highest": 0,
      "lowest": 0,
      "close": 12.007887,
      "close_try": 12.007887,
      "close_usd": 0,
      "volume": 0
    },
    {
      "update_date": 1760216400,
      "open": 0,
      "highest": 0,
      "lowest": 0,
      "close": 11.958226,
      "close_try": 11.958226,
      "close_usd": 0,
      "volume": 0
    },
    {
      "update_date": 1760302800,
      "open": 0,
      "highest": 0,
      "lowest": 0,
      "close": 11.971284,
      "close_try": 11.971284,
      "close_usd": 0,
      "volume": 0
    },
    {
      "update_date": 1760389200,
      "open": 0,
      "highest": 0,
      "lowest": 0,
      "close": 11.976459,
      "close_try": 11.976459,
      "close_usd": 0,
      "volume": 0
    },
    {
      "update_date": 1760475600,
      "open": 0,
      "highest": 0,
      "lowest": 0,
      "close": 12.013208,
      "close_try": 12.013208,
      "close_usd": 0,
      "volume": 0
    },
    {
      "update_date": 1760562000,
      "open": 0,
      "highest": 0,
      "lowest": 0,
      "close": 11.98021,
      "close_try": 11.98021,
      "close_usd": 0,
      "volume": 0
    },
    {
      "update_date": 1760648400,
      "open": 0,
      "highest": 0,
      "lowest": 0,
      "close": 11.773697,
      "close_try": 11.773697,
      "close_usd": 0,
      "volume": 0
    }
  ]
}